Provider,TotalClaims,TotalReimbursed,AvgReimbursed,AvgClaimDuration,AvgDaysInHospital,UniquePatients,UniqueAttendPhys,SameAttendOperRate,AvgChronicConds,InpatientRatio,PotentialFraud
PRV51001,25,104640,4185.6,1.44,5.0,24,14,0.0,5.56,0.2,No
PRV51003,132,605670,4588.409090909091,3.6742424242424243,5.161290322580645,117,44,0.2727272727272727,4.545454545454546,0.4696969696969697,Yes
PRV51004,149,52170,350.13422818791946,1.429530201342282,0.0,138,38,0.08053691275167785,4.342281879194631,0.0,No
PRV51005,1165,280910,241.1244635193133,1.088412017167382,0.0,495,6,0.11244635193133047,4.335622317596567,0.0,Yes
PRV51007,72,33710,468.19444444444446,0.9583333333333334,5.333333333333333,58,10,0.09722222222222222,4.166666666666667,0.041666666666666664,No
PRV51008,43,35630,828.6046511627907,1.5348837209302326,4.0,36,10,0.09302325581395349,3.9069767441860463,0.046511627906976744,No
PRV51011,58,16630,286.7241379310345,0.5517241379310345,5.0,53,28,0.15517241379310345,4.586206896551724,0.017241379310344827,No
PRV51012,48,16890,351.875,3.7083333333333335,0.0,31,14,0.16666666666666666,4.625,0.0,No
PRV51013,46,14880,323.4782608695652,1.4565217391304348,0.0,44,9,0.1956521739130435,4.413043478260869,0.0,No
PRV51014,30,10480,349.3333333333333,0.4666666666666667,0.0,25,7,0.16666666666666666,4.333333333333333,0.0,No
PRV51015,8,700,87.5,0.375,0.0,7,3,0.125,6.375,0.0,No
PRV51017,515,142720,277.126213592233,1.3572815533980582,0.0,420,113,0.08932038834951456,4.36504854368932,0.0,No
PRV51021,257,348830,1357.3151750972763,2.0,4.758620689655173,208,69,0.01556420233463035,4.715953307392996,0.11284046692607004,Yes
PRV51023,36,65610,1822.5,3.6666666666666665,3.5555555555555554,35,14,0.1388888888888889,4.361111111111111,0.25,No
PRV51024,39,64050,1642.3076923076924,1.641025641025641,4.333333333333333,38,13,0.10256410256410256,4.717948717948718,0.23076923076923078,No
PRV51025,87,118350,1360.344827586207,2.1724137931034484,7.0,76,35,0.13793103448275862,4.436781609195402,0.14942528735632185,No
PRV51026,76,19840,261.05263157894734,1.0921052631578947,0.0,56,29,0.07894736842105263,4.078947368421052,0.0,No
PRV51027,53,29840,563.0188679245283,2.1320754716981134,0.0,44,10,0.16981132075471697,4.830188679245283,0.0,No
PRV51029,93,30660,329.6774193548387,0.6989247311827957,0.0,79,38,0.11827956989247312,3.913978494623656,0.0,No
PRV51030,171,739760,4326.081871345029,3.198830409356725,4.621951219512195,145,46,0.30409356725146197,4.7894736842105265,0.47953216374269003,No
PRV51031,185,359720,1944.4324324324325,2.0,5.535714285714286,157,60,0.07567567567567568,4.956756756756757,0.15135135135135136,No
PRV51032,23,5420,235.65217391304347,0.9130434782608695,0.0,21,10,0.13043478260869565,4.434782608695652,0.0,No
PRV51035,30,32560,1085.3333333333333,2.2666666666666666,14.0,25,18,0.2,4.933333333333334,0.03333333333333333,No
PRV51036,278,74880,269.3525179856115,1.0503597122302157,0.0,131,5,0.15467625899280577,4.399280575539568,0.0,No
PRV51037,454,342230,753.8105726872246,1.5330396475770924,4.565217391304348,206,3,0.16299559471365638,4.656387665198238,0.05066079295154185,Yes
PRV51038,141,265490,1882.9078014184397,1.7801418439716312,4.033333333333333,107,44,0.0851063829787234,4.843971631205674,0.2127659574468085,No
PRV51040,86,74470,865.9302325581396,1.6627906976744187,10.555555555555555,69,15,0.16279069767441862,4.372093023255814,0.10465116279069768,No
PRV51041,34,7410,217.94117647058823,2.3529411764705883,0.0,31,9,0.11764705882352941,4.088235294117647,0.0,No
PRV51042,142,48050,338.38028169014086,1.232394366197183,0.0,128,52,0.07042253521126761,4.070422535211268,0.0,No
PRV51043,23,4480,194.7826086956522,0.0,0.0,20,6,0.08695652173913043,4.260869565217392,0.0,No
PRV51044,59,21330,361.52542372881356,2.152542372881356,0.0,39,1,0.2033898305084746,4.508474576271187,0.0,No
PRV51045,31,8390,270.64516129032256,2.2580645161290325,0.0,29,16,0.16129032258064516,4.483870967741935,0.0,No
PRV51046,38,109370,2878.157894736842,1.631578947368421,4.5,26,6,0.18421052631578946,5.105263157894737,0.21052631578947367,No
PRV51047,11,2530,230.0,3.090909090909091,0.0,11,10,0.09090909090909091,3.909090909090909,0.0,No
PRV51048,38,27700,728.9473684210526,0.6052631578947368,4.75,33,15,0.07894736842105263,4.921052631578948,0.10526315789473684,No
PRV51049,71,21720,305.9154929577465,1.7887323943661972,0.0,65,35,0.11267605633802817,4.661971830985915,0.0,No
PRV51052,46,30800,669.5652173913044,2.282608695652174,9.0,37,17,0.08695652173913043,4.1521739130434785,0.043478260869565216,Yes
PRV51054,57,15130,265.43859649122805,2.3508771929824563,0.0,40,3,0.15789473684210525,3.456140350877193,0.0,No
PRV51055,22,21640,983.6363636363636,0.5909090909090909,5.5,22,6,0.13636363636363635,4.681818181818182,0.09090909090909091,No
PRV51056,22,14700,668.1818181818181,0.7272727272727273,3.0,21,5,0.13636363636363635,5.545454545454546,0.09090909090909091,No
PRV51058,83,107030,1289.5180722891566,1.3012048192771084,7.4,75,31,0.08433734939759036,4.518072289156627,0.060240963855421686,No
PRV51059,96,421060,4386.041666666667,2.4791666666666665,6.88,82,30,0.0625,4.208333333333333,0.2604166666666667,Yes
PRV51060,42,43710,1040.7142857142858,2.3095238095238093,4.8,42,28,0.047619047619047616,4.523809523809524,0.11904761904761904,No
PRV51061,145,54940,378.8965517241379,2.393103448275862,8.0,67,6,0.1793103448275862,4.062068965517241,0.006896551724137931,No
PRV51062,397,153380,386.3476070528967,1.5969773299748111,4.333333333333333,166,6,0.005037783375314861,4.738035264483627,0.007556675062972292,No
PRV51063,149,51110,343.02013422818794,1.610738255033557,0.0,115,3,0.040268456375838924,4.469798657718121,0.0,No
PRV51064,303,360320,1189.1749174917493,1.9504950495049505,5.305555555555555,227,111,0.07590759075907591,4.702970297029703,0.1188118811881188,Yes
PRV51065,28,76570,2734.6428571428573,2.9285714285714284,5.6,26,9,0.07142857142857142,4.571428571428571,0.35714285714285715,No
PRV51066,24,24790,1032.9166666666667,1.0833333333333333,2.0,21,7,0.25,3.875,0.08333333333333333,No
PRV51067,58,334520,5767.586206896552,2.310344827586207,6.583333333333333,49,21,0.13793103448275862,4.5,0.20689655172413793,Yes
PRV51068,261,143260,548.8888888888889,1.3754789272030652,3.0,214,79,0.06896551724137931,4.287356321839081,0.034482758620689655,No
PRV51070,99,125410,1266.7676767676767,1.9090909090909092,4.1,69,46,0.030303030303030304,3.9696969696969697,0.10101010101010101,No
PRV51071,24,8550,356.25,2.0833333333333335,0.0,24,11,0.08333333333333333,4.875,0.0,No
PRV51072,212,119170,562.122641509434,1.5377358490566038,4.25,160,47,0.08962264150943396,4.433962264150943,0.05660377358490566,No
PRV51074,39,41170,1055.6410256410256,1.8974358974358974,2.6,39,14,0.07692307692307693,4.615384615384615,0.1282051282051282,No
PRV51075,17,8550,502.94117647058823,1.1764705882352942,0.0,13,4,0.17647058823529413,4.470588235294118,0.0,No
PRV51076,29,10230,352.7586206896552,1.1724137931034482,0.0,27,8,0.10344827586206896,4.758620689655173,0.0,No
PRV51077,33,204350,6192.424242424242,4.181818181818182,5.9375,30,11,0.06060606060606061,5.696969696969697,0.48484848484848486,Yes
PRV51078,23,78270,3403.0434782608695,2.652173913043478,6.666666666666667,23,13,0.043478260869565216,4.217391304347826,0.391304347826087,No
PRV51081,200,124080,620.4,1.62,6.0,131,3,0.13,4.615,0.03,No
PRV51082,34,5470,160.88235294117646,1.1764705882352942,0.0,31,9,0.11764705882352941,3.8529411764705883,0.0,No
PRV51083,90,18100,201.11111111111111,1.3777777777777778,0.0,81,18,0.12222222222222222,4.711111111111111,0.0,No
PRV51084,110,215580,1959.8181818181818,1.6727272727272726,5.65,85,32,0.07272727272727272,4.4363636363636365,0.18181818181818182,Yes
PRV51086,139,446170,3209.856115107914,2.7985611510791366,4.838709677419355,115,24,0.18705035971223022,4.41726618705036,0.22302158273381295,No
PRV51089,228,230900,1012.719298245614,1.6929824561403508,5.166666666666667,197,72,0.02631578947368421,4.390350877192983,0.07894736842105263,No
PRV51091,44,9270,210.6818181818182,0.9318181818181818,0.0,44,19,0.06818181818181818,4.5,0.0,No
PRV51093,9,13710,1523.3333333333333,1.4444444444444444,6.0,9,6,0.4444444444444444,4.666666666666667,0.2222222222222222,No
PRV51097,125,44420,355.36,1.744,0.0,71,1,0.176,3.92,0.0,No
PRV51102,12,148000,12333.333333333334,4.0,4.0,11,3,0.25,4.75,1.0,No
PRV51104,12,1900,158.33333333333334,1.1666666666666667,0.0,9,2,0.0,5.0,0.0,No
PRV51105,12,6540,545.0,3.3333333333333335,0.0,12,2,0.16666666666666666,5.083333333333333,0.0,No
PRV51108,19,156000,8210.526315789473,5.2631578947368425,5.2631578947368425,19,6,0.15789473684210525,5.947368421052632,1.0,No
PRV51111,132,54860,415.6060606060606,2.462121212121212,0.0,85,4,0.14393939393939395,4.492424242424242,0.0,No
PRV51112,304,105250,346.2171052631579,1.8453947368421053,0.0,195,7,0.1875,4.3618421052631575,0.0,No
PRV51113,132,46390,351.43939393939394,1.5454545454545454,0.0,78,2,0.20454545454545456,4.257575757575758,0.0,No
PRV51114,262,76720,292.82442748091603,1.1984732824427482,0.0,160,5,0.14885496183206107,4.484732824427481,0.0,No
PRV51117,12,1950,162.5,1.75,0.0,10,4,0.0,5.75,0.0,No
PRV51118,16,136000,8500.0,4.25,4.25,16,4,0.4375,5.0625,1.0,No
PRV51119,95,1080580,11374.526315789473,6.042105263157895,5.9787234042553195,81,8,0.2,5.3578947368421055,0.9894736842105263,Yes
PRV51123,31,26910,868.0645161290323,2.4838709677419355,2.5,28,21,0.16129032258064516,4.290322580645161,0.06451612903225806,No
PRV51125,48,131310,2735.625,2.4791666666666665,4.333333333333333,32,36,0.0625,4.354166666666667,0.25,No
PRV51126,20,177000,8850.0,6.5,6.5,14,2,0.0,5.65,1.0,Yes
PRV51128,50,102220,2044.4,2.34,6.4,38,19,0.14,5.0,0.1,No
PRV51129,96,22920,238.75,1.3541666666666667,0.0,65,54,0.08333333333333333,4.1875,0.0,No
PRV51131,8,1160,145.0,0.0,0.0,8,4,0.125,4.125,0.0,No
PRV51132,8,5330,666.25,1.75,4.0,6,5,0.0,2.375,0.125,No
PRV51134,15,7610,507.3333333333333,2.6666666666666665,0.0,12,3,0.06666666666666667,4.333333333333333,0.0,No
PRV51137,55,16050,291.8181818181818,0.2,7.0,51,23,0.10909090909090909,4.836363636363636,0.01818181818181818,No
PRV51138,26,13430,516.5384615384615,1.5384615384615385,1.0,21,7,0.0,3.923076923076923,0.038461538461538464,No
PRV51139,43,52580,1222.7906976744187,2.4651162790697674,3.857142857142857,42,34,0.13953488372093023,4.372093023255814,0.16279069767441862,No
PRV51140,487,453130,930.4517453798768,2.1047227926078027,6.0212765957446805,394,5,0.0,4.441478439425051,0.09650924024640657,No
PRV51141,71,19490,274.50704225352115,1.732394366197183,0.0,37,8,0.15492957746478872,3.4507042253521125,0.0,No
PRV51142,51,104570,2050.392156862745,1.9215686274509804,7.428571428571429,38,15,0.1568627450980392,4.176470588235294,0.13725490196078433,No
PRV51143,77,20450,265.5844155844156,0.987012987012987,0.0,68,26,0.06493506493506493,3.844155844155844,0.0,No
PRV51144,30,61220,2040.6666666666667,1.8,5.0,29,14,0.16666666666666666,4.233333333333333,0.13333333333333333,No
PRV51145,202,1606350,7952.227722772277,4.900990099009901,5.937888198757764,161,37,0.01485148514851485,5.183168316831683,0.7970297029702971,Yes
PRV51146,352,1680910,4775.3125,3.4232954545454546,5.049382716049383,334,77,0.06534090909090909,4.8352272727272725,0.4602272727272727,Yes
PRV51147,32,8860,276.875,2.5,0.0,32,23,0.0625,3.65625,0.0,No
PRV51148,330,488660,1480.7878787878788,1.8484848484848484,4.029411764705882,263,60,0.11515151515151516,4.415151515151515,0.10303030303030303,Yes
PRV51149,148,1120680,7572.1621621621625,4.6891891891891895,5.612068965517241,136,25,0.46621621621621623,5.412162162162162,0.7837837837837838,Yes
PRV51151,233,201300,863.9484978540772,1.6952789699570816,4.181818181818182,225,97,0.02145922746781116,4.690987124463519,0.0944206008583691,No
PRV51152,83,25770,310.48192771084337,1.7228915662650603,0.0,39,3,0.0,4.686746987951807,0.0,No
PRV51153,87,71490,821.7241379310345,1.4022988505747127,8.75,83,51,0.022988505747126436,4.425287356321839,0.04597701149425287,No
PRV51154,161,45750,284.16149068322983,1.3229813664596273,0.0,147,3,0.19254658385093168,4.472049689440993,0.0,No
PRV51155,115,26330,228.95652173913044,1.0434782608695652,0.0,110,1,0.0,4.113043478260869,0.0,No
PRV51156,542,140640,259.48339483394835,1.367158671586716,0.0,425,3,0.16789667896678967,4.212177121771218,0.0,No
PRV51159,569,797790,1402.091388400703,1.7398945518453428,5.630769230769231,506,99,0.04569420035149385,4.3427065026362035,0.11423550087873462,Yes
PRV51160,114,872020,7649.298245614035,4.87719298245614,5.655555555555556,110,22,0.05263157894736842,5.482456140350878,0.7894736842105263,No
PRV51164,391,556980,1424.5012787723786,1.659846547314578,6.2926829268292686,334,7,0.10485933503836317,4.368286445012788,0.10485933503836317,No
PRV51165,98,329700,3364.285714285714,2.4489795918367347,6.576923076923077,97,62,0.05102040816326531,4.357142857142857,0.2653061224489796,No
PRV51167,190,51980,273.57894736842104,1.7421052631578948,0.0,182,22,0.03684210526315789,4.426315789473684,0.0,No
PRV51168,87,80470,924.9425287356322,0.7701149425287356,5.222222222222222,86,14,0.0,4.413793103448276,0.10344827586206896,No
PRV51169,77,19380,251.6883116883117,1.4935064935064934,0.0,74,51,0.03896103896103896,4.467532467532467,0.0,No
PRV51170,16,145820,9113.75,3.125,6.25,16,8,0.0625,5.1875,0.5,Yes
PRV51171,59,13820,234.23728813559322,1.576271186440678,0.0,59,38,0.03389830508474576,4.4576271186440675,0.0,No
PRV51173,22,96290,4376.818181818182,4.318181818181818,7.857142857142857,21,12,0.0,3.909090909090909,0.3181818181818182,Yes
PRV51175,41,9650,235.3658536585366,0.6585365853658537,0.0,39,21,0.04878048780487805,4.7317073170731705,0.0,No
PRV51176,445,145980,328.0449438202247,2.0651685393258425,0.0,399,128,0.011235955056179775,4.548314606741573,0.0,No
PRV51178,65,431180,6633.538461538462,4.523076923076923,7.970588235294118,64,19,0.03076923076923077,4.676923076923077,0.5230769230769231,Yes
PRV51179,26,5000,192.30769230769232,0.8076923076923077,0.0,26,14,0.07692307692307693,4.1923076923076925,0.0,No
PRV51180,129,94240,730.5426356589147,1.6124031007751938,1.5,86,3,0.16279069767441862,4.410852713178294,0.015503875968992248,No
PRV51181,10,2150,215.0,2.6,0.0,10,5,0.0,4.7,0.0,No
PRV51183,113,355790,3148.5840707964603,2.504424778761062,4.658536585365853,105,8,0.09734513274336283,4.601769911504425,0.36283185840707965,No
PRV51185,8,1590,198.75,0.0,0.0,8,5,0.25,3.875,0.0,No
PRV51189,56,8740,156.07142857142858,0.6071428571428571,0.0,51,11,0.17857142857142858,3.767857142857143,0.0,No
PRV51190,66,39310,595.6060606060606,0.6060606060606061,3.6666666666666665,64,23,0.09090909090909091,4.803030303030303,0.045454545454545456,No
PRV51191,32,10990,343.4375,3.15625,0.0,30,22,0.0,3.65625,0.0,No
PRV51194,9,18540,2060.0,0.6666666666666666,3.0,9,5,0.4444444444444444,3.5555555555555554,0.2222222222222222,No
PRV51196,720,197060,273.69444444444446,1.4027777777777777,0.0,432,1,0.17916666666666667,4.2027777777777775,0.0,No
PRV51200,19,4420,232.6315789473684,1.5789473684210527,0.0,16,4,0.15789473684210525,4.526315789473684,0.0,No
PRV51201,45,10660,236.88888888888889,0.9777777777777777,0.0,41,3,0.06666666666666667,4.355555555555555,0.0,No
PRV51202,12,5010,417.5,3.6666666666666665,0.0,12,5,0.08333333333333333,4.166666666666667,0.0,No
PRV51203,21,15340,730.4761904761905,1.2380952380952381,0.0,20,5,0.09523809523809523,4.095238095238095,0.0,No
PRV51204,499,155180,310.9819639278557,1.6673346693386772,0.0,398,3,0.14228456913827656,4.162324649298597,0.0,No
PRV51205,10,4660,466.0,2.0,0.0,10,6,0.0,4.3,0.0,No
PRV51206,10,1560,156.0,0.6,0.0,10,6,0.0,4.7,0.0,No
PRV51209,42,9910,235.95238095238096,0.8333333333333334,0.0,38,2,0.047619047619047616,4.428571428571429,0.0,No
PRV51210,9,2890,321.1111111111111,0.0,0.0,9,3,0.3333333333333333,3.4444444444444446,0.0,No
PRV51212,15,6260,417.3333333333333,1.9333333333333333,0.0,15,2,0.26666666666666666,5.066666666666666,0.0,No
PRV51214,8,3200,400.0,0.75,0.0,8,3,0.125,4.375,0.0,No
PRV51215,10,1610,161.0,0.7,0.0,10,1,0.0,4.1,0.0,No
PRV51216,71,15560,219.1549295774648,1.8309859154929577,0.0,66,2,0.08450704225352113,4.23943661971831,0.0,No
PRV51219,8,5330,666.25,2.5,0.0,8,3,0.125,4.375,0.0,No
PRV51225,8,1190,148.75,0.0,0.0,8,2,0.125,3.375,0.0,No
PRV51226,20,7430,371.5,1.0,0.0,19,3,0.1,3.8,0.0,No
PRV51229,47,12410,264.0425531914894,1.2127659574468086,0.0,44,2,0.2127659574468085,3.9148936170212765,0.0,No
PRV51230,30,12490,416.3333333333333,1.0,0.0,30,2,0.2,4.8,0.0,No
PRV51238,8,132000,16500.0,13.625,13.625,8,1,0.0,6.375,1.0,No
PRV51240,60,94020,1567.0,2.95,5.545454545454546,38,24,0.11666666666666667,4.15,0.18333333333333332,No
PRV51241,60,90210,1503.5,1.8166666666666667,6.8,47,23,0.06666666666666667,4.916666666666667,0.16666666666666666,No
PRV51242,111,117200,1055.855855855856,1.5855855855855856,5.545454545454546,87,43,0.0990990990990991,4.495495495495495,0.0990990990990991,Yes
PRV51243,36,6330,175.83333333333334,0.6666666666666666,0.0,15,5,0.08333333333333333,4.555555555555555,0.0,No
PRV51244,1415,2153990,1522.2544169611308,1.9201413427561838,5.885,659,16,0.10035335689045936,4.460070671378092,0.1413427561837456,Yes
PRV51245,173,83630,483.4104046242775,1.5260115606936415,2.75,58,30,0.14450867052023122,4.867052023121388,0.023121387283236993,No
PRV51247,34,76240,2242.3529411764707,2.264705882352941,3.8,26,13,0.20588235294117646,4.264705882352941,0.29411764705882354,No
PRV51249,126,521330,4137.539682539683,3.5476190476190474,7.294117647058823,101,36,0.07936507936507936,4.571428571428571,0.40476190476190477,Yes
PRV51250,85,22560,265.4117647058824,1.2352941176470589,0.0,71,32,0.047058823529411764,4.023529411764706,0.0,No
PRV51251,11,3590,326.3636363636364,3.8181818181818183,0.0,10,8,0.09090909090909091,5.0,0.0,No
PRV51252,87,154930,1780.8045977011495,1.7586206896551724,4.111111111111111,76,35,0.034482758620689655,4.655172413793103,0.20689655172413793,No
PRV51253,85,21740,255.76470588235293,1.0235294117647058,0.0,76,40,0.08235294117647059,4.764705882352941,0.0,No
PRV51255,74,40570,548.2432432432432,2.2837837837837838,5.0,62,21,0.14864864864864866,4.472972972972973,0.02702702702702703,No
PRV51256,95,38550,405.7894736842105,1.7473684210526317,0.0,80,38,0.09473684210526316,4.526315789473684,0.0,No
PRV51258,14,99660,7118.571428571428,4.142857142857143,4.5,12,6,0.42857142857142855,5.214285714285714,0.5714285714285714,No
PRV51259,21,151960,7236.190476190476,2.142857142857143,6.25,19,9,0.0,4.285714285714286,0.19047619047619047,No
PRV51260,62,92390,1490.1612903225807,2.629032258064516,8.666666666666666,55,24,0.0967741935483871,4.661290322580645,0.04838709677419355,No
PRV51261,142,270170,1902.605633802817,2.6338028169014085,5.576923076923077,123,48,0.13380281690140844,4.774647887323944,0.18309859154929578,No
PRV51262,60,16270,271.1666666666667,1.2666666666666666,0.0,52,19,0.1,4.816666666666666,0.0,No
PRV51263,44,218170,4958.409090909091,4.75,9.166666666666666,37,10,0.09090909090909091,4.340909090909091,0.4090909090909091,Yes
PRV51264,39,5270,135.12820512820514,0.6153846153846154,0.0,35,22,0.10256410256410256,3.7435897435897436,0.0,No
PRV51265,160,45770,286.0625,1.58125,0.0,84,5,0.225,4.13125,0.0,No
PRV51266,92,102900,1118.4782608695652,1.6630434782608696,6.9,82,47,0.10869565217391304,4.760869565217392,0.10869565217391304,No
PRV51267,14,12870,919.2857142857143,0.42857142857142855,3.0,14,4,0.21428571428571427,5.0,0.14285714285714285,No
PRV51271,123,43180,351.0569105691057,0.8130081300813008,4.0,90,21,0.21951219512195122,4.211382113821138,0.016260162601626018,No
PRV51272,79,50760,642.5316455696203,2.0253164556962027,3.0,31,3,0.22784810126582278,4.291139240506329,0.02531645569620253,No
PRV51273,553,131340,237.50452079566003,1.2513562386980108,0.0,387,131,0.08860759493670886,4.229656419529837,0.0,No
PRV51274,58,175720,3029.655172413793,1.4827586206896552,3.6,48,31,0.05172413793103448,3.9655172413793105,0.1724137931034483,No
PRV51276,67,133980,1999.7014925373135,1.7164179104477613,4.357142857142857,60,42,0.05970149253731343,4.313432835820896,0.208955223880597,No
PRV51277,59,141190,2393.0508474576272,1.8644067796610169,5.0,54,27,0.06779661016949153,4.52542372881356,0.1694915254237288,No
PRV51279,224,59840,267.14285714285717,1.3883928571428572,0.0,186,21,0.15178571428571427,4.446428571428571,0.0,No
PRV51280,39,20250,519.2307692307693,1.3333333333333333,0.0,34,13,0.07692307692307693,3.6923076923076925,0.0,No
PRV51281,259,89470,345.44401544401546,1.393822393822394,0.0,200,3,0.20077220077220076,4.038610038610039,0.0,No
PRV51282,59,77330,1310.677966101695,1.8135593220338984,3.625,51,22,0.13559322033898305,4.491525423728813,0.13559322033898305,No
PRV51284,377,279860,742.3342175066313,1.7135278514588859,5.764705882352941,223,10,0.07427055702917772,4.291777188328912,0.04509283819628647,No
PRV51285,168,196120,1167.3809523809523,1.3869047619047619,7.333333333333333,109,33,0.07142857142857142,4.720238095238095,0.08928571428571429,No
PRV51286,70,145170,2073.8571428571427,1.8,5.2,62,10,0.17142857142857143,4.614285714285714,0.21428571428571427,No
PRV51287,78,25700,329.4871794871795,1.6282051282051282,0.0,46,3,0.15384615384615385,4.833333333333333,0.0,No
PRV51288,8,37360,4670.0,3.25,3.3333333333333335,8,5,0.375,3.75,0.375,No
PRV51289,92,46300,503.2608695652174,3.032608695652174,0.0,38,2,0.22826086956521738,5.6521739130434785,0.0,No
PRV51290,113,14990,132.65486725663717,0.9469026548672567,0.0,81,14,0.168141592920354,4.371681415929204,0.0,No
PRV51292,22,3970,180.45454545454547,3.5454545454545454,0.0,16,7,0.2727272727272727,3.772727272727273,0.0,No
PRV51293,88,21200,240.9090909090909,1.4090909090909092,0.0,64,7,0.22727272727272727,3.9431818181818183,0.0,No
PRV51296,30,38630,1287.6666666666667,2.5,11.666666666666666,27,7,0.06666666666666667,4.166666666666667,0.1,No
PRV51297,70,77090,1101.2857142857142,1.1142857142857143,2.6,46,11,0.18571428571428572,4.714285714285714,0.07142857142857142,No
PRV51298,100,31120,311.2,1.16,0.0,53,2,0.22,3.75,0.0,No
PRV51299,37,6230,168.3783783783784,2.189189189189189,0.0,27,12,0.13513513513513514,4.54054054054054,0.0,No
PRV51300,52,107540,2068.076923076923,2.2115384615384617,3.5714285714285716,32,3,0.1346153846153846,4.730769230769231,0.1346153846153846,No
PRV51301,112,136910,1222.4107142857142,1.25,9.666666666666666,63,7,0.15178571428571427,4.419642857142857,0.05357142857142857,No
PRV51302,43,80710,1876.9767441860465,0.9534883720930233,3.9,34,9,0.23255813953488372,4.3023255813953485,0.23255813953488372,No
PRV51303,93,36110,388.2795698924731,1.3118279569892473,0.0,49,4,0.20430107526881722,4.741935483870968,0.0,No
PRV51304,51,39350,771.5686274509804,0.7450980392156863,4.0,39,12,0.0784313725490196,4.078431372549019,0.0392156862745098,No
PRV51305,49,113400,2314.285714285714,3.0408163265306123,6.2727272727272725,29,2,0.2653061224489796,4.387755102040816,0.22448979591836735,No
PRV51306,17,3700,217.64705882352942,3.411764705882353,0.0,13,2,0.11764705882352941,3.411764705882353,0.0,No
PRV51307,37,6940,187.56756756756758,1.6216216216216217,0.0,21,6,0.1891891891891892,3.7837837837837838,0.0,No
PRV51308,35,13790,394.0,1.5714285714285714,0.0,31,4,0.02857142857142857,3.8,0.0,No
PRV51309,18,3790,210.55555555555554,0.05555555555555555,0.0,17,5,0.05555555555555555,5.222222222222222,0.0,No
PRV51311,21,16010,762.3809523809524,3.3333333333333335,4.0,18,8,0.09523809523809523,3.857142857142857,0.14285714285714285,No
PRV51312,46,28790,625.8695652173913,2.1739130434782608,4.25,29,13,0.21739130434782608,4.282608695652174,0.08695652173913043,No
PRV51313,19,4970,261.57894736842104,0.10526315789473684,0.0,16,6,0.15789473684210525,4.157894736842105,0.0,No
PRV51314,30,6460,215.33333333333334,0.8666666666666667,0.0,20,1,0.13333333333333333,3.7666666666666666,0.0,No
PRV51315,47,7210,153.40425531914894,1.297872340425532,0.0,22,3,0.0425531914893617,3.6808510638297873,0.0,No
PRV51322,12,850,70.83333333333333,0.08333333333333333,0.0,11,1,0.08333333333333333,3.4166666666666665,0.0,No
PRV51323,76,20860,274.4736842105263,0.8947368421052632,0.0,32,1,0.09210526315789473,3.973684210526316,0.0,No
PRV51324,28,9330,333.2142857142857,0.9285714285714286,0.0,25,2,0.21428571428571427,4.214285714285714,0.0,No
PRV51325,15,15140,1009.3333333333334,4.466666666666667,0.0,5,1,0.13333333333333333,4.8,0.0,No
PRV51326,44,14000,318.1818181818182,2.4545454545454546,0.0,22,2,0.18181818181818182,3.1363636363636362,0.0,No
PRV51327,41,8990,219.26829268292684,0.5609756097560976,0.0,27,1,0.24390243902439024,3.4390243902439024,0.0,No
PRV51329,74,19360,261.6216216216216,1.5945945945945945,0.0,28,3,0.14864864864864866,3.891891891891892,0.0,No
PRV51330,19,3810,200.52631578947367,1.4210526315789473,0.0,9,1,0.15789473684210525,4.157894736842105,0.0,No
PRV51335,142,46080,324.50704225352115,1.9295774647887325,0.0,92,16,0.09859154929577464,4.563380281690141,0.0,No
PRV51336,69,129450,1876.0869565217392,2.550724637681159,5.9,69,39,0.057971014492753624,4.536231884057971,0.14492753623188406,No
PRV51337,168,379100,2256.5476190476193,2.1964285714285716,5.075,155,71,0.07738095238095238,4.589285714285714,0.23809523809523808,Yes
PRV51338,128,113860,889.53125,1.6875,5.428571428571429,124,83,0.046875,4.5390625,0.0546875,Yes
PRV51340,151,43210,286.158940397351,1.7417218543046358,0.0,141,80,0.07947019867549669,4.622516556291391,0.0,No
PRV51341,71,14530,204.64788732394365,2.408450704225352,0.0,70,53,0.014084507042253521,3.7183098591549295,0.0,No
PRV51342,207,356780,1723.574879227053,1.9758454106280192,6.178571428571429,179,31,0.10144927536231885,4.473429951690822,0.13526570048309178,No
PRV51344,33,26250,795.4545454545455,2.1818181818181817,6.0,33,18,0.06060606060606061,4.0,0.06060606060606061,No
PRV51345,49,15120,308.57142857142856,2.4285714285714284,0.0,47,12,0.061224489795918366,4.346938775510204,0.0,No
PRV51346,266,104490,392.81954887218046,1.3082706766917294,4.2,246,96,0.16541353383458646,4.635338345864661,0.018796992481203006,No
PRV51347,2067,596900,288.7760038703435,1.2520561199806484,0.0,947,4,0.16884373488147073,4.3580067731011125,0.0,Yes
PRV51348,55,152330,2769.6363636363635,4.218181818181818,4.526315789473684,54,41,0.03636363636363636,5.218181818181818,0.34545454545454546,No
PRV51349,30,40480,1349.3333333333333,3.1,12.2,28,23,0.0,4.6,0.16666666666666666,No
PRV51350,239,213380,892.8033472803347,1.493723849372385,4.476190476190476,232,127,0.012552301255230125,4.677824267782427,0.08786610878661087,No
PRV51351,32,10840,338.75,3.03125,0.0,32,16,0.03125,4.71875,0.0,No
PRV51353,18,51210,2845.0,3.3333333333333335,5.4,17,12,0.1111111111111111,3.9444444444444446,0.2777777777777778,No
PRV51355,74,145060,1960.2702702702702,2.175675675675676,4.266666666666667,69,24,0.22972972972972974,4.351351351351352,0.20270270270270271,No
PRV51356,95,187800,1976.842105263158,1.3157894736842106,4.176470588235294,91,36,0.07368421052631578,4.347368421052631,0.17894736842105263,No
PRV51357,161,205130,1274.0993788819876,1.763975155279503,7.6923076923076925,149,86,0.09316770186335403,4.3229813664596275,0.08074534161490683,Yes
PRV51358,17,61210,3600.5882352941176,1.1764705882352942,2.857142857142857,17,13,0.058823529411764705,4.705882352941177,0.4117647058823529,No
PRV51360,29,94230,3249.310344827586,2.896551724137931,4.333333333333333,29,21,0.034482758620689655,3.586206896551724,0.3103448275862069,No
PRV51361,32,7870,245.9375,0.6875,0.0,32,19,0.0,4.1875,0.0,No
PRV51362,44,151320,3439.090909090909,2.1136363636363638,4.833333333333333,44,22,0.022727272727272728,4.795454545454546,0.13636363636363635,No
PRV51364,23,55830,2427.391304347826,1.608695652173913,3.1666666666666665,23,13,0.0,5.434782608695652,0.2608695652173913,No
PRV51366,57,18340,321.7543859649123,0.8596491228070176,0.0,53,11,0.17543859649122806,4.771929824561403,0.0,No
PRV51369,2083,601910,288.96303408545367,1.5885741718674988,0.0,963,2,0.17378780604896785,4.526644263082093,0.0,Yes
PRV51371,46,93130,2024.5652173913043,2.0217391304347827,4.818181818181818,45,21,0.1956521739130435,4.478260869565218,0.2391304347826087,No
PRV51376,51,19420,380.7843137254902,1.8823529411764706,0.0,48,23,0.17647058823529413,4.313725490196078,0.0,No
PRV51377,95,123950,1304.7368421052631,1.5789473684210527,6.666666666666667,94,47,0.07368421052631578,4.2105263157894735,0.031578947368421054,No
PRV51378,161,1215370,7548.88198757764,4.484472049689441,6.0092592592592595,133,42,0.043478260869565216,5.304347826086956,0.6708074534161491,Yes
PRV51379,22,19340,879.0909090909091,0.22727272727272727,2.5,22,21,0.045454545454545456,4.409090909090909,0.09090909090909091,No
PRV51380,8,51560,6445.0,2.25,4.25,8,8,0.125,4.375,0.5,No
PRV51382,16,6840,427.5,2.6875,0.0,16,7,0.1875,4.6875,0.0,No
PRV51383,77,108490,1408.9610389610389,1.7142857142857142,3.0,77,29,0.12987012987012986,5.194805194805195,0.11688311688311688,No
PRV51386,382,99320,260.0,1.450261780104712,0.0,274,18,0.08900523560209424,4.316753926701571,0.0,No
PRV51387,59,114420,1939.322033898305,1.2881355932203389,3.3076923076923075,51,22,0.1016949152542373,5.406779661016949,0.22033898305084745,No
PRV51388,86,191010,2221.046511627907,2.4186046511627906,6.142857142857143,81,35,0.08139534883720931,4.6976744186046515,0.16279069767441862,No
PRV51389,79,153470,1942.6582278481012,2.3037974683544302,5.055555555555555,77,46,0.012658227848101266,4.1265822784810124,0.22784810126582278,No
PRV51390,275,1607260,5844.581818181819,4.330909090909091,5.9939024390243905,253,71,0.39636363636363636,5.072727272727272,0.5963636363636363,Yes
PRV51391,177,144400,815.819209039548,1.4519774011299436,5.769230769230769,166,70,0.1016949152542373,4.435028248587571,0.07344632768361582,No
PRV51392,17,1660,97.6470588235294,1.7058823529411764,0.0,15,9,0.058823529411764705,5.0,0.0,No
PRV51393,910,906370,996.010989010989,1.589010989010989,6.044117647058823,329,14,0.10329670329670329,4.1219780219780215,0.07472527472527472,Yes
PRV51395,20,10400,520.0,2.5,0.0,20,5,0.15,4.5,0.0,No
PRV51396,44,17520,398.1818181818182,1.75,4.0,43,26,0.06818181818181818,3.909090909090909,0.06818181818181818,No
PRV51397,40,17870,446.75,0.75,0.0,40,30,0.15,4.275,0.0,No
PRV51398,86,31040,360.93023255813955,1.3953488372093024,4.0,59,14,0.1744186046511628,4.651162790697675,0.011627906976744186,No
PRV51399,211,845070,4005.071090047393,2.5165876777251186,5.861538461538461,199,56,0.10426540284360189,4.758293838862559,0.3080568720379147,Yes
PRV51401,42,91520,2179.0476190476193,3.357142857142857,7.25,42,34,0.16666666666666666,4.976190476190476,0.19047619047619047,Yes
PRV51403,114,277010,2429.9122807017543,1.7719298245614035,6.9,101,39,0.02631578947368421,4.5701754385964914,0.08771929824561403,No
PRV51404,59,29350,497.45762711864404,1.3220338983050848,6.0,59,37,0.06779661016949153,4.237288135593221,0.01694915254237288,No
PRV51405,49,23710,483.8775510204082,0.7959183673469388,3.5,47,18,0.10204081632653061,4.163265306122449,0.04081632653061224,No
PRV51406,29,104260,3595.1724137931033,3.0,4.375,29,19,0.10344827586206896,4.896551724137931,0.27586206896551724,No
PRV51408,15,1390,92.66666666666667,0.3333333333333333,0.0,15,10,0.13333333333333333,3.466666666666667,0.0,No
PRV51410,628,177550,282.7229299363057,1.4426751592356688,0.0,186,7,0.05573248407643312,4.7165605095541405,0.0,Yes
PRV51414,28,30230,1079.642857142857,1.6428571428571428,6.0,28,9,0.07142857142857142,5.25,0.10714285714285714,No
PRV51415,51,63690,1248.8235294117646,2.6470588235294117,4.285714285714286,50,33,0.09803921568627451,4.588235294117647,0.13725490196078433,No
PRV51416,81,25640,316.5432098765432,2.6419753086419755,0.0,79,1,0.1728395061728395,4.160493827160494,0.0,No
PRV51418,61,189340,3103.934426229508,3.4098360655737703,7.235294117647059,61,39,0.01639344262295082,4.819672131147541,0.2786885245901639,No
PRV51419,65,31250,480.7692307692308,1.7076923076923076,2.5,64,40,0.07692307692307693,4.369230769230769,0.03076923076923077,No
PRV51421,139,884780,6365.323741007194,4.676258992805756,6.071428571428571,135,39,0.08633093525179857,4.884892086330935,0.60431654676259,Yes
PRV51422,25,48930,1957.2,5.8,2.5,25,15,0.04,5.6,0.16,No
PRV51424,86,29670,345.0,1.2674418604651163,3.0,82,34,0.16279069767441862,4.337209302325581,0.011627906976744186,No
PRV51425,33,25990,787.5757575757576,1.1515151515151516,3.3333333333333335,33,14,0.18181818181818182,4.787878787878788,0.09090909090909091,No
PRV51426,206,145100,704.3689320388349,1.1359223300970873,6.833333333333333,91,30,0.0970873786407767,4.742718446601942,0.02912621359223301,Yes
PRV51427,58,58770,1013.2758620689655,1.9137931034482758,4.6,56,25,0.06896551724137931,4.310344827586207,0.08620689655172414,No
PRV51428,66,48040,727.8787878787879,1.2121212121212122,3.0,66,43,0.0,4.636363636363637,0.06060606060606061,No
PRV51429,10,1100,110.0,0.0,0.0,10,9,0.0,2.7,0.0,No
PRV51430,112,213700,1908.0357142857142,1.6517857142857142,4.352941176470588,101,35,0.07142857142857142,4.285714285714286,0.15178571428571427,No
PRV51431,49,236720,4831.0204081632655,5.448979591836735,6.2,42,14,0.1836734693877551,4.979591836734694,0.5102040816326531,No
PRV51432,23,59270,2576.9565217391305,0.8260869565217391,2.4285714285714284,23,19,0.13043478260869565,4.3478260869565215,0.30434782608695654,No
PRV51433,1610,454630,282.37888198757764,1.5627329192546584,0.0,862,4,0.024844720496894408,4.502484472049689,0.0,Yes
PRV51434,102,280490,2749.901960784314,1.9411764705882353,6.041666666666667,97,49,0.0784313725490196,4.754901960784314,0.23529411764705882,Yes
PRV51435,23,33620,1461.7391304347825,1.434782608695652,2.1666666666666665,23,15,0.13043478260869565,3.739130434782609,0.2608695652173913,No
PRV51436,120,193410,1611.75,2.033333333333333,4.92,116,79,0.008333333333333333,4.741666666666666,0.20833333333333334,No
PRV51438,9,19510,2167.777777777778,5.0,4.5,9,7,0.1111111111111111,4.444444444444445,0.2222222222222222,No
PRV51439,42,15040,358.0952380952381,0.38095238095238093,0.0,41,25,0.14285714285714285,4.404761904761905,0.0,No
PRV51440,71,106380,1498.3098591549297,2.4788732394366195,6.714285714285714,71,25,0.11267605633802817,4.197183098591549,0.09859154929577464,No
PRV51441,85,29130,342.70588235294116,1.8235294117647058,0.0,79,24,0.09411764705882353,3.9058823529411764,0.0,No
PRV51443,73,33900,464.3835616438356,1.6575342465753424,4.5,72,26,0.1095890410958904,4.5479452054794525,0.0273972602739726,No
PRV51444,42,73920,1760.0,2.6904761904761907,4.75,40,31,0.047619047619047616,4.666666666666667,0.09523809523809523,No
PRV51446,24,97390,4057.9166666666665,2.6666666666666665,5.166666666666667,24,20,0.041666666666666664,4.708333333333333,0.5,No
PRV51447,89,269390,3026.85393258427,2.202247191011236,6.8125,80,77,0.011235955056179775,4.382022471910112,0.1797752808988764,Yes
PRV51448,51,115550,2265.6862745098038,1.9019607843137254,4.363636363636363,47,37,0.058823529411764705,4.9411764705882355,0.21568627450980393,No
PRV51449,17,69780,4104.705882352941,3.0,5.333333333333333,17,14,0.0,5.176470588235294,0.5294117647058824,No
PRV51453,12,7080,590.0,0.6666666666666666,0.0,12,11,0.08333333333333333,5.333333333333333,0.0,No
PRV51454,34,10630,312.6470588235294,2.735294117647059,0.0,32,19,0.058823529411764705,4.705882352941177,0.0,No
PRV51455,34,113650,3342.6470588235293,2.5588235294117645,7.333333333333333,34,26,0.08823529411764706,4.588235294117647,0.2647058823529412,No
PRV51456,135,1038990,7696.222222222223,4.940740740740741,5.866071428571429,124,10,0.48148148148148145,5.288888888888889,0.8296296296296296,No
PRV51458,56,12440,222.14285714285714,0.16071428571428573,0.0,55,31,0.07142857142857142,4.410714285714286,0.0,No
PRV51459,8240,2321890,281.78276699029124,1.4007281553398059,0.0,2857,7,0.11529126213592233,4.354733009708738,0.0,Yes
PRV51460,452,334480,740.0,1.3539823008849559,6.588235294117647,413,64,0.1592920353982301,4.2234513274336285,0.03761061946902655,No
PRV51462,30,9430,314.3333333333333,1.2333333333333334,0.0,29,14,0.13333333333333333,4.833333333333333,0.0,No
PRV51464,145,38530,265.7241379310345,0.8482758620689655,0.0,143,86,0.0896551724137931,4.096551724137931,0.0,No
PRV51466,74,57860,781.8918918918919,3.391891891891892,5.8,71,45,0.0,4.837837837837838,0.06756756756756757,No
PRV51467,25,74260,2970.4,2.04,7.142857142857143,25,13,0.04,4.48,0.28,No
PRV51468,159,138670,872.1383647798742,1.440251572327044,4.2,151,68,0.06289308176100629,4.39622641509434,0.09433962264150944,No
PRV51469,28,9350,333.92857142857144,1.0,0.0,28,21,0.03571428571428571,5.25,0.0,No
PRV51470,27,35590,1318.148148148148,2.1481481481481484,3.3333333333333335,27,16,0.07407407407407407,4.814814814814815,0.1111111111111111,No
PRV51471,180,1602210,8901.166666666666,4.883333333333334,5.285714285714286,173,17,0.005555555555555556,5.616666666666666,0.8944444444444445,Yes
PRV51472,16,2170,135.625,2.1875,0.0,16,8,0.0625,4.3125,0.0,No
PRV51474,71,411260,5792.394366197183,3.295774647887324,4.658536585365853,65,16,0.028169014084507043,5.140845070422535,0.5774647887323944,No
PRV51475,43,73130,1700.6976744186047,2.2093023255813953,3.909090909090909,42,23,0.09302325581395349,4.674418604651163,0.2558139534883721,No
PRV51476,18,20180,1121.111111111111,2.111111111111111,5.666666666666667,18,13,0.1111111111111111,4.333333333333333,0.16666666666666666,No
PRV51477,22,9940,451.8181818181818,1.5909090909090908,0.0,22,11,0.045454545454545456,3.772727272727273,0.0,No
PRV51478,17,3930,231.1764705882353,4.411764705882353,0.0,16,10,0.11764705882352941,4.588235294117647,0.0,No
PRV51479,228,134630,590.4824561403509,1.9035087719298245,3.8461538461538463,217,64,0.10964912280701754,4.473684210526316,0.05701754385964912,No
PRV51480,1924,557880,289.95841995841994,1.5602910602910602,0.0,759,4,0.002079002079002079,4.500519750519751,0.0,Yes
PRV51482,91,218470,2400.769230769231,1.4725274725274726,6.2727272727272725,90,60,0.03296703296703297,4.571428571428571,0.12087912087912088,Yes
PRV51483,77,60400,784.4155844155844,1.12987012987013,3.0,75,44,0.12987012987012986,4.909090909090909,0.07792207792207792,No
PRV51484,86,23570,274.06976744186045,0.7906976744186046,3.5,75,28,0.11627906976744186,4.988372093023256,0.023255813953488372,No
PRV51486,214,53660,250.74766355140187,0.9252336448598131,0.0,132,15,0.08878504672897196,4.0046728971962615,0.0,No
PRV51487,13,9240,710.7692307692307,0.0,0.0,12,8,0.0,5.0,0.0,No
PRV51488,272,108930,400.4779411764706,1.625,3.6666666666666665,260,119,0.11397058823529412,4.580882352941177,0.011029411764705883,No
PRV51490,64,442070,6907.34375,4.046875,4.895833333333333,56,9,0.359375,5.4375,0.75,Yes
PRV51491,71,67480,950.4225352112676,2.1549295774647885,2.875,63,39,0.04225352112676056,4.605633802816901,0.11267605633802817,No
PRV51492,81,150550,1858.641975308642,2.0864197530864197,4.785714285714286,80,46,0.08641975308641975,4.7407407407407405,0.1728395061728395,No
PRV51494,38,17450,459.2105263157895,1.3421052631578947,0.0,37,25,0.21052631578947367,4.105263157894737,0.0,No
PRV51495,141,845690,5997.801418439716,4.950354609929078,6.211111111111111,127,32,0.028368794326241134,4.907801418439717,0.6382978723404256,Yes
PRV51496,123,29250,237.8048780487805,1.1382113821138211,0.0,105,5,0.15447154471544716,4.5528455284552845,0.0,No
PRV51497,15,104190,6946.0,2.7333333333333334,6.25,15,13,0.0,4.933333333333334,0.26666666666666666,No
PRV51499,474,137840,290.80168776371306,1.4831223628691983,2.5,341,5,0.09915611814345991,4.189873417721519,0.004219409282700422,No
PRV51500,8,1100,137.5,0.0,0.0,8,5,0.0,5.75,0.0,No
PRV51501,233,2071310,8889.742489270386,5.459227467811159,5.677130044843049,217,11,0.03862660944206009,5.351931330472103,0.9570815450643777,Yes
PRV51502,31,8390,270.64516129032256,3.838709677419355,0.0,31,22,0.0,4.645161290322581,0.0,No
PRV51503,57,24070,422.280701754386,1.1754385964912282,0.0,52,8,0.14035087719298245,4.508771929824562,0.0,No
PRV51504,128,35290,275.703125,1.546875,0.0,123,56,0.0703125,4.125,0.0,No
PRV51505,15,2430,162.0,0.26666666666666666,0.0,15,15,0.0,5.4,0.0,No
PRV51507,1013,337340,333.01085883514315,1.3840078973346495,8.166666666666666,726,84,0.1539980256663376,4.486673247778874,0.005923000987166831,Yes
PRV51508,202,239050,1183.4158415841584,1.7079207920792079,3.5833333333333335,191,99,0.07425742574257425,4.247524752475248,0.0594059405940594,No
PRV51509,1030,322130,312.747572815534,1.4893203883495145,0.0,493,2,0.0854368932038835,4.4524271844660195,0.0,No
PRV51510,57,20020,351.2280701754386,2.5789473684210527,0.0,52,12,0.12280701754385964,4.87719298245614,0.0,No
PRV51511,16,8760,547.5,1.5,0.0,16,13,0.0,4.4375,0.0,No
PRV51514,93,239220,2572.2580645161293,2.89247311827957,6.571428571428571,88,56,0.043010752688172046,4.397849462365591,0.22580645161290322,No
PRV51515,48,52800,1100.0,2.5,11.0,48,30,0.0625,4.604166666666667,0.10416666666666667,No
PRV51516,40,33260,831.5,1.225,3.0,39,25,0.05,4.0,0.075,No
PRV51517,11,5990,544.5454545454545,1.9090909090909092,0.0,11,2,0.0,4.090909090909091,0.0,No
PRV51518,53,43920,828.6792452830189,0.7735849056603774,5.2,48,14,0.2641509433962264,4.830188679245283,0.09433962264150944,No
PRV51521,46,8070,175.43478260869566,0.4782608695652174,0.0,39,1,0.15217391304347827,4.456521739130435,0.0,No
PRV51522,190,206780,1088.3157894736842,2.168421052631579,5.416666666666667,169,72,0.06842105263157895,4.594736842105263,0.06315789473684211,No
PRV51523,65,733810,11289.384615384615,5.138461538461539,5.566666666666666,65,7,0.3384615384615385,5.153846153846154,0.9230769230769231,No
PRV51525,61,75770,1242.1311475409836,2.3114754098360657,8.4,61,45,0.04918032786885246,3.9836065573770494,0.08196721311475409,No
PRV51526,20,43150,2157.5,3.5,4.142857142857143,20,18,0.1,4.6,0.35,No
PRV51527,41,12410,302.6829268292683,1.170731707317073,0.0,40,26,0.17073170731707318,4.512195121951219,0.0,No
PRV51528,17,6670,392.3529411764706,1.1764705882352942,0.0,17,10,0.11764705882352941,4.823529411764706,0.0,No
PRV51529,23,5800,252.17391304347825,0.8695652173913043,0.0,23,18,0.08695652173913043,4.695652173913044,0.0,No
PRV51531,34,9870,290.29411764705884,1.9705882352941178,0.0,23,21,0.14705882352941177,4.794117647058823,0.0,No
PRV51532,32,70930,2216.5625,3.34375,9.166666666666666,30,27,0.03125,4.9375,0.1875,No
PRV51533,36,96350,2676.3888888888887,5.055555555555555,10.846153846153847,36,23,0.05555555555555555,4.527777777777778,0.3611111111111111,No
PRV51535,388,121350,312.75773195876286,1.4948453608247423,5.5,306,63,0.16494845360824742,4.311855670103093,0.005154639175257732,No
PRV51536,16,41550,2596.875,2.1875,3.75,16,12,0.0625,4.125,0.25,No
PRV51539,538,854240,1587.806691449814,1.6524163568773234,5.840579710144928,488,241,0.06691449814126393,4.421933085501859,0.12825278810408922,Yes
PRV51540,55,66940,1217.090909090909,0.9818181818181818,5.285714285714286,54,35,0.0,4.763636363636364,0.12727272727272726,No
PRV51541,51,12140,238.0392156862745,0.6078431372549019,0.0,51,32,0.0392156862745098,4.411764705882353,0.0,No
PRV51542,113,964660,8536.814159292035,4.964601769911504,5.806451612903226,97,18,0.02654867256637168,5.486725663716814,0.8230088495575221,Yes
PRV51544,233,480150,2060.7296137339054,2.3218884120171674,4.911111111111111,227,134,0.06437768240343347,4.76824034334764,0.19313304721030042,No
PRV51546,36,110930,3081.3888888888887,2.5,6.777777777777778,35,29,0.027777777777777776,4.444444444444445,0.25,No
PRV51547,13,2640,203.07692307692307,1.8461538461538463,0.0,13,8,0.0,5.0,0.0,No
PRV51549,21,82110,3910.0,4.285714285714286,8.625,21,18,0.09523809523809523,4.523809523809524,0.38095238095238093,No
PRV51550,61,124040,2033.4426229508197,3.081967213114754,8.0,53,22,0.06557377049180328,4.852459016393443,0.26229508196721313,No
PRV51551,28,112800,4028.5714285714284,2.0,7.6,27,11,0.07142857142857142,4.678571428571429,0.17857142857142858,No
PRV51552,62,94040,1516.774193548387,1.064516129032258,3.1,62,40,0.03225806451612903,4.306451612903226,0.16129032258064516,No
PRV51553,21,40990,1951.904761904762,2.5238095238095237,5.333333333333333,21,15,0.14285714285714285,3.9047619047619047,0.2857142857142857,No
PRV51555,15,2910,194.0,0.6,0.0,15,7,0.26666666666666666,4.333333333333333,0.0,No
PRV51556,56,138250,2468.75,3.1964285714285716,7.8,56,47,0.017857142857142856,4.589285714285714,0.17857142857142858,No
PRV51557,10,16740,1674.0,1.0,3.0,10,9,0.0,4.7,0.1,No
PRV51558,26,25870,995.0,1.1538461538461537,4.2,25,20,0.038461538461538464,4.923076923076923,0.19230769230769232,No
PRV51560,238,1956190,8219.285714285714,5.26890756302521,5.965,204,26,0.5168067226890757,5.373949579831932,0.8403361344537815,Yes
PRV51562,24,5820,242.5,1.8333333333333333,0.0,24,9,0.08333333333333333,5.0,0.0,No
PRV51563,19,4280,225.26315789473685,0.3684210526315789,0.0,19,13,0.05263157894736842,4.7368421052631575,0.0,No
PRV51564,24,9100,379.1666666666667,1.6666666666666667,0.0,24,14,0.20833333333333334,4.125,0.0,No
PRV51566,26,90030,3462.6923076923076,3.6923076923076925,4.6,25,18,0.0,6.038461538461538,0.5769230769230769,No
PRV51567,1632,465400,285.171568627451,1.2628676470588236,0.0,827,1,0.0,4.318627450980392,0.0,Yes
PRV51568,58,105010,1810.5172413793102,2.8793103448275863,5.444444444444445,57,44,0.017241379310344827,4.362068965517241,0.15517241379310345,No
PRV51571,22,4640,210.9090909090909,0.0,0.0,22,2,0.3181818181818182,4.7727272727272725,0.0,No
PRV51573,92,66730,725.3260869565217,1.7717391304347827,5.0,76,11,0.010869565217391304,4.315217391304348,0.05434782608695652,No
PRV51574,4444,1281810,288.4360936093609,1.4228172817281728,0.0,1715,8,0.06818181818181818,4.527902790279028,0.0,Yes
PRV51576,65,97780,1504.3076923076924,2.4307692307692306,4.8,65,31,0.15384615384615385,4.476923076923077,0.07692307692307693,No
PRV51578,1500,1662920,1108.6133333333332,1.8006666666666666,6.131147540983607,1280,231,0.017333333333333333,4.378666666666667,0.08133333333333333,Yes
PRV51579,72,247680,3440.0,2.7222222222222223,4.666666666666667,66,34,0.125,5.013888888888889,0.25,No
PRV51583,47,32430,690.0,1.5957446808510638,3.5,46,10,0.1276595744680851,4.085106382978723,0.0425531914893617,No
PRV51584,82,171930,2096.7073170731705,2.3292682926829267,6.0,78,36,0.0975609756097561,4.329268292682927,0.15853658536585366,Yes
PRV51586,8,72510,9063.75,5.875,7.833333333333333,8,7,0.0,4.75,0.75,Yes
PRV51588,10,58430,5843.0,1.6,5.0,9,7,0.3,4.9,0.3,No
PRV51590,84,781380,9302.142857142857,5.238095238095238,5.432098765432099,82,4,0.0,5.083333333333333,0.9642857142857143,Yes
PRV51593,54,150000,2777.777777777778,2.740740740740741,8.833333333333334,54,36,0.05555555555555555,4.685185185185185,0.2222222222222222,Yes
PRV51595,24,14660,610.8333333333334,1.125,3.0,22,9,0.0,4.333333333333333,0.041666666666666664,No
PRV51596,50,41830,836.6,1.18,9.333333333333334,50,39,0.12,3.92,0.06,No
PRV51598,422,779530,1847.2274881516587,1.8744075829383886,6.147540983606557,399,208,0.037914691943127965,4.42654028436019,0.14454976303317535,No
PRV51600,109,36050,330.73394495412845,1.4678899082568808,3.3333333333333335,103,9,0.12844036697247707,4.834862385321101,0.027522935779816515,No
PRV51601,14,3690,263.57142857142856,1.4285714285714286,0.0,14,6,0.14285714285714285,4.0,0.0,No
PRV51602,39,77480,1986.6666666666667,2.051282051282051,5.0,38,20,0.07692307692307693,5.487179487179487,0.3076923076923077,No
PRV51604,329,697510,2120.091185410334,2.43161094224924,7.04,257,3,0.1580547112462006,4.382978723404255,0.1519756838905775,Yes
PRV51605,72,46990,652.6388888888889,1.7916666666666667,4.2,70,6,0.125,4.083333333333333,0.06944444444444445,No
PRV51606,46,66100,1436.9565217391305,2.130434782608696,5.0,45,23,0.10869565217391304,4.608695652173913,0.21739130434782608,No
PRV51607,15,15410,1027.3333333333333,0.6666666666666666,9.0,15,5,0.13333333333333333,5.0,0.06666666666666667,No
PRV51608,37,78140,2111.891891891892,1.837837837837838,5.333333333333333,37,23,0.02702702702702703,4.675675675675675,0.24324324324324326,No
PRV51609,75,110790,1477.2,2.68,10.75,70,46,0.09333333333333334,4.8533333333333335,0.16,No
PRV51611,8,2780,347.5,2.5,0.0,8,2,0.375,3.125,0.0,No
PRV51612,13,66770,5136.153846153846,5.538461538461538,12.0,13,8,0.0,4.3076923076923075,0.46153846153846156,No
PRV51613,21,20450,973.8095238095239,1.9047619047619047,5.25,21,15,0.0,4.857142857142857,0.19047619047619047,No
PRV51614,268,1472150,5493.0970149253735,3.388059701492537,4.756756756756757,243,67,0.3694029850746269,4.7835820895522385,0.5522388059701493,Yes
PRV51616,26,6120,235.3846153846154,1.5,0.0,26,24,0.038461538461538464,4.653846153846154,0.0,No
PRV51617,22,111270,5057.727272727273,5.0,9.181818181818182,22,10,0.045454545454545456,4.5,0.5,No
PRV51619,19,78150,4113.1578947368425,5.2105263157894735,9.875,18,9,0.0,5.473684210526316,0.42105263157894735,No
PRV51620,8,21190,2648.75,1.75,4.666666666666667,8,4,0.0,5.25,0.375,No
PRV51621,9,530,58.888888888888886,0.0,0.0,9,5,0.1111111111111111,4.111111111111111,0.0,No
PRV51622,103,101690,987.2815533980582,1.3495145631067962,4.444444444444445,94,40,0.04854368932038835,4.553398058252427,0.08737864077669903,No
PRV51623,21,56350,2683.3333333333335,1.619047619047619,4.571428571428571,21,15,0.047619047619047616,5.095238095238095,0.3333333333333333,No
PRV51626,9,36920,4102.222222222223,3.6666666666666665,3.0,9,8,0.0,3.2222222222222223,0.1111111111111111,No
PRV51627,26,44860,1725.3846153846155,2.923076923076923,7.0,26,7,0.07692307692307693,4.153846153846154,0.11538461538461539,No
PRV51629,22,213000,9681.818181818182,6.318181818181818,6.318181818181818,20,10,0.18181818181818182,5.090909090909091,1.0,No
PRV51632,26,26850,1032.6923076923076,4.346153846153846,4.0,25,10,0.11538461538461539,4.1923076923076925,0.15384615384615385,No
PRV51634,119,71090,597.3949579831933,0.9915966386554622,4.2,116,30,0.08403361344537816,4.504201680672269,0.04201680672268908,No
PRV51635,29,28120,969.6551724137931,1.3793103448275863,6.0,29,23,0.06896551724137931,4.310344827586207,0.034482758620689655,No
PRV51636,316,180020,569.6835443037975,1.3132911392405062,10.333333333333334,187,9,0.17721518987341772,4.6265822784810124,0.00949367088607595,No
PRV51637,34,43440,1277.6470588235295,2.1470588235294117,4.714285714285714,34,19,0.058823529411764705,4.205882352941177,0.20588235294117646,No
PRV51639,29,112520,3880.0,1.8620689655172413,3.0,29,23,0.06896551724137931,5.586206896551724,0.41379310344827586,No
PRV51641,14,1700,121.42857142857143,0.0,0.0,13,7,0.0,5.5,0.0,No
PRV51642,29,10460,360.6896551724138,0.7931034482758621,2.0,25,16,0.10344827586206896,4.068965517241379,0.034482758620689655,No
PRV51644,24,16490,687.0833333333334,1.625,5.0,24,9,0.16666666666666666,3.9583333333333335,0.041666666666666664,No
PRV51647,12,44940,3745.0,4.416666666666667,5.5,12,6,0.3333333333333333,5.083333333333333,0.5,No
PRV51650,24,13290,553.75,1.5416666666666667,0.0,23,2,0.125,3.4166666666666665,0.0,No
PRV51652,64,17600,275.0,2.59375,0.0,49,2,0.171875,5.0,0.0,No
PRV51653,24,8530,355.4166666666667,2.625,0.0,24,2,0.16666666666666666,4.208333333333333,0.0,No
PRV51656,23,4860,211.30434782608697,2.0434782608695654,0.0,23,1,0.13043478260869565,4.521739130434782,0.0,No
PRV51661,134,47570,355.0,2.253731343283582,0.0,89,4,0.1865671641791045,4.574626865671642,0.0,No
PRV51664,10,790,79.0,0.0,0.0,10,7,0.0,4.6,0.0,No
PRV51665,15,3810,254.0,1.8666666666666667,0.0,15,2,0.13333333333333333,3.8,0.0,No
PRV51668,38,9020,237.3684210526316,0.21052631578947367,0.0,27,7,0.10526315789473684,4.973684210526316,0.0,No
PRV51669,76,21060,277.10526315789474,2.6184210526315788,0.0,74,29,0.10526315789473684,4.407894736842105,0.0,No
PRV51670,436,122850,281.76605504587155,1.3188073394495412,8.0,286,72,0.10091743119266056,4.068807339449541,0.0022935779816513763,No
PRV51671,39,8490,217.69230769230768,0.717948717948718,0.0,39,14,0.1282051282051282,4.333333333333333,0.0,No
PRV51673,183,51180,279.672131147541,1.0437158469945356,0.0,77,1,0.16393442622950818,3.907103825136612,0.0,No
PRV51675,28,7690,274.64285714285717,1.3571428571428572,0.0,28,9,0.03571428571428571,4.5,0.0,No
PRV51676,138,91920,666.0869565217391,1.434782608695652,7.0,126,22,0.043478260869565216,4.478260869565218,0.021739130434782608,No
PRV51678,66,25540,386.969696969697,1.3484848484848484,0.0,64,23,0.18181818181818182,4.46969696969697,0.0,No
PRV51679,38,39420,1037.3684210526317,1.5263157894736843,10.0,16,7,0.21052631578947367,4.2631578947368425,0.05263157894736842,No
PRV51681,26,69130,2658.846153846154,2.0384615384615383,12.0,26,9,0.15384615384615385,4.8076923076923075,0.038461538461538464,No
PRV51682,16,9110,569.375,1.625,0.0,16,7,0.1875,6.0,0.0,No
PRV51685,55,11830,215.0909090909091,0.32727272727272727,0.0,40,4,0.10909090909090909,4.090909090909091,0.0,No
PRV51687,10,2530,253.0,2.1,0.0,6,4,0.3,4.8,0.0,No
PRV51688,9,22660,2517.777777777778,0.6666666666666666,3.0,9,5,0.0,5.222222222222222,0.2222222222222222,No
PRV51690,255,125280,491.29411764705884,1.5607843137254902,8.857142857142858,221,27,0.13725490196078433,4.447058823529412,0.027450980392156862,No
PRV51691,88,26790,304.4318181818182,1.2727272727272727,0.0,49,4,0.19318181818181818,4.318181818181818,0.0,No
PRV51692,11,970,88.18181818181819,0.09090909090909091,0.0,11,1,0.18181818181818182,4.545454545454546,0.0,No
PRV51693,113,21100,186.72566371681415,0.911504424778761,0.0,51,1,0.09734513274336283,3.5929203539823007,0.0,No
PRV51694,26,5940,228.46153846153845,0.038461538461538464,0.0,21,1,0.15384615384615385,3.923076923076923,0.0,No
PRV51695,429,113180,263.8228438228438,1.393939393939394,0.0,177,1,0.16083916083916083,4.375291375291376,0.0,No
PRV51696,9,730,81.11111111111111,0.7777777777777778,0.0,9,3,0.2222222222222222,4.333333333333333,0.0,No
PRV51697,63,21600,342.85714285714283,2.253968253968254,0.0,54,2,0.2222222222222222,4.698412698412699,0.0,No
PRV51698,13,1910,146.92307692307693,1.6923076923076923,0.0,13,2,0.0,4.461538461538462,0.0,No
PRV51699,209,53760,257.2248803827751,1.2535885167464116,0.0,131,1,0.13875598086124402,4.110047846889952,0.0,No
PRV51702,10,3230,323.0,0.0,0.0,10,4,0.1,4.5,0.0,No
PRV51707,12,270,22.5,1.6666666666666667,0.0,12,1,0.0,5.083333333333333,0.0,No
PRV51709,10,1610,161.0,0.0,0.0,10,9,0.1,3.8,0.0,No
PRV51710,17,121080,7122.35294117647,3.3529411764705883,4.071428571428571,17,11,0.0,6.0588235294117645,0.8235294117647058,No
PRV51713,13,1380,106.15384615384616,0.3076923076923077,0.0,13,2,0.23076923076923078,4.153846153846154,0.0,No
PRV51715,12,67340,5611.666666666667,1.3333333333333333,5.333333333333333,12,6,0.25,3.8333333333333335,0.25,No
PRV51716,82,23030,280.8536585365854,0.6707317073170732,0.0,64,3,0.17073170731707318,4.560975609756097,0.0,No
PRV51718,8,2170,271.25,2.5,0.0,8,2,0.25,3.5,0.0,No
PRV51723,16,5340,333.75,1.25,0.0,16,3,0.1875,3.9375,0.0,No
PRV51726,21,6790,323.3333333333333,3.0952380952380953,0.0,21,2,0.2857142857142857,4.0,0.0,No
PRV51729,19,3740,196.8421052631579,0.5789473684210527,0.0,19,3,0.15789473684210525,4.473684210526316,0.0,No
PRV51731,38,8720,229.47368421052633,1.8421052631578947,0.0,38,3,0.10526315789473684,5.052631578947368,0.0,No
PRV51732,12,6960,580.0,2.0833333333333335,0.0,12,2,0.16666666666666666,3.3333333333333335,0.0,No
PRV51734,20,7900,395.0,1.0,0.0,20,1,0.1,4.1,0.0,No
PRV51736,21,5620,267.6190476190476,0.0,0.0,21,2,0.19047619047619047,4.9523809523809526,0.0,No
PRV51737,152,50300,330.92105263157896,1.3157894736842106,0.0,106,4,0.18421052631578946,4.4605263157894735,0.0,No
PRV51738,16,850,53.125,0.6875,0.0,14,2,0.0625,3.0,0.0,No
PRV51739,74,13700,185.13513513513513,0.5135135135135135,0.0,72,6,0.12162162162162163,4.648648648648648,0.0,No
PRV51740,57,14010,245.78947368421052,1.9473684210526316,0.0,51,3,0.08771929824561403,4.12280701754386,0.0,No
PRV51741,35,5190,148.28571428571428,2.057142857142857,0.0,34,2,0.08571428571428572,4.3428571428571425,0.0,No
PRV51742,13,2830,217.69230769230768,1.6153846153846154,0.0,13,4,0.3076923076923077,4.923076923076923,0.0,No
PRV51743,118,29380,248.98305084745763,0.4491525423728814,0.0,115,1,0.17796610169491525,4.228813559322034,0.0,No
PRV51745,13,2290,176.15384615384616,0.3076923076923077,0.0,12,3,0.15384615384615385,3.4615384615384617,0.0,No
PRV51746,26,10490,403.46153846153845,2.576923076923077,0.0,25,3,0.11538461538461539,4.115384615384615,0.0,No
PRV51748,18,8060,447.77777777777777,1.6111111111111112,0.0,18,1,0.1111111111111111,5.0,0.0,No
PRV51752,87,32740,376.32183908045977,1.9425287356321839,0.0,69,3,0.13793103448275862,4.528735632183908,0.0,No
PRV51754,9,2120,235.55555555555554,0.0,0.0,9,1,0.1111111111111111,3.7777777777777777,0.0,No
PRV51759,13,1090,83.84615384615384,1.5384615384615385,0.0,13,2,0.07692307692307693,5.0,0.0,No
PRV51761,11,1870,170.0,1.9090909090909092,0.0,11,2,0.45454545454545453,4.454545454545454,0.0,No
PRV51762,14,3100,221.42857142857142,0.07142857142857142,0.0,14,2,0.14285714285714285,4.285714285714286,0.0,No
PRV51763,11,3960,360.0,0.6363636363636364,0.0,11,1,0.2727272727272727,4.0,0.0,No
PRV51764,33,6060,183.63636363636363,1.5151515151515151,0.0,33,1,0.24242424242424243,4.363636363636363,0.0,No
PRV51765,14,2870,205.0,0.07142857142857142,0.0,14,2,0.14285714285714285,3.7857142857142856,0.0,No
PRV51766,23,2290,99.56521739130434,2.260869565217391,0.0,23,1,0.08695652173913043,4.0,0.0,No
PRV51767,12,4060,338.3333333333333,0.08333333333333333,0.0,12,2,0.3333333333333333,3.9166666666666665,0.0,No
PRV51769,15,4800,320.0,0.2,0.0,15,7,0.2,4.733333333333333,0.0,No
PRV51770,15,6820,454.6666666666667,1.6666666666666667,0.0,15,10,0.2,3.7333333333333334,0.0,No
PRV51771,40,8530,213.25,0.675,0.0,34,1,0.15,3.525,0.0,No
PRV51775,39,9610,246.4102564102564,0.46153846153846156,0.0,36,1,0.15384615384615385,4.641025641025641,0.0,No
PRV51776,54,12640,234.07407407407408,0.9629629629629629,0.0,31,1,0.09259259259259259,3.6666666666666665,0.0,No
PRV51779,24,7690,320.4166666666667,1.7083333333333333,0.0,22,4,0.2916666666666667,4.625,0.0,No
PRV51780,34,5120,150.58823529411765,0.0,0.0,16,2,0.058823529411764705,4.147058823529412,0.0,No
PRV51781,24,3000,125.0,1.7916666666666667,0.0,20,1,0.25,4.666666666666667,0.0,No
PRV51784,8,3820,477.5,3.125,0.0,7,2,0.25,5.125,0.0,No
PRV51788,139,38790,279.0647482014389,1.0359712230215827,0.0,85,1,0.16546762589928057,4.985611510791367,0.0,No
PRV51789,32,6940,216.875,0.15625,0.0,28,1,0.15625,4.03125,0.0,No
PRV51790,76,18580,244.47368421052633,0.9210526315789473,0.0,74,7,0.0,4.842105263157895,0.0,No
PRV51792,46,21390,465.0,2.4130434782608696,0.0,26,3,0.15217391304347827,4.391304347826087,0.0,No
PRV51793,25,5000,200.0,2.12,0.0,12,1,0.12,5.4,0.0,No
PRV51794,11,2020,183.63636363636363,3.1818181818181817,0.0,11,1,0.09090909090909091,4.454545454545454,0.0,No
PRV51795,36,7510,208.61111111111111,1.3611111111111112,0.0,26,3,0.027777777777777776,4.5,0.0,No
PRV51798,10,1420,142.0,0.1,0.0,8,1,0.3,3.6,0.0,No
PRV51801,20,5030,251.5,0.1,0.0,20,1,0.2,4.7,0.0,No
PRV51802,24,4930,205.41666666666666,1.9583333333333333,0.0,22,1,0.041666666666666664,4.291666666666667,0.0,No
PRV51809,27,242020,8963.703703703704,5.888888888888889,5.888888888888889,26,1,0.0,5.333333333333333,1.0,No
PRV51811,15,199000,13266.666666666666,5.466666666666667,5.466666666666667,15,1,0.6,5.133333333333334,1.0,No
PRV51813,10,110000,11000.0,8.1,8.1,10,2,0.4,5.0,1.0,No
PRV51818,29,267000,9206.896551724138,6.0,6.0,27,3,0.2413793103448276,5.379310344827586,1.0,Yes
PRV51821,10,138000,13800.0,11.5,11.5,10,1,0.0,5.9,1.0,No
PRV51823,11,44530,4048.181818181818,3.8181818181818183,5.125,11,2,0.18181818181818182,4.909090909090909,0.7272727272727273,No
PRV51824,10,59900,5990.0,6.9,6.9,9,4,0.1,6.6,1.0,No
PRV51826,21,265000,12619.047619047618,5.809523809523809,5.809523809523809,20,3,0.38095238095238093,5.238095238095238,1.0,Yes
PRV51827,18,130000,7222.222222222223,6.722222222222222,6.722222222222222,17,1,0.5,6.055555555555555,1.0,No
PRV51828,11,111000,10090.90909090909,3.3636363636363638,3.3636363636363638,11,3,0.0,6.0,1.0,No
PRV51836,1794,505000,281.4938684503902,1.5512820512820513,0.0,644,4,0.15997770345596432,4.229096989966555,0.0,Yes
PRV51837,104,200310,1926.0576923076924,2.3653846153846154,7.0,99,69,0.038461538461538464,4.019230769230769,0.14423076923076922,No
PRV51838,200,54000,270.0,1.045,0.0,169,96,0.12,4.38,0.0,No
PRV51840,118,380600,3225.423728813559,2.9661016949152543,5.948717948717949,111,38,0.0423728813559322,4.406779661016949,0.3305084745762712,Yes
PRV51841,56,132310,2362.6785714285716,1.7678571428571428,5.875,52,29,0.03571428571428571,4.821428571428571,0.14285714285714285,No
PRV51842,294,1220600,4151.700680272109,3.078231292517007,4.897435897435898,223,86,0.14625850340136054,4.459183673469388,0.3979591836734694,Yes
PRV51843,50,18810,376.2,1.6,0.0,36,12,0.18,3.84,0.0,No
PRV51845,45,110280,2450.6666666666665,1.9777777777777779,4.7272727272727275,40,15,0.26666666666666666,4.133333333333334,0.24444444444444444,No
PRV51846,29,19070,657.5862068965517,1.2413793103448276,4.5,25,9,0.06896551724137931,4.413793103448276,0.06896551724137931,No
PRV51847,42,9420,224.28571428571428,0.8333333333333334,0.0,38,23,0.09523809523809523,3.9047619047619047,0.0,No
PRV51848,57,15680,275.0877192982456,0.8947368421052632,0.0,55,23,0.05263157894736842,4.280701754385965,0.0,No
PRV51849,146,50620,346.71232876712327,1.0410958904109588,3.0,111,51,0.03424657534246575,4.068493150684931,0.02054794520547945,No
PRV51851,472,669490,1418.4110169491526,1.7923728813559323,4.773584905660377,336,7,0.07627118644067797,4.396186440677966,0.11228813559322035,Yes
PRV51852,19,7740,407.36842105263156,0.15789473684210525,0.0,18,11,0.05263157894736842,4.105263157894737,0.0,No
PRV51855,120,145170,1209.75,2.058333333333333,3.75,92,33,0.11666666666666667,4.05,0.13333333333333333,No
PRV51856,117,31500,269.2307692307692,1.7606837606837606,0.0,107,57,0.05982905982905983,4.111111111111111,0.0,No
PRV51857,57,383490,6727.894736842105,2.824561403508772,5.1923076923076925,47,24,0.017543859649122806,5.035087719298246,0.45614035087719296,Yes
PRV51858,61,14380,235.7377049180328,1.5245901639344261,0.0,59,19,0.08196721311475409,4.180327868852459,0.0,No
PRV51859,65,15500,238.46153846153845,1.4307692307692308,0.0,60,16,0.13846153846153847,4.153846153846154,0.0,No
PRV51860,776,244610,315.21907216494844,1.2951030927835052,5.5,351,8,0.08247422680412371,4.216494845360825,0.005154639175257732,No
PRV51861,21,2760,131.42857142857142,0.9047619047619048,0.0,20,11,0.0,4.095238095238095,0.0,No
PRV51862,20,92870,4643.5,2.25,4.75,20,17,0.1,4.2,0.4,No
PRV51863,73,286700,3927.3972602739727,3.8904109589041096,7.894736842105263,66,46,0.0958904109589041,5.123287671232877,0.2602739726027397,No
PRV51864,133,91090,684.8872180451128,1.0300751879699248,2.8333333333333335,75,13,0.045112781954887216,4.195488721804511,0.045112781954887216,No
PRV51865,28,11670,416.7857142857143,0.9285714285714286,0.0,27,11,0.03571428571428571,3.75,0.0,No
PRV51867,102,32130,315.0,1.4313725490196079,0.0,97,65,0.09803921568627451,4.147058823529412,0.0,No
PRV51868,144,1099710,7636.875,4.138888888888889,5.45,123,35,0.006944444444444444,4.770833333333333,0.6944444444444444,Yes
PRV51869,21,26480,1260.952380952381,0.42857142857142855,4.5,21,11,0.047619047619047616,4.095238095238095,0.09523809523809523,No
PRV51870,55,19290,350.72727272727275,1.1272727272727272,0.0,54,26,0.03636363636363636,3.8727272727272726,0.0,No
PRV51871,30,5920,197.33333333333334,1.5333333333333334,0.0,29,17,0.13333333333333333,4.533333333333333,0.0,No
PRV51872,24,8840,368.3333333333333,0.0,0.0,23,19,0.08333333333333333,3.875,0.0,No
PRV51873,144,341480,2371.3888888888887,1.7430555555555556,6.038461538461538,130,69,0.013888888888888888,4.104166666666667,0.18055555555555555,Yes
PRV51874,44,11290,256.59090909090907,0.6136363636363636,0.0,42,12,0.045454545454545456,4.659090909090909,0.0,No
PRV51876,61,242320,3972.4590163934427,3.540983606557377,6.944444444444445,57,38,0.16393442622950818,4.540983606557377,0.29508196721311475,Yes
PRV51878,12,3110,259.1666666666667,3.3333333333333335,0.0,12,11,0.0,4.916666666666667,0.0,No
PRV51879,105,40710,387.7142857142857,1.9619047619047618,0.0,36,2,0.21904761904761905,4.085714285714285,0.0,No
PRV51884,44,84530,1921.1363636363637,1.2954545454545454,6.2,44,17,0.045454545454545456,3.75,0.11363636363636363,No
PRV51885,85,25670,302.0,2.411764705882353,0.0,49,11,0.07058823529411765,4.741176470588235,0.0,No
PRV51886,18,2160,120.0,1.2222222222222223,0.0,5,2,0.16666666666666666,4.277777777777778,0.0,No
PRV51890,21,14510,690.952380952381,2.0476190476190474,2.0,18,7,0.23809523809523808,4.809523809523809,0.047619047619047616,No
PRV51894,20,9210,460.5,0.55,0.0,20,11,0.25,4.55,0.0,No
PRV51895,18,3730,207.22222222222223,2.0,0.0,8,6,0.05555555555555555,4.611111111111111,0.0,No
PRV51897,65,10930,168.15384615384616,1.0307692307692307,0.0,38,12,0.16923076923076924,4.769230769230769,0.0,No
PRV51898,59,12520,212.20338983050848,0.6949152542372882,3.0,49,17,0.15254237288135594,4.508474576271187,0.01694915254237288,No
PRV51899,23,5500,239.1304347826087,2.0,0.0,16,4,0.13043478260869565,3.9565217391304346,0.0,No
PRV51905,257,82540,321.16731517509726,1.11284046692607,0.0,85,1,0.23735408560311283,4.151750972762646,0.0,No
PRV51906,22,2730,124.0909090909091,0.8181818181818182,0.0,8,1,0.22727272727272727,3.6363636363636362,0.0,No
PRV51908,22,14270,648.6363636363636,3.4545454545454546,0.0,22,2,0.18181818181818182,4.090909090909091,0.0,No
PRV51909,16,3460,216.25,2.0,0.0,16,6,0.0,3.875,0.0,No
PRV51910,82,27950,340.8536585365854,2.024390243902439,0.0,49,3,0.17073170731707318,4.2073170731707314,0.0,No
PRV51911,93,25540,274.6236559139785,1.7419354838709677,0.0,56,2,0.13978494623655913,4.053763440860215,0.0,No
PRV51914,11,1680,152.72727272727272,0.0,0.0,11,3,0.09090909090909091,3.3636363636363638,0.0,No
PRV51915,20,6170,308.5,0.55,0.0,16,3,0.15,4.05,0.0,No
PRV51916,43,7290,169.53488372093022,0.5116279069767442,0.0,13,1,0.18604651162790697,4.6976744186046515,0.0,No
PRV51917,11,970,88.18181818181819,1.8181818181818181,0.0,9,1,0.18181818181818182,3.909090909090909,0.0,No
PRV51920,18,100700,5594.444444444444,3.4444444444444446,6.0,18,3,0.3888888888888889,4.277777777777778,0.5,Yes
PRV51921,70,19290,275.57142857142856,0.45714285714285713,0.0,24,1,0.15714285714285714,4.142857142857143,0.0,No
PRV51922,24,5090,212.08333333333334,0.041666666666666664,0.0,11,7,0.20833333333333334,4.958333333333333,0.0,No
PRV51923,9,1040,115.55555555555556,2.5555555555555554,0.0,7,2,0.1111111111111111,4.111111111111111,0.0,No
PRV51924,50,15710,314.2,0.78,0.0,25,6,0.24,4.92,0.0,No
PRV51926,32,13870,433.4375,0.71875,0.0,30,5,0.0625,4.65625,0.0,No
PRV51928,30,7140,238.0,1.5333333333333334,0.0,30,9,0.06666666666666667,5.0,0.0,No
PRV51929,111,106630,960.6306306306307,2.684684684684685,3.125,109,40,0.22522522522522523,4.504504504504505,0.07207207207207207,No
PRV51931,46,18430,400.6521739130435,1.1304347826086956,3.0,45,21,0.043478260869565216,4.3478260869565215,0.021739130434782608,No
PRV51932,21,31970,1522.3809523809523,2.0952380952380953,13.5,21,8,0.09523809523809523,4.904761904761905,0.09523809523809523,No
PRV51933,57,14370,252.10526315789474,1.6140350877192982,0.0,56,44,0.017543859649122806,4.175438596491228,0.0,No
PRV51934,111,27270,245.67567567567568,1.3783783783783783,0.0,111,18,0.04504504504504504,4.666666666666667,0.0,No
PRV51935,57,38280,671.578947368421,1.4035087719298245,7.666666666666667,55,39,0.07017543859649122,4.421052631578948,0.05263157894736842,No
PRV51936,20,4770,238.5,1.6,0.0,20,18,0.1,4.65,0.0,No
PRV51937,90,18270,203.0,1.5222222222222221,0.0,87,45,0.05555555555555555,4.288888888888889,0.0,No
PRV51938,106,42020,396.41509433962267,1.4622641509433962,3.5,95,3,0.16037735849056603,4.386792452830188,0.018867924528301886,No
PRV51940,251,1992270,7937.330677290836,4.852589641434263,5.787564766839378,227,21,0.02390438247011952,5.163346613545817,0.7689243027888446,Yes
PRV51941,27,17990,666.2962962962963,1.1481481481481481,2.5,27,20,0.037037037037037035,4.407407407407407,0.07407407407407407,No
PRV51942,53,11880,224.1509433962264,0.5849056603773585,0.0,52,31,0.16981132075471697,4.377358490566038,0.0,No
PRV51943,89,28970,325.5056179775281,0.4157303370786517,2.0,85,58,0.0,4.303370786516854,0.011235955056179775,No
PRV51944,124,96100,775.0,2.532258064516129,8.4,111,49,0.08870967741935484,4.612903225806452,0.04032258064516129,No
PRV51946,91,201370,2212.8571428571427,2.4505494505494507,4.6521739130434785,89,54,0.04395604395604396,4.747252747252747,0.25274725274725274,No
PRV51947,28,24090,860.3571428571429,1.4642857142857142,14.0,27,20,0.0,4.857142857142857,0.03571428571428571,No
PRV51948,515,1519950,2951.359223300971,2.586407766990291,5.5874125874125875,354,8,0.21941747572815534,4.541747572815534,0.27766990291262134,Yes
PRV51949,71,260140,3663.943661971831,2.6901408450704225,6.2631578947368425,68,20,0.2112676056338028,4.577464788732394,0.2676056338028169,No
PRV51950,69,45770,663.3333333333334,2.0434782608695654,7.666666666666667,68,16,0.08695652173913043,4.231884057971015,0.043478260869565216,No
PRV51951,102,473010,4637.35294117647,3.0294117647058822,5.270833333333333,87,41,0.11764705882352941,5.264705882352941,0.47058823529411764,Yes
PRV51952,19,2470,130.0,2.1052631578947367,0.0,19,7,0.0,4.105263157894737,0.0,No
PRV51954,643,450930,701.2908242612752,1.4510108864696734,5.739130434782608,577,183,0.15863141524105753,4.199066874027994,0.03576982892690513,No
PRV51956,14,24110,1722.142857142857,3.142857142857143,12.0,14,9,0.14285714285714285,4.0,0.14285714285714285,No
PRV51957,79,210190,2660.6329113924053,2.6202531645569622,4.875,77,45,0.02531645569620253,4.518987341772152,0.3037974683544304,No
PRV51958,29,11000,379.3103448275862,1.1724137931034482,1.0,29,17,0.13793103448275862,4.793103448275862,0.034482758620689655,No
PRV51959,751,213350,284.08788282290277,1.1065246338215713,0.0,398,4,0.12916111850865514,4.177097203728362,0.0,No
PRV51960,48,266640,5555.0,2.8333333333333335,4.761904761904762,45,6,0.041666666666666664,5.1875,0.4375,No
PRV51961,159,46610,293.1446540880503,1.578616352201258,0.0,137,2,0.1949685534591195,4.238993710691824,0.0,No
PRV51963,54,13630,252.40740740740742,1.7222222222222223,0.0,48,1,0.1111111111111111,4.148148148148148,0.0,No
PRV51964,17,2440,143.52941176470588,0.0,0.0,17,2,0.058823529411764705,4.352941176470588,0.0,No
PRV51965,19,2680,141.05263157894737,0.3157894736842105,0.0,18,3,0.3684210526315789,4.947368421052632,0.0,No
PRV51967,57,16830,295.2631578947368,0.7894736842105263,0.0,53,4,0.14035087719298245,4.052631578947368,0.0,No
PRV51969,42,15450,367.85714285714283,2.3095238095238093,0.0,39,2,0.16666666666666666,4.976190476190476,0.0,No
PRV51970,35,25410,726.0,0.5714285714285714,0.0,32,1,0.2571428571428571,4.714285714285714,0.0,No
PRV51972,35,9460,270.2857142857143,3.3142857142857145,0.0,34,3,0.2571428571428571,3.857142857142857,0.0,No
PRV51973,74,19060,257.56756756756755,1.5,0.0,63,2,0.12162162162162163,4.797297297297297,0.0,No
PRV51979,13,136000,10461.538461538461,5.076923076923077,5.076923076923077,12,1,0.5384615384615384,6.076923076923077,1.0,Yes
PRV51983,40,7050,176.25,1.925,0.0,39,25,0.075,4.625,0.0,No
PRV51984,525,160780,306.247619047619,1.9085714285714286,0.0,337,34,0.05142857142857143,4.445714285714286,0.0,No
PRV51988,37,12230,330.5405405405405,2.8378378378378377,0.0,32,2,0.2972972972972973,4.621621621621622,0.0,No
PRV51989,18,4060,225.55555555555554,0.05555555555555555,0.0,18,1,0.3333333333333333,4.0,0.0,No
PRV51990,89,18690,210.0,0.6404494382022472,0.0,49,4,0.14606741573033707,3.7865168539325844,0.0,No
PRV51991,31,9570,308.7096774193548,2.3870967741935485,0.0,30,2,0.22580645161290322,4.774193548387097,0.0,No
PRV51992,61,10790,176.88524590163934,0.8524590163934426,0.0,54,2,0.18032786885245902,3.8688524590163933,0.0,No
PRV51994,33,11780,356.969696969697,2.0303030303030303,0.0,31,4,0.21212121212121213,4.454545454545454,0.0,No
PRV51995,20,9700,485.0,1.0,0.0,20,2,0.15,3.8,0.0,No
PRV51996,41,10070,245.609756097561,2.0,0.0,38,4,0.12195121951219512,4.024390243902439,0.0,No
PRV51998,28,5360,191.42857142857142,1.25,0.0,28,2,0.21428571428571427,4.071428571428571,0.0,No
PRV51999,17,2660,156.47058823529412,0.058823529411764705,0.0,17,3,0.17647058823529413,3.823529411764706,0.0,No
PRV52001,1177,320620,272.4044180118946,1.372982158028887,0.0,744,13,0.16907391673746813,4.3313508920985555,0.0,No
PRV52002,188,343260,1825.8510638297873,2.484042553191489,6.958333333333333,180,107,0.07446808510638298,4.446808510638298,0.1276595744680851,Yes
PRV52003,154,806950,5239.935064935065,2.8701298701298703,4.584415584415584,144,51,0.2857142857142857,5.136363636363637,0.5,No
PRV52004,47,15680,333.6170212765957,1.5106382978723405,0.0,41,1,0.0,4.425531914893617,0.0,No
PRV52007,18,1910,106.11111111111111,1.0,0.0,18,2,0.16666666666666666,3.5555555555555554,0.0,No
PRV52008,25,4830,193.2,1.72,0.0,24,3,0.24,4.08,0.0,No
PRV52009,35,5770,164.85714285714286,0.3142857142857143,0.0,33,4,0.17142857142857143,4.714285714285714,0.0,No
PRV52011,26,7070,271.9230769230769,0.5769230769230769,0.0,23,8,0.15384615384615385,4.730769230769231,0.0,No
PRV52013,62,14210,229.19354838709677,1.3548387096774193,0.0,56,15,0.12903225806451613,4.435483870967742,0.0,No
PRV52014,351,93890,267.4928774928775,1.5242165242165242,0.0,299,113,0.07692307692307693,4.336182336182336,0.0,No
PRV52017,280,304770,1088.4642857142858,2.3607142857142858,4.478260869565218,262,48,0.14642857142857144,4.614285714285714,0.08214285714285714,No
PRV52019,1961,5996050,3057.6491585925546,2.493625701172871,5.9147286821705425,1734,643,0.13717491075981642,4.6945436002039775,0.2631310555838858,Yes
PRV52020,606,1164820,1922.145214521452,1.9504950495049505,5.228260869565218,577,93,0.041254125412541254,4.5627062706270625,0.15181518151815182,Yes
PRV52021,613,1951850,3184.094616639478,2.9543230016313213,5.762430939226519,570,128,0.20880913539967375,4.774877650897227,0.29526916802610115,Yes
PRV52022,66,17770,269.24242424242425,2.0454545454545454,0.0,66,21,0.07575757575757576,4.651515151515151,0.0,No
PRV52025,119,35190,295.7142857142857,0.8739495798319328,0.0,117,42,0.17647058823529413,4.65546218487395,0.0,No
PRV52026,24,6960,290.0,2.5833333333333335,0.0,23,11,0.20833333333333334,4.791666666666667,0.0,No
PRV52027,181,402620,2224.4198895027625,2.022099447513812,5.456521739130435,179,89,0.08839779005524862,4.475138121546961,0.2541436464088398,No
PRV52028,18,69530,3862.777777777778,0.7777777777777778,3.5,18,9,0.05555555555555555,4.444444444444445,0.2222222222222222,No
PRV52029,168,166610,991.7261904761905,1.630952380952381,4.454545454545454,159,63,0.06547619047619048,4.660714285714286,0.06547619047619048,No
PRV52030,2275,681360,299.4989010989011,1.3085714285714285,13.25,1179,20,0.06593406593406594,4.463736263736264,0.0017582417582417582,Yes
PRV52031,125,37770,302.16,0.808,1.0,112,49,0.096,4.312,0.008,No
PRV52032,627,698640,1114.2583732057417,1.4896331738437,4.732142857142857,568,103,0.13078149920255183,4.518341307814992,0.08931419457735247,Yes
PRV52037,171,52660,307.953216374269,1.5380116959064327,0.0,159,86,0.04678362573099415,4.409356725146199,0.0,No
PRV52038,259,240630,929.073359073359,1.5096525096525097,3.8636363636363638,217,85,0.0888030888030888,4.521235521235521,0.08494208494208494,No
PRV52039,50,10170,203.4,0.52,0.0,46,9,0.06,4.44,0.0,No
PRV52041,1885,604980,320.9442970822281,1.4450928381962864,0.0,918,8,0.13421750663129972,4.338461538461538,0.0,Yes
PRV52042,52,27720,533.0769230769231,0.25,3.0,50,16,0.19230769230769232,4.4423076923076925,0.019230769230769232,No
PRV52044,79,408830,5175.06329113924,3.8734177215189876,6.0,75,39,0.0,5.050632911392405,0.5443037974683544,No
PRV52045,243,577030,2374.6090534979426,2.0411522633744856,5.326086956521739,231,128,0.02880658436213992,4.551440329218107,0.18930041152263374,Yes
PRV52046,101,28190,279.1089108910891,1.5742574257425743,0.0,98,42,0.07920792079207921,4.772277227722772,0.0,No
PRV52047,24,148550,6189.583333333333,4.75,5.466666666666667,21,3,0.0,5.875,0.625,No
PRV52048,108,38820,359.44444444444446,2.037037037037037,0.0,98,65,0.1388888888888889,4.898148148148148,0.0,No
PRV52049,192,55850,290.8854166666667,1.8125,0.0,189,75,0.036458333333333336,4.520833333333333,0.0,No
PRV52051,89,35290,396.5168539325843,1.0561797752808988,0.0,88,41,0.11235955056179775,4.213483146067416,0.0,No
PRV52052,58,48580,837.5862068965517,1.0344827586206897,2.4,56,12,0.0,4.293103448275862,0.08620689655172414,No
PRV52054,240,78490,327.0416666666667,1.5666666666666667,0.0,232,121,0.0,4.270833333333333,0.0,No
PRV52055,203,51010,251.2807881773399,1.6206896551724137,0.0,148,35,0.08866995073891626,4.354679802955665,0.0,No
PRV52056,60,17280,288.0,2.0,0.0,52,13,0.05,4.416666666666667,0.0,No
PRV52057,185,173770,939.2972972972973,1.372972972972973,7.0,164,48,0.06486486486486487,4.108108108108108,0.05405405405405406,No
PRV52058,204,55450,271.8137254901961,2.176470588235294,0.0,199,70,0.07352941176470588,4.519607843137255,0.0,No
PRV52059,1287,540810,420.2097902097902,1.473970473970474,7.461538461538462,430,17,0.03496503496503497,4.539238539238539,0.010101010101010102,Yes
PRV52061,131,31790,242.67175572519085,1.3969465648854962,0.0,121,50,0.05343511450381679,4.465648854961832,0.0,No
PRV52062,184,56860,309.0217391304348,1.0706521739130435,0.0,181,70,0.11413043478260869,4.733695652173913,0.0,No
PRV52063,792,1116210,1409.3560606060605,1.928030303030303,5.363636363636363,728,142,0.09595959595959595,4.52020202020202,0.1111111111111111,No
PRV52064,2844,1119680,393.69901547116734,1.5327004219409284,4.868421052631579,1536,65,0.1308016877637131,4.438115330520394,0.013361462728551337,Yes
PRV52065,325,1250280,3847.0153846153844,2.624615384615385,4.870689655172414,316,131,0.04923076923076923,4.929230769230769,0.3569230769230769,Yes
PRV52066,1455,386530,265.65635738831617,1.3402061855670102,0.0,630,3,0.18281786941580755,4.684536082474227,0.0,Yes
PRV52068,48,13080,272.5,0.7708333333333334,0.0,48,25,0.14583333333333334,3.6041666666666665,0.0,No
PRV52069,88,22280,253.1818181818182,1.8977272727272727,0.0,84,42,0.10227272727272728,5.034090909090909,0.0,No
PRV52071,749,259850,346.92923898531376,1.520694259012016,0.0,328,29,0.037383177570093455,4.558077436582109,0.0,No
PRV52072,132,421030,3189.621212121212,2.1666666666666665,5.512195121951219,124,47,0.022727272727272728,4.590909090909091,0.3106060606060606,No
PRV52073,64,359250,5613.28125,3.125,4.964285714285714,63,14,0.078125,4.96875,0.4375,No
PRV52074,141,161600,1146.099290780142,1.3617021276595744,4.454545454545454,134,49,0.1276595744680851,4.191489361702128,0.07801418439716312,No
PRV52076,221,554060,2507.0588235294117,2.9004524886877827,4.875,199,96,0.058823529411764705,4.8144796380090495,0.25339366515837103,No
PRV52077,1156,1364150,1180.060553633218,1.7396193771626298,5.548076923076923,695,12,0.1522491349480969,4.4956747404844295,0.08996539792387544,Yes
PRV52079,33,45100,1366.6666666666667,3.3636363636363638,6.571428571428571,31,22,0.030303030303030304,4.9393939393939394,0.21212121212121213,No
PRV52081,24,28270,1177.9166666666667,1.625,6.0,24,17,0.08333333333333333,4.291666666666667,0.125,No
PRV52082,8,880,110.0,0.0,0.0,8,5,0.0,5.125,0.0,No
PRV52084,34,107750,3169.1176470588234,1.9705882352941178,5.0,32,22,0.17647058823529413,4.823529411764706,0.29411764705882354,No
PRV52085,824,240620,292.0145631067961,1.4526699029126213,0.0,747,144,0.05218446601941747,4.327669902912621,0.0,No
PRV52087,56,20350,363.39285714285717,1.4464285714285714,3.5,44,23,0.05357142857142857,4.678571428571429,0.03571428571428571,No
PRV52088,44,24990,567.9545454545455,0.9545454545454546,3.0,44,10,0.09090909090909091,4.409090909090909,0.022727272727272728,No
PRV52089,145,221580,1528.1379310344828,1.7517241379310344,3.933333333333333,102,19,0.11724137931034483,4.537931034482758,0.10344827586206896,Yes
PRV52090,303,98250,324.25742574257424,1.5577557755775577,0.0,279,47,0.1419141914191419,4.600660066006601,0.0,No
PRV52092,159,141470,889.7484276729559,1.2389937106918238,5.5,144,62,0.025157232704402517,4.679245283018868,0.07547169811320754,No
PRV52094,53,161120,3040.0,1.3773584905660377,5.5,50,27,0.018867924528301886,4.584905660377358,0.1509433962264151,No
PRV52095,38,15560,409.4736842105263,1.236842105263158,4.0,37,30,0.0,4.7631578947368425,0.02631578947368421,No
PRV52097,55,19640,357.09090909090907,2.036363636363636,3.0,51,20,0.23636363636363636,4.181818181818182,0.01818181818181818,No
PRV52098,469,122660,261.5351812366738,1.5458422174840085,0.0,435,130,0.021321961620469083,4.411513859275053,0.0,No
PRV52099,90,31370,348.55555555555554,1.2222222222222223,7.0,71,31,0.14444444444444443,4.544444444444444,0.022222222222222223,No
PRV52100,201,1533150,7627.611940298508,5.393034825870647,6.524390243902439,177,35,0.13930348258706468,5.338308457711443,0.8159203980099502,Yes
PRV52101,15,12500,833.3333333333334,1.6,2.0,15,9,0.06666666666666667,4.933333333333334,0.06666666666666667,No
PRV52102,15,1910,127.33333333333333,1.0666666666666667,0.0,15,10,0.0,4.0,0.0,No
PRV52104,1189,347070,291.9007569386039,1.6349873843566023,0.0,663,9,0.1614802354920101,4.4289318755256515,0.0,No
PRV52105,26,12780,491.53846153846155,2.8461538461538463,0.0,25,6,0.11538461538461539,4.153846153846154,0.0,No
PRV52107,119,124760,1048.4033613445379,1.4285714285714286,6.6,114,5,0.12605042016806722,4.53781512605042,0.08403361344537816,No
PRV52109,248,75580,304.758064516129,1.1774193548387097,0.0,222,109,0.06048387096774194,4.653225806451613,0.0,No
PRV52111,85,89960,1058.3529411764705,1.7529411764705882,3.0,82,36,0.08235294117647059,4.882352941176471,0.10588235294117647,No
PRV52112,85,259790,3056.3529411764707,2.7176470588235295,5.833333333333333,85,41,0.03529411764705882,5.129411764705883,0.2823529411764706,No
PRV52113,120,22170,184.75,0.7083333333333334,0.0,53,4,0.19166666666666668,4.508333333333334,0.0,No
PRV52114,1269,1418220,1117.5886524822695,1.9156816390858944,5.561904761904762,633,12,0.0851063829787234,4.54688731284476,0.08274231678486997,Yes
PRV52115,90,241500,2683.3333333333335,2.2777777777777777,6.95,74,37,0.13333333333333333,4.433333333333334,0.2222222222222222,Yes
PRV52118,52,113660,2185.769230769231,0.6730769230769231,6.5,49,20,0.11538461538461539,4.230769230769231,0.07692307692307693,No
PRV52119,52,202380,3891.923076923077,3.923076923076923,5.8125,51,26,0.057692307692307696,4.730769230769231,0.3076923076923077,Yes
PRV52120,1231,1950720,1584.6628757108042,2.0454914703493094,5.806060606060606,1098,54,0.12347684809098294,4.728675873273761,0.13403736799350122,Yes
PRV52121,53,49610,936.0377358490566,2.339622641509434,3.25,50,20,0.05660377358490566,4.245283018867925,0.07547169811320754,No
PRV52122,41,18740,457.0731707317073,1.7804878048780488,0.0,41,21,0.17073170731707318,4.146341463414634,0.0,No
PRV52123,256,1447140,5652.890625,4.4765625,6.092592592592593,219,35,0.05078125,5.13671875,0.6328125,Yes
PRV52124,115,189250,1645.6521739130435,2.5739130434782607,8.285714285714286,113,42,0.1391304347826087,4.860869565217391,0.06086956521739131,Yes
PRV52126,110,388830,3534.818181818182,2.5090909090909093,5.897435897435898,106,69,0.00909090909090909,4.5,0.35454545454545455,No
PRV52127,15,73050,4870.0,4.333333333333333,7.0,15,14,0.0,5.266666666666667,0.3333333333333333,No
PRV52128,113,492550,4358.849557522124,3.0353982300884956,5.69811320754717,106,11,0.035398230088495575,5.04424778761062,0.4690265486725664,No
PRV52129,223,55590,249.28251121076232,0.9237668161434978,0.0,75,22,0.07174887892376682,4.811659192825112,0.0,No
PRV52130,93,141100,1517.2043010752689,2.204301075268817,7.4,90,45,0.06451612903225806,4.494623655913978,0.10752688172043011,No
PRV52131,84,349760,4163.809523809524,2.511904761904762,4.258064516129032,75,42,0.03571428571428571,5.333333333333333,0.36904761904761907,No
PRV52133,305,105080,344.5245901639344,1.4,1.5,270,42,0.12459016393442623,4.511475409836065,0.006557377049180328,No
PRV52135,263,1825550,6941.254752851711,4.1216730038022815,4.957142857142857,239,40,0.0,5.467680608365019,0.7984790874524715,Yes
PRV52136,104,380190,3655.673076923077,2.3653846153846154,4.875,100,56,0.04807692307692308,4.875,0.38461538461538464,No
PRV52138,188,58880,313.1914893617021,1.6702127659574468,0.0,179,75,0.05851063829787234,4.26063829787234,0.0,No
PRV52140,19,5130,270.0,0.47368421052631576,0.0,18,8,0.10526315789473684,6.0,0.0,No
PRV52141,671,220290,328.301043219076,1.804769001490313,1.6666666666666667,341,39,0.14157973174366617,4.31892697466468,0.004470938897168405,No
PRV52142,59,248520,4212.203389830508,4.067796610169491,4.75,59,35,0.03389830508474576,4.8474576271186445,0.4745762711864407,No
PRV52143,17,8290,487.6470588235294,5.705882352941177,0.0,17,11,0.17647058823529413,3.4705882352941178,0.0,No
PRV52144,134,123130,918.8805970149253,1.708955223880597,4.166666666666667,133,64,0.05970149253731343,4.044776119402985,0.08955223880597014,No
PRV52145,245,60910,248.6122448979592,1.3673469387755102,0.0,236,50,0.14285714285714285,4.363265306122449,0.0,No
PRV52146,40,240710,6017.75,4.725,5.625,39,29,0.0,5.45,0.6,No
PRV52147,211,291500,1381.516587677725,1.90521327014218,6.055555555555555,211,68,0.04265402843601896,4.786729857819905,0.08530805687203792,Yes
PRV52148,78,345150,4425.0,3.858974358974359,5.761904761904762,76,35,0.08974358974358974,5.089743589743589,0.5384615384615384,No
PRV52149,180,191550,1064.1666666666667,1.9222222222222223,4.4375,174,65,0.07222222222222222,4.911111111111111,0.08888888888888889,No
PRV52150,310,445240,1436.258064516129,2.403225806451613,7.161290322580645,288,118,0.08387096774193549,4.306451612903226,0.1,No
PRV52151,121,474110,3918.2644628099174,3.074380165289256,5.638297872340425,114,62,0.04132231404958678,4.809917355371901,0.3884297520661157,Yes
PRV52152,88,454360,5163.181818181818,2.909090909090909,5.042553191489362,84,52,0.045454545454545456,5.170454545454546,0.5340909090909091,No
PRV52154,742,194350,261.92722371967653,1.564690026954178,0.0,705,89,0.09973045822102426,4.2533692722371965,0.0,No
PRV52155,62,98490,1588.5483870967741,3.7580645161290325,11.583333333333334,56,35,0.06451612903225806,4.370967741935484,0.1935483870967742,No
PRV52156,124,271910,2192.8225806451615,1.3064516129032258,4.615384615384615,123,53,0.11290322580645161,4.548387096774194,0.10483870967741936,No
PRV52157,227,494450,2178.193832599119,2.7577092511013217,6.930232558139535,178,105,0.02643171806167401,4.881057268722467,0.1894273127753304,No
PRV52159,271,288300,1063.8376383763837,1.3579335793357934,3.8333333333333335,263,87,0.11070110701107011,4.531365313653136,0.08856088560885608,No
PRV52160,53,41460,782.2641509433962,2.2641509433962264,4.666666666666667,53,29,0.09433962264150944,4.018867924528302,0.05660377358490566,No
PRV52161,10,1660,166.0,0.0,0.0,10,7,0.0,3.6,0.0,No
PRV52162,39,28000,717.9487179487179,2.128205128205128,2.0,36,20,0.02564102564102564,4.282051282051282,0.02564102564102564,No
PRV52163,62,37470,604.3548387096774,1.2741935483870968,1.0,62,21,0.06451612903225806,4.419354838709677,0.03225806451612903,No
PRV52165,72,114060,1584.1666666666667,1.625,4.4,62,39,0.06944444444444445,4.833333333333333,0.1388888888888889,Yes
PRV52166,100,69300,693.0,1.62,5.0,85,37,0.08,4.67,0.07,No
PRV52167,80,116390,1454.875,2.2625,4.444444444444445,74,39,0.025,4.65,0.1125,No
PRV52168,78,17660,226.4102564102564,0.9230769230769231,0.0,77,36,0.01282051282051282,4.461538461538462,0.0,No
PRV52169,39,10000,256.4102564102564,1.6666666666666667,0.0,38,33,0.10256410256410256,4.358974358974359,0.0,No
PRV52170,43,62090,1443.953488372093,1.441860465116279,14.0,43,27,0.09302325581395349,3.7906976744186047,0.06976744186046512,No
PRV52171,12,17820,1485.0,1.5833333333333333,5.0,12,8,0.0,4.75,0.25,No
PRV52173,119,1381400,11608.403361344537,6.571428571428571,6.571428571428571,108,2,0.0,5.4789915966386555,1.0,Yes
PRV52175,221,58320,263.8914027149321,1.16289592760181,0.0,215,63,0.06334841628959276,4.361990950226244,0.0,No
PRV52176,21,312000,14857.142857142857,4.476190476190476,4.476190476190476,21,4,0.0,4.809523809523809,1.0,No
PRV52177,39,33850,867.9487179487179,1.794871794871795,5.4,39,20,0.10256410256410256,4.769230769230769,0.1282051282051282,No
PRV52178,136,1379590,10144.04411764706,6.492647058823529,6.631578947368421,121,6,0.0,5.779411764705882,0.9779411764705882,Yes
PRV52179,44,39910,907.0454545454545,1.8636363636363635,5.5,19,4,0.22727272727272727,5.886363636363637,0.045454545454545456,No
PRV52180,62,78720,1269.6774193548388,1.6612903225806452,6.2,58,25,0.08064516129032258,4.758064516129032,0.08064516129032258,No
PRV52181,27,108640,4023.703703703704,4.481481481481482,6.0,25,19,0.037037037037037035,5.185185185185185,0.37037037037037035,Yes
PRV52182,109,63620,583.6697247706422,2.238532110091743,3.8,54,8,0.1743119266055046,4.477064220183486,0.045871559633027525,No
PRV52184,21,2960,140.95238095238096,0.7619047619047619,0.0,20,7,0.23809523809523808,3.9047619047619047,0.0,No
PRV52185,68,15510,228.08823529411765,1.4852941176470589,0.0,54,1,0.2647058823529412,4.426470588235294,0.0,No
PRV52186,41,7160,174.6341463414634,1.0731707317073171,0.0,38,9,0.04878048780487805,3.8536585365853657,0.0,No
PRV52187,27,7440,275.55555555555554,2.7777777777777777,0.0,25,6,0.14814814814814814,4.888888888888889,0.0,No
PRV52188,33,171080,5184.242424242424,4.212121212121212,6.571428571428571,32,11,0.18181818181818182,4.757575757575758,0.42424242424242425,No
PRV52189,23,5890,256.0869565217391,2.1739130434782608,0.0,20,4,0.0,4.173913043478261,0.0,No
PRV52191,28,8640,308.57142857142856,1.7142857142857142,0.0,25,17,0.03571428571428571,4.714285714285714,0.0,No
PRV52192,32,52060,1626.875,1.53125,4.333333333333333,29,13,0.1875,4.90625,0.1875,No
PRV52193,153,28620,187.05882352941177,1.5359477124183007,0.0,125,1,0.17647058823529413,4.549019607843137,0.0,No
PRV52195,10,120000,12000.0,6.5,6.5,10,8,0.0,5.3,1.0,Yes
PRV52197,10,114000,11400.0,7.7,7.7,10,4,0.3,5.4,1.0,No
PRV52199,10,1080,108.0,0.9,0.0,10,4,0.0,4.5,0.0,No
PRV52201,9,450,50.0,4.111111111111111,0.0,9,1,0.2222222222222222,4.888888888888889,0.0,No
PRV52202,50,8200,164.0,0.42,0.0,49,2,0.22,4.52,0.0,No
PRV52204,9,2590,287.77777777777777,2.3333333333333335,0.0,8,1,0.1111111111111111,4.666666666666667,0.0,No
PRV52208,13,4560,350.7692307692308,0.15384615384615385,0.0,12,1,0.46153846153846156,4.6923076923076925,0.0,No
PRV52209,8,4960,620.0,5.0,0.0,8,3,0.125,5.25,0.0,No
PRV52211,130,26860,206.6153846153846,0.6076923076923076,0.0,124,1,0.14615384615384616,4.338461538461538,0.0,No
PRV52212,64,13220,206.5625,0.984375,0.0,62,2,0.1875,4.09375,0.0,No
PRV52214,47,12680,269.78723404255317,1.702127659574468,0.0,43,1,0.1276595744680851,4.127659574468085,0.0,No
PRV52216,15,4940,329.3333333333333,2.6666666666666665,0.0,14,2,0.13333333333333333,4.733333333333333,0.0,No
PRV52218,8,1660,207.5,0.0,0.0,8,1,0.375,3.625,0.0,No
PRV52220,12,2200,183.33333333333334,0.0,0.0,12,2,0.08333333333333333,6.25,0.0,No
PRV52222,54,16920,313.3333333333333,2.3333333333333335,0.0,52,1,0.2037037037037037,4.185185185185185,0.0,No
PRV52224,41,10100,246.34146341463415,2.317073170731707,0.0,35,3,0.1951219512195122,4.439024390243903,0.0,No
PRV52228,8,2400,300.0,3.375,0.0,8,2,0.0,4.5,0.0,No
PRV52229,11,370,33.63636363636363,1.8181818181818181,0.0,11,1,0.0,4.454545454545454,0.0,No
PRV52230,43,15100,351.16279069767444,0.9069767441860465,0.0,15,2,0.046511627906976744,3.953488372093023,0.0,No
PRV52233,216,63540,294.1666666666667,1.6388888888888888,0.0,156,2,0.14814814814814814,4.212962962962963,0.0,No
PRV52236,14,5780,412.85714285714283,1.9285714285714286,0.0,13,3,0.07142857142857142,4.5,0.0,No
PRV52237,38,7400,194.73684210526315,1.9473684210526316,0.0,38,3,0.23684210526315788,3.9473684210526314,0.0,No
PRV52238,11,1530,139.0909090909091,0.45454545454545453,0.0,10,3,0.45454545454545453,3.6363636363636362,0.0,No
PRV52240,62,25220,406.7741935483871,2.306451612903226,0.0,61,5,0.24193548387096775,4.564516129032258,0.0,No
PRV52241,23,5690,247.3913043478261,1.7391304347826086,0.0,22,4,0.043478260869565216,4.521739130434782,0.0,No
PRV52242,31,13600,438.7096774193548,3.3548387096774195,0.0,30,2,0.1935483870967742,3.6129032258064515,0.0,No
PRV52246,67,26510,395.67164179104475,2.626865671641791,0.0,47,2,0.11940298507462686,4.552238805970149,0.0,No
PRV52247,49,10890,222.24489795918367,0.7346938775510204,0.0,48,3,0.12244897959183673,4.428571428571429,0.0,No
PRV52248,24,12750,531.25,4.208333333333333,0.0,21,2,0.16666666666666666,4.666666666666667,0.0,No
PRV52249,47,25480,542.1276595744681,4.425531914893617,0.0,41,3,0.2127659574468085,4.723404255319149,0.0,No
PRV52252,26,2130,81.92307692307692,1.3076923076923077,0.0,26,2,0.07692307692307693,4.8076923076923075,0.0,No
PRV52254,31,3960,127.74193548387096,2.806451612903226,0.0,30,1,0.1935483870967742,4.064516129032258,0.0,No
PRV52255,10,720,72.0,0.1,0.0,7,1,0.2,5.7,0.0,No
PRV52257,15,4440,296.0,2.2666666666666666,0.0,14,1,0.3333333333333333,4.333333333333333,0.0,No
PRV52260,63,12880,204.44444444444446,1.3492063492063493,0.0,62,3,0.15873015873015872,3.6984126984126986,0.0,No
PRV52262,112,27840,248.57142857142858,0.8125,0.0,92,2,0.24107142857142858,4.366071428571429,0.0,No
PRV52264,25,4420,176.8,0.04,0.0,21,2,0.08,4.4,0.0,No
PRV52265,30,260000,8666.666666666666,4.733333333333333,4.733333333333333,27,2,0.3,6.4,1.0,No
PRV52266,37,460400,12443.243243243243,7.45945945945946,7.702702702702703,30,2,0.40540540540540543,6.0,1.0,No
PRV52267,10,78900,7890.0,4.9,4.9,10,4,0.3,5.4,1.0,No
PRV52271,19,3760,197.89473684210526,1.105263157894737,0.0,19,1,0.15789473684210525,4.578947368421052,0.0,No
PRV52272,8,4210,526.25,0.0,0.0,8,1,0.0,5.125,0.0,No
PRV52273,11,4380,398.1818181818182,0.0,0.0,11,8,0.18181818181818182,5.909090909090909,0.0,No
PRV52274,38,7800,205.26315789473685,0.7368421052631579,0.0,17,2,0.13157894736842105,4.131578947368421,0.0,No
PRV52275,101,27220,269.5049504950495,0.9603960396039604,0.0,57,1,0.2376237623762376,4.891089108910891,0.0,No
PRV52276,68,17750,261.02941176470586,1.4558823529411764,0.0,62,1,0.22058823529411764,4.1911764705882355,0.0,No
PRV52278,16,235000,14687.5,5.6875,5.6875,16,4,0.4375,5.8125,1.0,No
PRV52279,83,783300,9437.349397590362,5.481927710843373,5.573170731707317,77,3,0.08433734939759036,6.120481927710843,0.9879518072289156,No
PRV52280,41,395000,9634.146341463415,7.2682926829268295,7.2682926829268295,38,4,0.24390243902439024,5.414634146341464,1.0,Yes
PRV52281,41,408000,9951.219512195123,4.7560975609756095,4.7560975609756095,41,2,0.0,5.682926829268292,1.0,No
PRV52283,66,594700,9010.60606060606,4.9393939393939394,4.9393939393939394,54,4,0.24242424242424243,6.151515151515151,1.0,Yes
PRV52284,39,5320,136.4102564102564,1.7179487179487178,0.0,32,1,0.10256410256410256,4.589743589743589,0.0,No
PRV52285,19,144000,7578.9473684210525,5.894736842105263,5.894736842105263,19,4,0.3157894736842105,5.2631578947368425,1.0,No
PRV52288,13,2810,216.15384615384616,0.07692307692307693,0.0,12,1,0.15384615384615385,5.076923076923077,0.0,No
PRV52290,10,68000,6800.0,3.1,3.1,10,3,0.4,5.9,1.0,No
PRV52291,18,128000,7111.111111111111,4.388888888888889,4.647058823529412,17,2,0.5555555555555556,5.333333333333333,0.9444444444444444,No
PRV52292,25,303000,12120.0,7.2,7.2,25,3,0.36,5.6,1.0,Yes
PRV52298,218,153300,703.2110091743119,1.7477064220183487,3.2222222222222223,144,20,0.16972477064220184,4.665137614678899,0.04128440366972477,No
PRV52299,601,157140,261.46422628951746,1.194675540765391,0.0,255,7,0.10149750415973377,4.450915141430948,0.0,No
PRV52300,21,59160,2817.1428571428573,2.761904761904762,5.666666666666667,19,13,0.047619047619047616,4.857142857142857,0.14285714285714285,No
PRV52302,46,136280,2962.608695652174,2.1739130434782608,5.818181818181818,30,13,0.15217391304347827,4.913043478260869,0.2391304347826087,No
PRV52303,392,347340,886.0714285714286,1.1683673469387754,4.304347826086956,313,152,0.125,4.678571428571429,0.058673469387755105,No
PRV52304,184,63120,343.04347826086956,1.2554347826086956,0.0,88,41,0.13043478260869565,4.608695652173913,0.0,No
PRV52306,15,7030,468.6666666666667,0.5333333333333333,0.0,15,11,0.0,4.0,0.0,No
PRV52307,175,806460,4608.342857142857,2.645714285714286,5.60377358490566,167,90,0.07428571428571429,4.462857142857143,0.3028571428571429,Yes
PRV52308,87,374760,4307.586206896552,2.954022988505747,4.8,72,41,0.16091954022988506,5.022988505747127,0.45977011494252873,Yes
PRV52309,170,45340,266.70588235294116,1.9470588235294117,0.0,88,4,0.17058823529411765,4.547058823529412,0.0,No
PRV52310,454,106790,235.2202643171806,0.8524229074889867,0.0,190,3,0.13876651982378854,4.081497797356828,0.0,No
PRV52311,28,7770,277.5,0.75,0.0,23,16,0.10714285714285714,3.7142857142857144,0.0,No
PRV52312,214,79810,372.94392523364485,1.144859813084112,0.0,112,5,0.11214953271028037,4.766355140186916,0.0,No
PRV52313,504,146700,291.07142857142856,1.626984126984127,0.0,196,7,0.06944444444444445,4.910714285714286,0.0,No
PRV52314,223,455180,2041.1659192825111,2.3004484304932737,5.825,192,95,0.07174887892376682,4.7174887892376685,0.17937219730941703,No
PRV52315,85,61930,728.5882352941177,1.5529411764705883,8.8,66,28,0.1411764705882353,4.682352941176471,0.058823529411764705,No
PRV52317,25,28590,1143.6,2.0,4.0,21,15,0.08,4.96,0.08,No
PRV52318,39,10000,256.4102564102564,1.5128205128205128,0.0,37,24,0.05128205128205128,4.615384615384615,0.0,No
PRV52319,30,7740,258.0,1.3666666666666667,0.0,29,19,0.1,4.366666666666666,0.0,No
PRV52320,366,874200,2388.5245901639346,2.210382513661202,5.797101449275362,292,89,0.07377049180327869,4.3497267759562845,0.1885245901639344,Yes
PRV52321,150,390230,2601.5333333333333,2.1066666666666665,5.515151515151516,135,47,0.04666666666666667,4.993333333333333,0.22,Yes
PRV52323,190,49770,261.94736842105266,1.1157894736842104,0.0,179,73,0.031578947368421054,4.589473684210526,0.0,No
PRV52325,130,281800,2167.6923076923076,3.246153846153846,6.555555555555555,111,57,0.09230769230769231,5.246153846153846,0.2076923076923077,Yes
PRV52326,14,70770,5055.0,3.5714285714285716,2.75,13,6,0.07142857142857142,6.0,0.5714285714285714,No
PRV52328,35,19560,558.8571428571429,0.9142857142857143,0.0,28,15,0.05714285714285714,4.428571428571429,0.0,No
PRV52331,61,68430,1121.8032786885246,1.3278688524590163,5.333333333333333,49,26,0.13114754098360656,4.262295081967213,0.14754098360655737,No
PRV52332,64,20650,322.65625,1.484375,0.0,62,46,0.046875,4.53125,0.0,No
PRV52334,67,113980,1701.1940298507463,0.8955223880597015,4.75,49,33,0.07462686567164178,4.029850746268656,0.11940298507462686,No
PRV52335,242,109870,454.0082644628099,1.396694214876033,5.5,87,11,0.12396694214876033,4.884297520661157,0.008264462809917356,No
PRV52336,86,26960,313.48837209302326,1.302325581395349,0.0,78,20,0.13953488372093023,4.313953488372093,0.0,No
PRV52337,773,205790,266.22250970245796,1.1746442432082795,0.0,226,5,0.09184993531694696,4.159120310478655,0.0,Yes
PRV52340,1743,2540130,1457.3321858864028,2.0854847963281697,5.419642857142857,693,39,0.15433161216293748,4.809523809523809,0.1285140562248996,Yes
PRV52341,135,45450,336.6666666666667,1.511111111111111,0.0,122,70,0.06666666666666667,4.592592592592593,0.0,No
PRV52342,218,652190,2991.697247706422,2.55045871559633,6.607843137254902,184,76,0.03211009174311927,4.6880733944954125,0.23394495412844038,No
PRV52343,261,481840,1846.1302681992338,2.0,5.214285714285714,177,10,0.13793103448275862,4.7701149425287355,0.16091954022988506,Yes
PRV52344,130,272150,2093.4615384615386,0.8384615384615385,3.5652173913043477,54,22,0.1,4.338461538461538,0.17692307692307693,No
PRV52346,68,217540,3199.1176470588234,2.6029411764705883,5.052631578947368,57,37,0.058823529411764705,4.9411764705882355,0.27941176470588236,No
PRV52347,397,715090,1801.2342569269522,2.1486146095717884,5.08,342,113,0.10075566750629723,4.763224181360202,0.12594458438287154,Yes
PRV52348,67,102790,1534.1791044776119,3.044776119402985,7.333333333333333,36,10,0.04477611940298507,4.462686567164179,0.13432835820895522,No
PRV52349,99,20410,206.16161616161617,1.5151515151515151,0.0,94,57,0.0707070707070707,4.383838383838384,0.0,No
PRV52350,40,38660,966.5,1.925,3.7142857142857144,29,15,0.1,5.0,0.175,No
PRV52351,425,103700,244.0,1.275294117647059,0.0,362,113,0.07058823529411765,4.3223529411764705,0.0,No
PRV52352,32,9660,301.875,1.4375,0.0,32,17,0.03125,4.25,0.0,No
PRV52353,48,150420,3133.75,2.0208333333333335,7.333333333333333,45,23,0.08333333333333333,4.5,0.125,No
PRV52354,66,19400,293.93939393939394,0.9848484848484849,0.0,33,7,0.16666666666666666,4.075757575757576,0.0,No
PRV52355,63,24170,383.6507936507937,1.1587301587301588,0.0,26,5,0.25396825396825395,4.714285714285714,0.0,No
PRV52356,98,22350,228.0612244897959,1.8061224489795917,0.0,63,12,0.12244897959183673,4.408163265306122,0.0,No
PRV52357,105,98830,941.2380952380952,1.7809523809523808,5.625,83,26,0.06666666666666667,4.4,0.0761904761904762,No
PRV52358,18,5180,287.77777777777777,3.0,0.0,17,9,0.16666666666666666,5.333333333333333,0.0,No
PRV52359,107,426430,3985.3271028037384,2.588785046728972,4.976190476190476,98,46,0.018691588785046728,4.607476635514018,0.3925233644859813,No
PRV52361,158,44230,279.9367088607595,0.9556962025316456,0.0,145,71,0.10126582278481013,4.094936708860759,0.0,No
PRV52362,154,125630,815.7792207792207,1.2337662337662338,6.222222222222222,133,55,0.09090909090909091,4.740259740259741,0.05844155844155844,No
PRV52365,739,202130,273.51826792963465,1.3301759133964817,0.0,381,9,0.07577807848443843,4.508795669824087,0.0,No
PRV52366,216,280880,1300.3703703703704,1.7314814814814814,4.36,140,62,0.12962962962962962,4.814814814814815,0.11574074074074074,No
PRV52367,297,156620,527.3400673400673,1.2693602693602695,6.75,180,49,0.09764309764309764,4.579124579124579,0.013468013468013467,No
PRV52369,547,163780,299.41499085923215,1.4442413162705667,0.0,358,27,0.12979890310786105,4.83546617915905,0.0,No
PRV52371,72,17370,241.25,1.2083333333333333,0.0,50,18,0.125,4.277777777777778,0.0,No
PRV52372,124,292040,2355.1612903225805,2.0806451612903225,6.0,76,25,0.20161290322580644,4.693548387096774,0.21774193548387097,No
PRV52373,23,43710,1900.4347826086957,2.260869565217391,3.6666666666666665,22,15,0.043478260869565216,4.565217391304348,0.13043478260869565,No
PRV52374,228,68780,301.6666666666667,1.8333333333333333,0.0,102,11,0.14473684210526316,4.337719298245614,0.0,No
PRV52377,44,13700,311.3636363636364,0.6818181818181818,0.0,44,26,0.022727272727272728,4.340909090909091,0.0,No
PRV52378,12,11920,993.3333333333334,4.416666666666667,11.0,12,10,0.0,5.0,0.25,No
PRV52381,80,33460,418.25,2.2875,0.0,31,9,0.175,4.8125,0.0,No
PRV52383,74,15540,210.0,1.3918918918918919,0.0,51,20,0.0945945945945946,4.837837837837838,0.0,Yes
PRV52384,33,7880,238.78787878787878,0.0,0.0,32,21,0.15151515151515152,4.484848484848484,0.0,No
PRV52385,22,7140,324.54545454545456,0.7272727272727273,0.0,19,15,0.0,3.727272727272727,0.0,No
PRV52386,237,55300,233.33333333333334,1.9451476793248945,0.0,161,24,0.10548523206751055,4.329113924050633,0.0,No
PRV52387,63,121740,1932.3809523809523,2.3174603174603177,4.769230769230769,39,30,0.09523809523809523,4.619047619047619,0.20634920634920634,No
PRV52389,171,44690,261.34502923976606,1.6608187134502923,0.0,139,86,0.15789473684210525,4.807017543859649,0.0,No
PRV52390,36,6400,177.77777777777777,2.25,0.0,34,15,0.1388888888888889,4.555555555555555,0.0,No
PRV52391,22,9030,410.45454545454544,2.6363636363636362,0.0,15,9,0.045454545454545456,4.045454545454546,0.0,No
PRV52392,127,85980,677.007874015748,1.3858267716535433,6.6,54,13,0.11023622047244094,5.165354330708661,0.03937007874015748,No
PRV52393,91,197430,2169.5604395604396,2.208791208791209,8.875,62,9,0.14285714285714285,4.813186813186813,0.17582417582417584,No
PRV52394,118,55530,470.59322033898303,2.2542372881355934,7.0,96,45,0.06779661016949153,4.423728813559322,0.025423728813559324,No
PRV52395,912,268430,294.3311403508772,1.518640350877193,0.0,444,27,0.11293859649122807,4.541666666666667,0.0,No
PRV52396,40,156300,3907.5,3.075,6.0,34,19,0.1,5.8,0.425,Yes
PRV52397,8,1010,126.25,4.25,0.0,8,6,0.0,6.625,0.0,No
PRV52398,48,197890,4122.708333333333,2.5,5.416666666666667,41,24,0.08333333333333333,4.8125,0.25,No
PRV52399,434,118800,273.7327188940092,0.543778801843318,0.0,277,6,0.16820276497695852,4.407834101382488,0.0,No
PRV52400,231,64710,280.12987012987014,1.7705627705627707,0.0,120,7,0.12554112554112554,4.683982683982684,0.0,No
PRV52401,141,78400,556.0283687943263,1.0425531914893618,4.25,54,24,0.14893617021276595,4.560283687943262,0.028368794326241134,No
PRV52402,209,577120,2761.33971291866,2.215311004784689,5.456140350877193,185,1,0.28708133971291866,4.827751196172249,0.2727272727272727,No
PRV52403,216,62760,290.55555555555554,1.6018518518518519,4.0,84,25,0.10648148148148148,4.199074074074074,0.009259259259259259,No
PRV52404,27,60610,2244.814814814815,2.6296296296296298,7.428571428571429,26,11,0.18518518518518517,4.185185185185185,0.25925925925925924,No
PRV52405,89,189070,2124.38202247191,3.067415730337079,4.0,71,17,0.16853932584269662,4.707865168539326,0.24719101123595505,No
PRV52406,63,13420,213.015873015873,0.9841269841269841,0.0,44,8,0.12698412698412698,3.7777777777777777,0.0,No
PRV52407,43,15970,371.3953488372093,0.5348837209302325,0.0,18,5,0.3023255813953488,4.325581395348837,0.0,No
PRV52408,29,4270,147.24137931034483,1.0344827586206897,0.0,12,12,0.06896551724137931,4.655172413793103,0.0,No
PRV52409,16,2630,164.375,0.0,0.0,15,11,0.1875,4.125,0.0,No
PRV52410,58,24310,419.13793103448273,0.06896551724137931,0.0,23,4,0.08620689655172414,5.396551724137931,0.0,No
PRV52411,92,32010,347.9347826086956,1.576086956521739,0.0,51,1,0.15217391304347827,4.521739130434782,0.0,No
PRV52412,63,20340,322.85714285714283,1.5396825396825398,0.0,40,3,0.031746031746031744,4.031746031746032,0.0,No
PRV52414,132,43600,330.3030303030303,1.446969696969697,0.0,59,7,0.18181818181818182,4.181818181818182,0.0,No
PRV52415,41,7500,182.9268292682927,1.0731707317073171,0.0,13,6,0.2682926829268293,3.8048780487804876,0.0,No
PRV52416,42,9650,229.76190476190476,0.14285714285714285,0.0,22,2,0.23809523809523808,2.857142857142857,0.0,No
PRV52417,20,4210,210.5,2.05,0.0,7,1,0.05,5.75,0.0,No
PRV52418,35,7730,220.85714285714286,1.4285714285714286,0.0,24,5,0.08571428571428572,4.057142857142857,0.0,No
PRV52419,112,113470,1013.125,2.919642857142857,8.8,34,14,0.16964285714285715,5.678571428571429,0.044642857142857144,No
PRV52420,141,78050,553.5460992907801,3.234042553191489,0.0,47,3,0.28368794326241137,4.921985815602837,0.0,Yes
PRV52421,95,33550,353.1578947368421,2.0105263157894737,0.0,63,6,0.11578947368421053,3.8526315789473684,0.0,No
PRV52422,58,26400,455.17241379310343,2.8448275862068964,0.0,33,7,0.1896551724137931,4.586206896551724,0.0,No
PRV52423,54,11480,212.59259259259258,1.2222222222222223,0.0,30,7,0.16666666666666666,4.62962962962963,0.0,No
PRV52425,23,3570,155.2173913043478,0.0,0.0,8,3,0.21739130434782608,5.260869565217392,0.0,No
PRV52427,19,36850,1939.4736842105262,1.5263157894736843,3.0,12,9,0.10526315789473684,4.7368421052631575,0.15789473684210525,No
PRV52431,63,23850,378.57142857142856,3.3968253968253967,0.0,36,1,0.19047619047619047,5.079365079365079,0.0,No
PRV52432,58,12780,220.3448275862069,1.2241379310344827,0.0,27,2,0.1896551724137931,4.086206896551724,0.0,No
PRV52433,85,22060,259.52941176470586,0.9058823529411765,0.0,62,4,0.21176470588235294,4.08235294117647,0.0,No
PRV52435,70,20420,291.7142857142857,2.1,0.0,25,10,0.14285714285714285,3.7714285714285714,0.0,No
PRV52436,44,9980,226.8181818181818,1.5909090909090908,0.0,22,7,0.1590909090909091,4.431818181818182,0.0,No
PRV52437,43,11050,256.9767441860465,0.2558139534883721,0.0,26,11,0.18604651162790697,4.744186046511628,0.0,No
PRV52439,121,29520,243.96694214876032,0.5785123966942148,0.0,64,1,0.19008264462809918,4.256198347107438,0.0,No
PRV52440,12,4980,415.0,2.9166666666666665,0.0,8,1,0.08333333333333333,4.916666666666667,0.0,No
PRV52441,94,20410,217.12765957446808,1.0425531914893618,0.0,53,1,0.1595744680851064,4.851063829787234,0.0,No
PRV52446,10,129000,12900.0,7.3,7.3,10,1,0.6,5.3,1.0,No
PRV52450,298,81540,273.6241610738255,1.3657718120805369,0.0,232,14,0.12416107382550336,4.577181208053691,0.0,No
PRV52451,20,11130,556.5,2.4,0.0,17,1,0.2,4.65,0.0,No
PRV52452,274,87650,319.8905109489051,1.3467153284671534,5.5,136,6,0.17153284671532848,4.510948905109489,0.0072992700729927005,No
PRV52454,15,1450,96.66666666666667,0.2,0.0,14,1,0.0,3.1333333333333333,0.0,No
PRV52455,76,24200,318.42105263157896,1.8026315789473684,0.0,45,2,0.23684210526315788,4.25,0.0,No
PRV52457,9,117000,13000.0,4.444444444444445,4.444444444444445,9,5,0.2222222222222222,5.444444444444445,1.0,No
PRV52459,50,505900,10118.0,5.28,5.28,49,3,0.24,5.82,1.0,No
PRV52460,13,90000,6923.076923076923,5.3076923076923075,5.3076923076923075,9,2,0.0,6.153846153846154,1.0,No
PRV52466,13,139000,10692.307692307691,8.538461538461538,8.538461538461538,11,1,0.5384615384615384,5.3076923076923075,1.0,No
PRV52467,103,183660,1783.106796116505,1.5048543689320388,6.875,89,49,0.07766990291262135,3.912621359223301,0.07766990291262135,Yes
PRV52468,21,32450,1545.2380952380952,1.9523809523809523,7.0,21,14,0.09523809523809523,4.095238095238095,0.14285714285714285,No
PRV52469,184,104420,567.5,1.4076086956521738,4.166666666666667,150,36,0.13043478260869565,4.103260869565218,0.03260869565217391,No
PRV52471,8,1640,205.0,0.125,0.0,8,6,0.125,4.375,0.0,No
PRV52472,61,203810,3341.1475409836066,3.3442622950819674,4.611111111111111,57,37,0.04918032786885246,3.80327868852459,0.29508196721311475,No
PRV52474,37,228770,6182.972972972973,4.351351351351352,6.636363636363637,35,19,0.02702702702702703,4.594594594594595,0.5945945945945946,No
PRV52476,26,87300,3357.6923076923076,2.9615384615384617,7.666666666666667,26,16,0.038461538461538464,5.1923076923076925,0.23076923076923078,No
PRV52478,55,31700,576.3636363636364,2.272727272727273,8.8,52,27,0.0,4.818181818181818,0.09090909090909091,No
PRV52480,30,44350,1478.3333333333333,1.0333333333333334,3.6,29,20,0.1,4.266666666666667,0.16666666666666666,No
PRV52483,223,52110,233.67713004484304,1.0179372197309418,0.0,61,3,0.0,3.9417040358744395,0.0,No
PRV52484,13,1570,120.76923076923077,0.9230769230769231,0.0,10,7,0.15384615384615385,4.076923076923077,0.0,No
PRV52486,69,22140,320.8695652173913,1.8695652173913044,0.0,58,7,0.21739130434782608,4.2898550724637685,0.0,No
PRV52487,177,51030,288.3050847457627,1.231638418079096,0.0,127,5,0.14124293785310735,4.0508474576271185,0.0,No
PRV52488,183,44710,244.3169398907104,1.1147540983606556,0.0,130,5,0.1366120218579235,4.076502732240437,0.0,No
PRV52490,17,4990,293.52941176470586,2.3529411764705883,0.0,16,2,0.17647058823529413,3.9411764705882355,0.0,No
PRV52491,63,16580,263.1746031746032,1.4761904761904763,0.0,57,3,0.23809523809523808,4.650793650793651,0.0,No
PRV52492,34,7810,229.7058823529412,1.8235294117647058,0.0,33,6,0.14705882352941177,3.5294117647058822,0.0,No
PRV52493,16,3970,248.125,0.0,0.0,16,3,0.125,5.0,0.0,No
PRV52495,15,98800,6586.666666666667,3.533333333333333,4.416666666666667,14,6,0.5333333333333333,4.0,0.8,No
PRV52497,30,59240,1974.6666666666667,1.5,9.0,30,13,0.2,4.333333333333333,0.13333333333333333,Yes
PRV52499,157,164670,1048.8535031847134,2.1910828025477707,4.375,119,68,0.044585987261146494,5.10828025477707,0.050955414012738856,No
PRV52500,126,86310,685.0,1.1666666666666667,4.285714285714286,111,59,0.007936507936507936,4.301587301587301,0.05555555555555555,No
PRV52501,19,4840,254.73684210526315,1.263157894736842,0.0,16,13,0.05263157894736842,2.736842105263158,0.0,No
PRV52502,119,260900,2192.436974789916,2.680672268907563,6.615384615384615,87,36,0.025210084033613446,4.663865546218488,0.2184873949579832,Yes
PRV52503,78,72800,933.3333333333334,2.0256410256410255,3.8,63,35,0.08974358974358974,4.0256410256410255,0.0641025641025641,No
PRV52504,40,114180,2854.5,2.325,4.142857142857143,34,14,0.025,4.975,0.35,Yes
PRV52506,13,2190,168.46153846153845,1.6153846153846154,0.0,12,9,0.38461538461538464,3.230769230769231,0.0,No
PRV52507,29,7250,250.0,0.20689655172413793,0.0,24,15,0.034482758620689655,4.275862068965517,0.0,No
PRV52508,37,30640,828.1081081081081,1.162162162162162,7.0,36,26,0.02702702702702703,3.918918918918919,0.05405405405405406,No
PRV52509,63,113850,1807.142857142857,1.126984126984127,5.166666666666667,26,19,0.07936507936507936,5.365079365079365,0.09523809523809523,No
PRV52510,26,4240,163.07692307692307,0.0,0.0,22,12,0.07692307692307693,5.230769230769231,0.0,No
PRV52511,246,720280,2927.967479674797,2.7439024390243905,6.32,196,81,0.04878048780487805,4.565040650406504,0.3048780487804878,Yes
PRV52512,31,6090,196.4516129032258,1.935483870967742,0.0,19,2,0.22580645161290322,4.064516129032258,0.0,No
PRV52513,20,3870,193.5,0.0,0.0,18,9,0.1,3.7,0.0,No
PRV52514,15,6600,440.0,1.3333333333333333,0.0,13,8,0.13333333333333333,4.6,0.0,No
PRV52515,17,2450,144.11764705882354,0.0,0.0,17,5,0.11764705882352941,4.176470588235294,0.0,No
PRV52517,32,10910,340.9375,0.0,0.0,26,14,0.03125,4.84375,0.0,No
PRV52518,51,72340,1418.4313725490197,1.4313725490196079,17.0,50,21,0.09803921568627451,4.431372549019608,0.0196078431372549,No
PRV52519,100,137180,1371.8,2.27,7.333333333333333,72,7,0.18,4.57,0.06,No
PRV52520,121,39910,329.8347107438017,1.8760330578512396,0.0,51,6,0.18181818181818182,4.181818181818182,0.0,No
PRV52521,113,25000,221.23893805309734,1.2920353982300885,0.0,88,26,0.02654867256637168,4.185840707964601,0.0,No
PRV52527,160,48730,304.5625,1.74375,0.0,73,1,0.1875,3.94375,0.0,No
PRV52528,26,6460,248.46153846153845,1.0769230769230769,0.0,16,9,0.07692307692307693,4.653846153846154,0.0,No
PRV52529,12,2120,176.66666666666666,0.0,0.0,8,5,0.08333333333333333,4.583333333333333,0.0,No
PRV52530,10,5210,521.0,2.0,6.0,9,6,0.0,5.7,0.1,No
PRV52532,16,2550,159.375,0.4375,0.0,15,12,0.125,3.5625,0.0,No
PRV52533,43,7380,171.62790697674419,0.3023255813953488,0.0,27,14,0.13953488372093023,5.1395348837209305,0.0,No
PRV52535,18,7200,400.0,1.1666666666666667,0.0,12,7,0.5,4.5,0.0,No
PRV52539,14,4450,317.85714285714283,4.142857142857143,0.0,12,2,0.2857142857142857,4.142857142857143,0.0,No
PRV52542,62,15920,256.7741935483871,1.2741935483870968,0.0,44,2,0.14516129032258066,4.129032258064516,0.0,No
PRV52543,171,47550,278.0701754385965,1.2514619883040936,0.0,89,8,0.12280701754385964,4.011695906432749,0.0,No
PRV52545,13,1460,112.3076923076923,1.6153846153846154,0.0,13,3,0.07692307692307693,4.230769230769231,0.0,No
PRV52548,15,38750,2583.3333333333335,2.8,4.6,15,13,0.0,4.8,0.3333333333333333,No
PRV52549,156,97160,622.8205128205128,3.576923076923077,8.5,54,12,0.057692307692307696,5.0256410256410255,0.038461538461538464,No
PRV52552,55,119870,2179.4545454545455,1.9636363636363636,5.363636363636363,54,40,0.03636363636363636,4.5636363636363635,0.2,No
PRV52553,8,62320,7790.0,4.25,8.25,8,8,0.0,5.125,0.5,No
PRV52554,13,1970,151.53846153846155,1.7692307692307692,0.0,13,9,0.07692307692307693,2.923076923076923,0.0,No
PRV52556,115,464760,4041.391304347826,2.4695652173913043,4.369565217391305,100,81,0.06086956521739131,4.643478260869565,0.4,No
PRV52557,11,970,88.18181818181819,1.8181818181818181,0.0,9,9,0.09090909090909091,4.454545454545454,0.0,No
PRV52558,494,140900,285.2226720647773,1.4251012145748987,0.0,440,2,0.145748987854251,4.4757085020242915,0.0,No
PRV52559,359,90740,252.75766016713092,1.392757660167131,0.0,207,7,0.12256267409470752,4.423398328690808,0.0,No
PRV52560,503,145450,289.16500994035783,1.2664015904572565,0.0,174,1,0.17693836978131214,4.510934393638171,0.0,No
PRV52561,280,128900,460.35714285714283,1.5178571428571428,0.0,261,1,0.19285714285714287,4.6571428571428575,0.0,No
PRV52562,87,90620,1041.6091954022988,2.057471264367816,4.5,61,22,0.1839080459770115,4.448275862068965,0.06896551724137931,No
PRV52563,473,173770,367.3784355179704,1.7674418604651163,0.0,246,6,0.11205073995771671,4.395348837209302,0.0,No
PRV52564,21,39700,1890.4761904761904,2.7142857142857144,3.4,21,16,0.047619047619047616,5.0476190476190474,0.23809523809523808,No
PRV52565,137,141640,1033.8686131386862,2.2992700729927007,3.909090909090909,86,7,0.18248175182481752,4.313868613138686,0.08029197080291971,No
PRV52566,139,252030,1813.1654676258993,1.9064748201438848,6.2727272727272725,135,92,0.06474820143884892,4.748201438848921,0.15827338129496402,No
PRV52567,66,29670,449.54545454545456,1.7121212121212122,0.0,38,28,0.07575757575757576,4.4393939393939394,0.0,No
PRV52568,87,25730,295.7471264367816,0.9195402298850575,0.0,41,26,0.08045977011494253,4.954022988505747,0.0,No
PRV52570,24,68190,2841.25,3.25,7.125,23,17,0.041666666666666664,3.375,0.3333333333333333,No
PRV52571,508,161790,318.48425196850394,1.68503937007874,0.0,429,3,0.015748031496062992,4.627952755905512,0.0,No
PRV52573,587,158670,270.30664395229985,1.616695059625213,0.0,520,2,0.16013628620102216,4.420783645655877,0.0,No
PRV52574,259,1533830,5922.123552123552,3.694980694980695,5.363013698630137,208,84,0.023166023166023165,4.953667953667954,0.5637065637065637,Yes
PRV52575,70,23780,339.7142857142857,2.157142857142857,0.0,40,40,0.07142857142857142,4.542857142857143,0.0,No
PRV52576,26,49850,1917.3076923076924,1.8076923076923077,4.333333333333333,26,13,0.038461538461538464,4.653846153846154,0.11538461538461539,No
PRV52577,8,2550,318.75,5.25,0.0,8,6,0.125,5.125,0.0,No
PRV52578,49,353050,7205.102040816327,4.63265306122449,6.081081081081081,40,35,0.061224489795918366,4.795918367346939,0.7551020408163265,Yes
PRV52579,9,1060,117.77777777777777,0.0,0.0,9,9,0.0,2.5555555555555554,0.0,No
PRV52580,39,7090,181.7948717948718,0.8717948717948718,0.0,37,7,0.05128205128205128,4.897435897435898,0.0,No
PRV52581,142,40050,282.0422535211268,1.6408450704225352,0.0,135,3,0.0,4.457746478873239,0.0,No
PRV52582,23,191020,8305.217391304348,5.173913043478261,6.2631578947368425,23,14,0.0,5.3478260869565215,0.8260869565217391,No
PRV52583,208,237790,1143.2211538461538,2.230769230769231,5.884615384615385,193,126,0.04807692307692308,4.576923076923077,0.125,No
PRV52584,54,57460,1064.0740740740741,2.7037037037037037,11.333333333333334,51,27,0.05555555555555555,4.537037037037037,0.05555555555555555,No
PRV52587,137,38900,283.94160583941607,1.5912408759124088,0.0,68,3,0.029197080291970802,4.810218978102189,0.0,No
PRV52588,50,176620,3532.4,3.34,4.0588235294117645,37,16,0.24,4.52,0.34,No
PRV52589,426,832920,1955.2112676056338,2.075117370892019,5.419753086419753,368,205,0.009389671361502348,4.687793427230047,0.19014084507042253,Yes
PRV52590,208,1227580,5901.826923076923,3.451923076923077,5.139130434782609,190,3,0.08173076923076923,5.384615384615385,0.5528846153846154,Yes
PRV52591,46,12510,271.95652173913044,0.782608695652174,0.0,45,13,0.043478260869565216,4.065217391304348,0.0,No
PRV52592,19,59620,3137.8947368421054,4.631578947368421,4.285714285714286,18,12,0.15789473684210525,5.7368421052631575,0.3684210526315789,No
PRV52593,582,142020,244.02061855670104,1.3986254295532645,0.0,252,1,0.18041237113402062,4.6271477663230245,0.0,Yes
PRV52598,31,10490,338.38709677419354,0.03225806451612903,0.0,30,23,0.06451612903225806,4.32258064516129,0.0,No
PRV52599,272,87890,323.125,2.327205882352941,0.0,144,2,0.16544117647058823,4.536764705882353,0.0,No
PRV52602,79,108520,1373.6708860759493,1.5696202531645569,3.5555555555555554,73,58,0.11392405063291139,4.367088607594937,0.11392405063291139,No
PRV52605,1000,253880,253.88,1.466,0.0,401,2,0.002,4.506,0.0,No
PRV52606,30,10020,334.0,1.0,0.0,22,19,0.1,4.133333333333334,0.0,No
PRV52609,133,98690,742.0300751879699,1.1954887218045114,5.8,45,5,0.08270676691729323,5.406015037593985,0.03759398496240601,Yes
PRV52610,17,10040,590.5882352941177,1.2352941176470589,1.0,16,12,0.0,4.352941176470588,0.058823529411764705,No
PRV52611,16,82760,5172.5,3.0625,5.444444444444445,16,14,0.0625,4.25,0.5625,No
PRV52614,156,42480,272.3076923076923,1.4743589743589745,0.0,94,3,0.15384615384615385,4.647435897435898,0.0,No
PRV52615,9,18770,2085.5555555555557,3.111111111111111,4.0,9,4,0.1111111111111111,5.111111111111111,0.2222222222222222,No
PRV52616,15,8640,576.0,1.9333333333333333,0.0,15,7,0.2,3.8666666666666667,0.0,No
PRV52617,238,407900,1713.8655462184875,2.180672268907563,5.357142857142857,135,9,0.15546218487394958,4.810924369747899,0.17647058823529413,No
PRV52621,45,180280,4006.222222222222,3.8444444444444446,5.916666666666667,42,26,0.06666666666666667,4.8,0.5333333333333333,No
PRV52623,235,202290,860.8085106382979,1.3191489361702127,7.9,125,23,0.10638297872340426,3.8553191489361702,0.0425531914893617,No
PRV52628,2098,604120,287.9504289799809,1.644423260247855,0.0,1354,2,0.161582459485224,4.46139180171592,0.0,Yes
PRV52629,61,12320,201.9672131147541,1.0327868852459017,0.0,58,8,0.01639344262295082,4.163934426229508,0.0,No
PRV52630,434,873470,2012.6036866359448,2.391705069124424,5.137931034482759,260,12,0.17050691244239632,4.82258064516129,0.20046082949308755,Yes
PRV52631,1057,321750,304.399243140965,1.3159886471144748,0.0,804,6,0.026490066225165563,4.603595080416272,0.0,No
PRV52633,379,100770,265.8839050131926,1.3509234828496042,0.0,224,3,0.16094986807387862,4.511873350923483,0.0,No
PRV52634,87,424950,4884.482758620689,5.264367816091954,6.913793103448276,79,26,0.3448275862068966,5.103448275862069,0.6666666666666666,No
PRV52636,21,6820,324.76190476190476,1.380952380952381,0.0,21,14,0.047619047619047616,3.857142857142857,0.0,No
PRV52639,37,10150,274.3243243243243,2.972972972972973,0.0,33,20,0.10810810810810811,3.7837837837837838,0.0,No
PRV52640,66,11050,167.42424242424244,1.2121212121212122,0.0,65,23,0.15151515151515152,4.242424242424242,0.0,No
PRV52641,97,186330,1920.9278350515465,2.4329896907216493,5.285714285714286,91,55,0.041237113402061855,4.43298969072165,0.21649484536082475,No
PRV52642,436,1328240,3046.422018348624,2.9013761467889907,5.335616438356165,263,10,0.23394495412844038,4.926605504587156,0.3348623853211009,Yes
PRV52643,11,5090,462.72727272727275,1.2727272727272727,0.0,11,10,0.09090909090909091,3.4545454545454546,0.0,No
PRV52644,31,70530,2275.1612903225805,3.6774193548387095,4.444444444444445,29,21,0.03225806451612903,5.129032258064516,0.2903225806451613,No
PRV52645,408,109630,268.70098039215685,1.3602941176470589,0.0,367,3,0.14705882352941177,4.453431372549019,0.0,No
PRV52646,104,306310,2945.2884615384614,2.9326923076923075,5.9411764705882355,87,55,0.10576923076923077,4.528846153846154,0.3269230769230769,No
PRV52647,75,71070,947.6,1.1466666666666667,3.857142857142857,73,44,0.05333333333333334,4.493333333333333,0.09333333333333334,No
PRV52648,842,255250,303.14726840855104,1.5807600950118765,0.0,259,21,0.11757719714964371,4.631828978622328,0.0,Yes
PRV52649,2156,602190,279.30890538033395,1.4837662337662338,0.0,1421,21,0.0839517625231911,4.576530612244898,0.0,Yes
PRV52652,743,190560,256.47375504710635,1.5450874831763122,0.0,503,1,0.17092866756393002,4.698519515477793,0.0,Yes
PRV52653,14,68950,4925.0,3.2142857142857144,11.0,13,10,0.21428571428571427,4.642857142857143,0.2857142857142857,No
PRV52654,177,483550,2731.9209039548023,2.615819209039548,4.793103448275862,171,101,0.0903954802259887,4.796610169491525,0.327683615819209,No
PRV52656,775,239770,309.3806451612903,1.423225806451613,0.0,631,3,0.16,4.589677419354839,0.0,No
PRV52657,121,29250,241.73553719008265,0.6115702479338843,0.0,61,3,0.17355371900826447,4.214876033057851,0.0,No
PRV52658,39,14840,380.5128205128205,2.230769230769231,0.0,36,8,0.07692307692307693,5.153846153846154,0.0,No
PRV52659,24,3310,137.91666666666666,0.8333333333333334,0.0,24,13,0.08333333333333333,4.041666666666667,0.0,No
PRV52660,558,145400,260.57347670250897,1.075268817204301,0.0,329,4,0.10752688172043011,4.295698924731183,0.0,No
PRV52661,247,75690,306.43724696356276,1.3157894736842106,0.0,233,1,0.15384615384615385,4.348178137651822,0.0,No
PRV52662,19,12790,673.1578947368421,1.631578947368421,3.5,18,13,0.05263157894736842,4.894736842105263,0.10526315789473684,No
PRV52663,576,180650,313.62847222222223,1.2013888888888888,0.0,272,19,0.16145833333333334,4.331597222222222,0.0,No
PRV52665,607,146130,240.74135090609556,1.2487644151565074,0.0,416,13,0.057660626029654036,4.660626029654036,0.0,No
PRV52666,39,8930,228.97435897435898,1.9230769230769231,0.0,38,1,0.20512820512820512,4.384615384615385,0.0,No
PRV52670,13,760,58.46153846153846,0.0,0.0,13,2,0.15384615384615385,3.230769230769231,0.0,No
PRV52673,87,19470,223.79310344827587,1.2413793103448276,0.0,52,1,0.1724137931034483,4.333333333333333,0.0,No
PRV52676,39,9800,251.28205128205127,0.4358974358974359,0.0,34,2,0.02564102564102564,3.7435897435897436,0.0,No
PRV52678,74,24930,336.8918918918919,2.4594594594594597,0.0,51,19,0.17567567567567569,4.891891891891892,0.0,No
PRV52679,53,16100,303.77358490566036,1.9433962264150944,0.0,36,2,0.18867924528301888,3.9056603773584904,0.0,No
PRV52683,131,33240,253.74045801526717,1.2213740458015268,0.0,66,3,0.12213740458015267,4.015267175572519,0.0,No
PRV52684,210,130040,619.2380952380952,1.7047619047619047,9.6,108,3,0.10476190476190476,4.204761904761905,0.023809523809523808,No
PRV52686,9,1120,124.44444444444444,4.444444444444445,0.0,8,4,0.1111111111111111,4.666666666666667,0.0,No
PRV52687,41,61920,1510.2439024390244,2.2439024390243905,4.666666666666667,25,18,0.24390243902439024,4.048780487804878,0.14634146341463414,No
PRV52688,59,115670,1960.5084745762713,2.5084745762711864,5.833333333333333,30,9,0.0847457627118644,5.0,0.1016949152542373,No
PRV52689,12,1330,110.83333333333333,0.0,0.0,12,7,0.08333333333333333,4.083333333333333,0.0,No
PRV52690,117,52510,448.8034188034188,2.0085470085470085,0.0,37,2,0.20512820512820512,5.102564102564102,0.0,Yes
PRV52691,17,22380,1316.4705882352941,2.9411764705882355,6.0,15,9,0.17647058823529413,4.882352941176471,0.17647058823529413,No
PRV52692,36,9640,267.77777777777777,2.8333333333333335,0.0,18,1,0.2222222222222222,4.194444444444445,0.0,No
PRV52693,8,3920,490.0,2.5,0.0,8,5,0.125,4.375,0.0,No
PRV52698,123,41770,339.5934959349593,2.040650406504065,2.0,56,4,0.18699186991869918,4.59349593495935,0.008130081300813009,No
PRV52699,12,13150,1095.8333333333333,2.0833333333333335,3.0,11,8,0.08333333333333333,5.0,0.08333333333333333,No
PRV52700,30,12300,410.0,2.3666666666666667,0.0,16,4,0.1,2.566666666666667,0.0,No
PRV52701,96,25610,266.7708333333333,1.0729166666666667,0.0,55,3,0.0625,4.677083333333333,0.0,No
PRV52702,28,6750,241.07142857142858,2.4642857142857144,0.0,24,11,0.07142857142857142,4.964285714285714,0.0,No
PRV52704,159,51790,325.72327044025155,1.421383647798742,0.0,73,2,0.06289308176100629,4.70440251572327,0.0,No
PRV52706,26,33190,1276.5384615384614,4.461538461538462,18.5,25,16,0.11538461538461539,4.3076923076923075,0.07692307692307693,No
PRV52708,31,40400,1303.225806451613,1.3548387096774193,4.0,12,10,0.22580645161290322,4.709677419354839,0.16129032258064516,No
PRV52709,13,2220,170.76923076923077,3.076923076923077,0.0,4,2,0.07692307692307693,3.4615384615384617,0.0,No
PRV52710,28,4410,157.5,0.6428571428571429,0.0,26,10,0.03571428571428571,3.7857142857142856,0.0,No
PRV52711,28,9110,325.35714285714283,1.5714285714285714,0.0,18,5,0.10714285714285714,3.642857142857143,0.0,No
PRV52713,60,14260,237.66666666666666,1.9333333333333333,0.0,21,2,0.0,3.966666666666667,0.0,No
PRV52717,129,211130,1636.6666666666667,1.813953488372093,5.2,87,5,0.10077519379844961,4.627906976744186,0.15503875968992248,No
PRV52719,63,10840,172.06349206349208,0.8571428571428571,0.0,33,1,0.14285714285714285,3.4444444444444446,0.0,No
PRV52720,50,15050,301.0,2.02,0.0,24,8,0.14,4.9,0.0,No
PRV52722,283,147380,520.7773851590106,1.3780918727915195,5.555555555555555,119,6,0.13074204946996468,4.180212014134276,0.03180212014134275,No
PRV52723,181,219760,1214.1436464088397,1.9226519337016574,7.444444444444445,93,4,0.14917127071823205,4.6740331491712706,0.09944751381215469,No
PRV52724,24,5040,210.0,1.5,0.0,17,1,0.20833333333333334,3.375,0.0,No
PRV52725,42,18850,448.8095238095238,1.2142857142857142,0.0,40,1,0.21428571428571427,4.571428571428571,0.0,No
PRV52727,12,2650,220.83333333333334,1.5833333333333333,0.0,10,2,0.25,4.0,0.0,No
PRV52728,15,3140,209.33333333333334,0.6,0.0,12,6,0.06666666666666667,4.266666666666667,0.0,No
PRV52731,23,4410,191.7391304347826,2.6956521739130435,0.0,13,2,0.13043478260869565,4.086956521739131,0.0,No
PRV52732,10,2490,249.0,4.0,0.0,6,1,0.0,4.3,0.0,No
PRV52738,62,17660,284.83870967741933,1.3709677419354838,0.0,49,1,0.12903225806451613,4.645161290322581,0.0,No
PRV52739,53,11400,215.0943396226415,1.6226415094339623,0.0,39,2,0.20754716981132076,4.830188679245283,0.0,No
PRV52740,34,6310,185.58823529411765,3.235294117647059,0.0,18,2,0.08823529411764706,5.235294117647059,0.0,No
PRV52745,156,47020,301.4102564102564,1.0897435897435896,0.0,152,2,0.15384615384615385,4.5,0.0,No
PRV52747,21,7520,358.0952380952381,1.7619047619047619,0.0,21,1,0.23809523809523808,4.523809523809524,0.0,No
PRV52748,10,610,61.0,0.0,0.0,10,2,0.0,5.4,0.0,No
PRV52750,26,10700,411.53846153846155,4.461538461538462,0.0,26,1,0.19230769230769232,5.038461538461538,0.0,No
PRV52755,11,5930,539.0909090909091,1.8181818181818181,0.0,9,2,0.36363636363636365,4.545454545454546,0.0,No
PRV52761,11,4740,430.90909090909093,1.9090909090909092,0.0,11,4,0.0,3.6363636363636362,0.0,No
PRV52766,11,2010,182.72727272727272,0.0,0.0,11,3,0.18181818181818182,3.8181818181818183,0.0,No
PRV52768,25,7310,292.4,0.8,0.0,25,1,0.08,4.72,0.0,No
PRV52772,12,2050,170.83333333333334,0.4166666666666667,0.0,12,1,0.16666666666666666,3.1666666666666665,0.0,No
PRV52782,10,1730,173.0,0.5,0.0,7,1,0.0,4.1,0.0,No
PRV52787,11,67000,6090.909090909091,2.8181818181818183,2.8181818181818183,11,3,0.5454545454545454,5.363636363636363,1.0,No
PRV52788,401,115280,287.48129675810475,1.139650872817955,0.0,373,2,0.08728179551122195,4.600997506234414,0.0,No
PRV52789,38,12500,328.94736842105266,2.4210526315789473,0.0,38,1,0.13157894736842105,3.9473684210526314,0.0,No
PRV52790,28,6860,245.0,0.7142857142857143,0.0,15,1,0.07142857142857142,4.464285714285714,0.0,No
PRV52793,17,4230,248.8235294117647,2.176470588235294,0.0,17,1,0.23529411764705882,4.823529411764706,0.0,No
PRV52795,19,6150,323.6842105263158,2.8947368421052633,0.0,13,11,0.0,5.2631578947368425,0.0,No
PRV52796,48,16690,347.7083333333333,0.7083333333333334,0.0,16,2,0.1875,4.083333333333333,0.0,No
PRV52798,56,18160,324.2857142857143,1.6607142857142858,0.0,38,1,0.19642857142857142,4.107142857142857,0.0,No
PRV52800,8,1890,236.25,0.0,0.0,6,3,0.25,4.625,0.0,No
PRV52801,31,10510,339.03225806451616,2.2580645161290325,0.0,22,8,0.0967741935483871,4.67741935483871,0.0,No
PRV52813,17,142000,8352.941176470587,4.588235294117647,4.588235294117647,15,4,0.29411764705882354,5.294117647058823,1.0,No
PRV52815,26,390000,15000.0,5.6923076923076925,5.6923076923076925,24,4,0.19230769230769232,6.3076923076923075,1.0,Yes
PRV52818,39,9730,249.48717948717947,0.9743589743589743,0.0,35,19,0.15384615384615385,4.948717948717949,0.0,No
PRV52820,32,6510,203.4375,0.125,0.0,30,24,0.03125,5.03125,0.0,No
PRV52821,713,1822970,2556.760168302945,2.8162692847124826,5.936416184971098,389,14,0.22580645161290322,4.556802244039271,0.2426367461430575,Yes
PRV52822,135,43480,322.0740740740741,1.385185185185185,0.0,97,1,0.16296296296296298,4.496296296296296,0.0,No
PRV52823,87,65100,748.2758620689655,2.4022988505747125,10.857142857142858,70,43,0.034482758620689655,4.781609195402299,0.08045977011494253,No
PRV52824,42,8740,208.0952380952381,0.5238095238095238,0.0,39,25,0.14285714285714285,4.9523809523809526,0.0,No
PRV52825,22,5870,266.8181818181818,1.8636363636363635,0.0,21,18,0.0,4.5,0.0,No
PRV52826,292,101600,347.94520547945206,1.5410958904109588,0.0,103,4,0.05821917808219178,4.284246575342466,0.0,Yes
PRV52827,804,282060,350.82089552238807,2.2412935323383083,0.0,296,6,0.028606965174129355,4.517412935323383,0.0,No
PRV52828,44,221050,5023.863636363636,4.181818181818182,5.695652173913044,38,10,0.09090909090909091,4.613636363636363,0.5227272727272727,Yes
PRV52829,533,226800,425.515947467167,1.6904315196998123,3.5,326,33,0.043151969981238276,4.228893058161351,0.01125703564727955,No
PRV52830,34,7250,213.23529411764707,0.29411764705882354,0.0,28,15,0.029411764705882353,3.7058823529411766,0.0,No
PRV52831,31,247920,7997.419354838709,4.0,5.85,29,9,0.03225806451612903,5.354838709677419,0.6451612903225806,No
PRV52832,31,10180,328.38709677419354,0.3548387096774194,0.0,30,21,0.0,4.064516129032258,0.0,No
PRV52833,14,27460,1961.4285714285713,6.428571428571429,16.75,12,8,0.21428571428571427,5.357142857142857,0.2857142857142857,No
PRV52835,57,140360,2462.4561403508774,1.912280701754386,5.636363636363637,57,39,0.05263157894736842,4.350877192982456,0.19298245614035087,No
PRV52836,21,53680,2556.190476190476,1.8095238095238095,6.8,20,17,0.09523809523809523,5.761904761904762,0.23809523809523808,No
PRV52837,71,31930,449.71830985915494,0.5211267605633803,3.0,59,42,0.04225352112676056,4.366197183098592,0.028169014084507043,No
PRV52838,83,25230,303.9759036144578,0.9156626506024096,0.0,61,8,0.0963855421686747,4.879518072289157,0.0,No
PRV52839,33,12290,372.42424242424244,1.9696969696969697,0.0,30,27,0.06060606060606061,4.666666666666667,0.0,No
PRV52842,445,396510,891.0337078651686,1.4764044943820225,4.75,263,14,0.06741573033707865,4.2314606741573035,0.05393258426966292,No
PRV52843,251,592160,2359.203187250996,1.7729083665338645,5.382978723404255,190,134,0.06374501992031872,4.442231075697211,0.18725099601593626,Yes
PRV52844,129,46950,363.95348837209303,1.5426356589147288,2.5,112,58,0.05426356589147287,3.9767441860465116,0.015503875968992248,No
PRV52845,231,268340,1161.6450216450216,1.5974025974025974,3.375,137,24,0.05627705627705628,4.186147186147186,0.03463203463203463,No
PRV52846,241,2117010,8784.273858921162,4.7012448132780085,5.668571428571428,222,48,0.3112033195020747,5.1161825726141075,0.7261410788381742,Yes
PRV52847,92,617430,6711.195652173913,4.032608695652174,5.338709677419355,75,20,0.21739130434782608,5.086956521739131,0.6739130434782609,Yes
PRV52848,25,5280,211.2,1.4,0.0,25,21,0.04,4.16,0.0,No
PRV52849,14,45780,3270.0,1.1428571428571428,4.5,13,11,0.0,5.0,0.14285714285714285,No
PRV52850,146,48470,331.986301369863,1.5890410958904109,5.0,52,6,0.1780821917808219,4.705479452054795,0.00684931506849315,No
PRV52851,37,67460,1823.2432432432433,2.189189189189189,4.875,35,21,0.24324324324324326,4.864864864864865,0.21621621621621623,No
PRV52853,29,11050,381.0344827586207,2.2413793103448274,0.0,24,12,0.13793103448275862,4.448275862068965,0.0,No
PRV52855,22,31800,1445.4545454545455,2.590909090909091,5.333333333333333,22,13,0.13636363636363635,4.636363636363637,0.13636363636363635,No
PRV52857,459,196310,427.69063180827885,1.4901960784313726,6.333333333333333,178,21,0.06535947712418301,4.139433551198257,0.013071895424836602,No
PRV52858,80,164760,2059.5,3.1125,6.428571428571429,77,46,0.1,5.1125,0.175,No
PRV52859,911,287930,316.059275521405,1.5093304061470911,0.0,441,24,0.10867178924259056,4.57628979143798,0.0,No
PRV52860,393,107830,274.3765903307888,2.1348600508905853,0.0,149,7,0.06615776081424936,4.246819338422392,0.0,Yes
PRV52861,14,1770,126.42857142857143,1.5714285714285714,0.0,14,14,0.0,3.9285714285714284,0.0,No
PRV52862,76,432660,5692.894736842105,3.960526315789474,4.428571428571429,67,28,0.10526315789473684,4.947368421052632,0.7368421052631579,No
PRV52863,52,14650,281.7307692307692,1.9807692307692308,0.0,29,15,0.09615384615384616,4.0,0.0,No
PRV52864,28,12870,459.64285714285717,0.8214285714285714,0.0,22,16,0.10714285714285714,4.892857142857143,0.0,No
PRV52865,66,82790,1254.3939393939395,1.4090909090909092,2.8333333333333335,57,23,0.09090909090909091,4.242424242424242,0.09090909090909091,No
PRV52868,110,434120,3946.5454545454545,3.309090909090909,5.071428571428571,93,30,0.20909090909090908,4.363636363636363,0.38181818181818183,Yes
PRV52869,62,94120,1518.0645161290322,1.4838709677419355,6.857142857142857,50,40,0.16129032258064516,3.5483870967741935,0.11290322580645161,No
PRV52870,589,453380,769.7453310696095,1.767402376910017,4.485714285714286,220,8,0.1307300509337861,4.758913412563667,0.059422750424448216,Yes
PRV52872,108,47710,441.75925925925924,1.9351851851851851,0.0,102,36,0.10185185185185185,4.268518518518518,0.0,No
PRV52873,69,16500,239.1304347826087,0.5072463768115942,0.0,56,12,0.10144927536231885,4.115942028985507,0.0,No
PRV52875,12,1540,128.33333333333334,1.5,0.0,12,1,0.16666666666666666,4.25,0.0,No
PRV52876,73,195980,2684.6575342465753,2.8767123287671232,6.333333333333333,66,26,0.1095890410958904,4.931506849315069,0.2465753424657534,No
PRV52877,19,2450,128.94736842105263,1.4210526315789473,0.0,19,13,0.0,4.473684210526316,0.0,No
PRV52878,27,11700,433.3333333333333,1.4814814814814814,0.0,25,2,0.07407407407407407,3.7037037037037037,0.0,No
PRV52879,120,26880,224.0,0.7333333333333333,0.0,56,2,0.15,4.225,0.0,No
PRV52880,20,19560,978.0,0.6,2.0,19,8,0.05,4.1,0.15,No
PRV52881,302,211510,700.364238410596,1.5,3.75,225,12,0.04966887417218543,4.460264900662252,0.06622516556291391,No
PRV52882,41,14960,364.8780487804878,1.7804878048780488,0.0,32,5,0.14634146341463414,4.926829268292683,0.0,No
PRV52884,707,237930,336.53465346534654,1.7383309759547383,0.0,213,4,0.16407355021216408,4.253182461103253,0.0,Yes
PRV52886,70,24030,343.2857142857143,1.6428571428571428,0.0,41,2,0.15714285714285714,4.2,0.0,No
PRV52887,530,383590,723.7547169811321,1.5943396226415094,8.173913043478262,202,13,0.1660377358490566,4.613207547169812,0.04339622641509434,Yes
PRV52889,640,407500,636.71875,1.2171875,4.129032258064516,363,35,0.0625,4.5515625,0.0484375,No
PRV52890,22,34950,1588.6363636363637,1.8181818181818181,4.5,22,8,0.045454545454545456,4.5,0.18181818181818182,No
PRV52891,19,2580,135.78947368421052,1.0526315789473684,0.0,19,17,0.0,4.368421052631579,0.0,No
PRV52892,36,108690,3019.1666666666665,2.8055555555555554,8.571428571428571,29,24,0.027777777777777776,4.805555555555555,0.19444444444444445,No
PRV52893,362,131850,364.22651933701655,1.5138121546961325,0.0,227,9,0.10220994475138122,4.3812154696132595,0.0,No
PRV52895,81,26180,323.2098765432099,2.3950617283950617,0.0,72,4,0.13580246913580246,4.320987654320987,0.0,No
PRV52896,142,300920,2119.154929577465,2.028169014084507,5.647058823529412,97,17,0.11971830985915492,4.626760563380282,0.11971830985915492,No
PRV52897,45,9140,203.11111111111111,0.6666666666666666,0.0,39,24,0.022222222222222223,5.022222222222222,0.0,No
PRV52898,114,535930,4701.140350877193,3.543859649122807,5.729166666666667,108,35,0.14912280701754385,4.9035087719298245,0.42105263157894735,No
PRV52901,85,23030,270.94117647058823,0.7647058823529411,0.0,50,2,0.17647058823529413,3.5058823529411764,0.0,No
PRV52902,46,132250,2875.0,1.6521739130434783,2.761904761904762,44,14,0.13043478260869565,4.630434782608695,0.45652173913043476,No
PRV52903,200,1568110,7840.55,5.085,5.706586826347305,191,26,0.025,5.405,0.835,Yes
PRV52905,130,25440,195.69230769230768,1.5076923076923077,0.0,58,4,0.13076923076923078,4.292307692307692,0.0,No
PRV52907,183,53600,292.89617486338796,1.8907103825136613,0.0,79,2,0.15846994535519127,4.453551912568306,0.0,No
PRV52910,18,151600,8422.222222222223,3.888888888888889,4.8,16,7,0.1111111111111111,3.8333333333333335,0.5555555555555556,No
PRV52912,16,14640,915.0,0.375,4.0,14,8,0.125,4.1875,0.0625,No
PRV52913,35,11600,331.42857142857144,0.4,0.0,32,20,0.0,3.7714285714285714,0.0,No
PRV52914,61,17170,281.4754098360656,0.8852459016393442,0.0,44,15,0.06557377049180328,4.655737704918033,0.0,No
PRV52916,26,73130,2812.6923076923076,1.9615384615384615,6.166666666666667,25,14,0.07692307692307693,4.230769230769231,0.23076923076923078,No
PRV52917,32,8870,277.1875,0.71875,0.0,21,11,0.15625,3.96875,0.0,No
PRV52918,22,114010,5182.272727272727,3.5454545454545454,5.6923076923076925,20,5,0.0,4.636363636363637,0.5909090909090909,No
PRV52919,66,14070,213.1818181818182,1.2878787878787878,0.0,37,8,0.21212121212121213,3.242424242424242,0.0,No
PRV52920,17,14530,854.7058823529412,0.5294117647058824,2.5,17,9,0.11764705882352941,3.764705882352941,0.11764705882352941,No
PRV52921,46,27450,596.7391304347826,1.8478260869565217,3.3333333333333335,43,17,0.08695652173913043,4.673913043478261,0.06521739130434782,No
PRV52922,33,49510,1500.3030303030303,2.0303030303030303,3.7142857142857144,24,14,0.15151515151515152,4.848484848484849,0.21212121212121213,No
PRV52924,13,38730,2979.230769230769,0.7692307692307693,3.3333333333333335,11,10,0.0,4.846153846153846,0.23076923076923078,No
PRV52926,17,53760,3162.3529411764707,3.411764705882353,5.5,16,10,0.058823529411764705,5.0,0.23529411764705882,No
PRV52928,41,9260,225.85365853658536,1.170731707317073,0.0,23,2,0.12195121951219512,4.390243902439025,0.0,No
PRV52929,35,6770,193.42857142857142,0.7714285714285715,0.0,20,15,0.05714285714285714,3.942857142857143,0.0,No
PRV52930,127,39290,309.37007874015745,1.3858267716535433,0.0,61,1,0.1968503937007874,5.0078740157480315,0.0,No
PRV52931,14,3010,215.0,0.7857142857142857,0.0,14,7,0.0,3.857142857142857,0.0,No
PRV52932,40,13830,345.75,2.275,0.0,34,11,0.125,4.35,0.0,No
PRV52933,8,69390,8673.75,6.0,7.0,6,3,0.5,5.0,0.5,Yes
PRV52934,32,8730,272.8125,1.59375,0.0,18,8,0.125,4.25,0.0,No
PRV52935,280,101800,363.57142857142856,1.7857142857142858,0.0,85,1,0.15357142857142858,4.714285714285714,0.0,No
PRV52936,108,44340,410.55555555555554,0.5,2.75,34,20,0.14814814814814814,4.222222222222222,0.037037037037037035,No
PRV52937,24,6030,251.25,1.4583333333333333,0.0,21,13,0.041666666666666664,4.333333333333333,0.0,No
PRV52940,9,950,105.55555555555556,4.444444444444445,0.0,7,1,0.1111111111111111,4.888888888888889,0.0,No
PRV52941,43,13950,324.4186046511628,0.8372093023255814,0.0,39,3,0.16279069767441862,4.651162790697675,0.0,No
PRV52942,43,10910,253.72093023255815,2.116279069767442,0.0,39,2,0.20930232558139536,4.372093023255814,0.0,No
PRV52943,35,6760,193.14285714285714,3.5428571428571427,0.0,33,1,0.17142857142857143,5.371428571428571,0.0,No
PRV52945,46,6870,149.34782608695653,1.3043478260869565,0.0,24,1,0.21739130434782608,4.0,0.0,No
PRV52948,106,25320,238.8679245283019,1.2547169811320755,0.0,47,4,0.16037735849056603,4.688679245283019,0.0,No
PRV52949,79,27080,342.7848101265823,1.2658227848101267,0.0,51,1,0.20253164556962025,4.860759493670886,0.0,No
PRV52950,116,33830,291.63793103448273,1.043103448275862,0.0,64,2,0.16379310344827586,4.103448275862069,0.0,No
PRV52951,20,9980,499.0,2.0,0.0,20,2,0.15,4.4,0.0,No
PRV52953,85,23580,277.4117647058824,1.8588235294117648,0.0,61,2,0.15294117647058825,4.8,0.0,No
PRV52955,73,14160,193.97260273972603,1.273972602739726,0.0,63,1,0.1643835616438356,4.6438356164383565,0.0,No
PRV52956,18,2110,117.22222222222223,0.7222222222222222,0.0,9,1,0.2777777777777778,5.277777777777778,0.0,No
PRV52958,16,2020,126.25,0.0,0.0,15,4,0.0,4.5,0.0,No
PRV52962,14,3520,251.42857142857142,0.5,0.0,9,2,0.14285714285714285,4.642857142857143,0.0,No
PRV52963,9,850,94.44444444444444,2.2222222222222223,0.0,7,1,0.0,4.777777777777778,0.0,No
PRV52964,91,27140,298.24175824175825,1.120879120879121,0.0,37,1,0.15384615384615385,4.824175824175824,0.0,No
PRV52972,17,220000,12941.176470588236,4.647058823529412,4.647058823529412,14,2,0.35294117647058826,6.0,1.0,No
PRV52980,601,142660,237.3710482529118,1.1863560732113145,0.0,229,1,0.17970049916805325,4.2362728785357735,0.0,No
PRV52981,369,85830,232.60162601626016,0.9376693766937669,0.0,149,3,0.024390243902439025,3.745257452574526,0.0,No
PRV52982,643,216220,336.2674961119751,1.8709175738724728,0.0,231,15,0.1321928460342146,4.272161741835148,0.0,Yes
PRV52985,1403,1720120,1226.0299358517464,1.9942979330007127,5.768595041322314,500,99,0.05060584461867427,4.629365645046329,0.08624376336421953,Yes
PRV52986,36,132490,3680.277777777778,2.7777777777777777,4.444444444444445,31,18,0.1388888888888889,4.666666666666667,0.25,No
PRV52988,312,76070,243.81410256410257,1.1378205128205128,0.0,124,3,0.16025641025641027,3.8974358974358974,0.0,No
PRV52989,177,882590,4986.38418079096,2.937853107344633,5.742857142857143,138,90,0.04519774011299435,4.649717514124294,0.3954802259887006,Yes
PRV52990,79,208160,2634.9367088607596,2.1392405063291138,4.045454545454546,55,31,0.1518987341772152,4.987341772151899,0.27848101265822783,Yes
PRV52991,59,103970,1762.2033898305085,1.5423728813559323,6.125,54,30,0.0847457627118644,4.0508474576271185,0.13559322033898305,No
PRV52993,10,3120,312.0,0.1,0.0,9,8,0.1,3.8,0.0,No
PRV52996,37,11510,311.0810810810811,0.8108108108108109,0.0,30,18,0.16216216216216217,4.756756756756757,0.0,No
PRV52998,33,151190,4581.515151515152,3.1818181818181817,5.466666666666667,28,22,0.09090909090909091,4.696969696969697,0.45454545454545453,No
PRV52999,56,73210,1307.3214285714287,3.017857142857143,8.75,51,12,0.08928571428571429,4.696428571428571,0.14285714285714285,No
PRV53000,703,200250,284.850640113798,1.7041251778093884,0.0,469,260,0.06543385490753911,4.416785206258891,0.0,No
PRV53001,150,45460,303.06666666666666,1.5933333333333333,0.0,105,6,0.15333333333333332,4.6466666666666665,0.0,No
PRV53002,397,116040,292.29219143576825,1.093198992443325,0.0,134,3,0.15869017632241814,4.370277078085643,0.0,No
PRV53004,18,4310,239.44444444444446,2.2222222222222223,0.0,16,10,0.05555555555555555,4.166666666666667,0.0,No
PRV53005,50,168860,3377.2,2.64,5.375,37,27,0.12,4.84,0.32,Yes
PRV53007,96,400540,4172.291666666667,2.4166666666666665,4.702702702702703,68,50,0.10416666666666667,4.729166666666667,0.3854166666666667,Yes
PRV53008,52,353600,6800.0,4.576923076923077,5.564102564102564,48,17,0.038461538461538464,5.326923076923077,0.75,Yes
PRV53009,37,35620,962.7027027027027,1.1081081081081081,4.8,23,10,0.13513513513513514,4.162162162162162,0.13513513513513514,No
PRV53014,8,1180,147.5,2.25,0.0,8,6,0.0,3.25,0.0,No
PRV53015,8,1120,140.0,1.875,0.0,6,6,0.125,4.125,0.0,No
PRV53016,31,16900,545.1612903225806,1.032258064516129,0.0,18,6,0.16129032258064516,4.67741935483871,0.0,No
PRV53017,9,1000,111.11111111111111,0.0,0.0,4,7,0.0,4.0,0.0,No
PRV53018,41,11260,274.6341463414634,1.170731707317073,0.0,22,7,0.12195121951219512,2.951219512195122,0.0,No
PRV53019,15,4920,328.0,0.4666666666666667,0.0,13,3,0.13333333333333333,4.133333333333334,0.0,No
PRV53021,28,216950,7748.214285714285,3.857142857142857,6.0,21,4,0.10714285714285714,5.642857142857143,0.6428571428571429,Yes
PRV53024,26,13800,530.7692307692307,1.8076923076923077,3.5,19,12,0.23076923076923078,4.3076923076923075,0.07692307692307693,No
PRV53025,50,9460,189.2,0.1,0.0,19,5,0.14,3.14,0.0,No
PRV53026,26,6140,236.15384615384616,1.5384615384615385,0.0,16,10,0.11538461538461539,4.576923076923077,0.0,No
PRV53029,16,40050,2503.125,1.8125,7.0,11,6,0.3125,5.3125,0.25,No
PRV53032,23,48310,2100.4347826086955,1.434782608695652,6.6,19,11,0.13043478260869565,5.260869565217392,0.21739130434782608,No
PRV53035,34,5140,151.1764705882353,1.6470588235294117,0.0,27,14,0.11764705882352941,4.176470588235294,0.0,No
PRV53036,122,39530,324.0163934426229,1.5655737704918034,0.0,69,6,0.09836065573770492,4.80327868852459,0.0,No
PRV53037,9,4340,482.22222222222223,0.0,0.0,9,6,0.1111111111111111,3.888888888888889,0.0,No
PRV53038,24,13310,554.5833333333334,2.5,0.0,7,3,0.08333333333333333,4.833333333333333,0.0,No
PRV53040,14,51800,3700.0,1.1428571428571428,3.2,13,9,0.0,4.857142857142857,0.35714285714285715,No
PRV53042,39,10090,258.71794871794873,0.5384615384615384,0.0,36,19,0.1794871794871795,4.333333333333333,0.0,No
PRV53043,61,37740,618.688524590164,3.2295081967213113,0.0,24,3,0.06557377049180328,4.508196721311475,0.0,No
PRV53044,67,14460,215.82089552238807,1.5671641791044777,0.0,49,12,0.13432835820895522,3.925373134328358,0.0,No
PRV53045,216,62730,290.4166666666667,2.0185185185185186,0.0,78,3,0.004629629629629629,4.347222222222222,0.0,No
PRV53047,79,13060,165.31645569620252,1.5063291139240507,0.0,32,1,0.189873417721519,4.050632911392405,0.0,No
PRV53050,8,3730,466.25,0.375,1.5,7,6,0.125,4.75,0.25,No
PRV53052,9,5530,614.4444444444445,2.5555555555555554,3.0,8,4,0.0,3.5555555555555554,0.1111111111111111,No
PRV53054,49,10690,218.16326530612244,1.6326530612244898,0.0,27,6,0.061224489795918366,3.489795918367347,0.0,No
PRV53055,80,22570,282.125,0.9375,0.0,28,2,0.1125,4.075,0.0,No
PRV53056,35,10110,288.85714285714283,2.657142857142857,0.0,22,12,0.08571428571428572,4.085714285714285,0.0,No
PRV53057,53,20640,389.4339622641509,2.6792452830188678,0.0,29,3,0.05660377358490566,3.339622641509434,0.0,No
PRV53059,33,16320,494.54545454545456,1.6363636363636365,0.0,21,2,0.12121212121212122,5.454545454545454,0.0,No
PRV53064,35,6640,189.71428571428572,0.17142857142857143,0.0,28,8,0.02857142857142857,4.4,0.0,No
PRV53065,38,6230,163.94736842105263,0.7631578947368421,0.0,30,7,0.07894736842105263,4.815789473684211,0.0,No
PRV53067,16,4540,283.75,0.8125,0.0,14,8,0.1875,4.25,0.0,No
PRV53069,11,2630,239.0909090909091,0.0,0.0,9,9,0.0,3.727272727272727,0.0,No
PRV53070,20,111530,5576.5,3.95,6.583333333333333,17,6,0.2,5.65,0.6,No
PRV53071,28,12310,439.64285714285717,0.21428571428571427,0.0,20,4,0.10714285714285714,4.785714285714286,0.0,No
PRV53072,18,4990,277.22222222222223,0.05555555555555555,0.0,18,9,0.16666666666666666,4.5,0.0,No
PRV53073,14,1270,90.71428571428571,0.0,0.0,7,9,0.07142857142857142,3.9285714285714284,0.0,No
PRV53074,178,48950,275.0,1.3314606741573034,0.0,66,1,0.20786516853932585,4.455056179775281,0.0,No
PRV53076,105,30840,293.7142857142857,1.1238095238095238,0.0,47,1,0.2,4.295238095238095,0.0,No
PRV53077,124,38270,308.6290322580645,2.1774193548387095,0.0,81,2,0.1693548387096774,3.870967741935484,0.0,No
PRV53078,45,10880,241.77777777777777,0.8888888888888888,0.0,37,3,0.15555555555555556,4.5777777777777775,0.0,No
PRV53081,9,1800,200.0,0.0,0.0,8,1,0.1111111111111111,3.4444444444444446,0.0,No
PRV53087,31,9580,309.03225806451616,1.6451612903225807,0.0,16,2,0.16129032258064516,4.451612903225806,0.0,No
PRV53090,179,58850,328.7709497206704,1.4357541899441342,0.0,71,1,0.16201117318435754,4.4525139664804465,0.0,No
PRV53096,130,53000,407.6923076923077,1.3307692307692307,0.0,103,72,0.0,4.607692307692307,0.0,No
PRV53100,130,86880,668.3076923076923,1.9230769230769231,4.4,74,15,0.12307692307692308,4.346153846153846,0.038461538461538464,No
PRV53101,8,9410,1176.25,0.75,3.0,8,6,0.125,3.625,0.25,No
PRV53102,19,5910,311.05263157894734,1.6842105263157894,0.0,16,4,0.0,5.631578947368421,0.0,No
PRV53103,79,88440,1119.493670886076,2.1012658227848102,4.714285714285714,62,42,0.0379746835443038,4.455696202531645,0.08860759493670886,No
PRV53104,80,252770,3159.625,3.4125,6.107142857142857,55,37,0.1375,4.7875,0.35,No
PRV53106,44,27140,616.8181818181819,0.6590909090909091,1.5,28,23,0.09090909090909091,5.0,0.09090909090909091,Yes
PRV53107,15,103390,6892.666666666667,3.933333333333333,6.555555555555555,15,9,0.0,4.4,0.6,No
PRV53108,48,69450,1446.875,2.625,5.8,37,15,0.14583333333333334,4.020833333333333,0.10416666666666667,No
PRV53109,28,22290,796.0714285714286,1.75,3.0,22,14,0.10714285714285714,4.214285714285714,0.10714285714285714,No
PRV53110,30,23280,776.0,2.033333333333333,11.0,21,14,0.2,4.733333333333333,0.03333333333333333,No
PRV53111,33,68750,2083.3333333333335,3.8484848484848486,4.714285714285714,29,25,0.06060606060606061,4.666666666666667,0.21212121212121213,No
PRV53113,81,19320,238.5185185185185,1.6790123456790123,0.0,61,23,0.09876543209876543,4.135802469135802,0.0,No
PRV53114,29,364680,12575.172413793103,4.172413793103448,7.142857142857143,22,13,0.20689655172413793,5.551724137931035,0.4827586206896552,Yes
PRV53116,44,8230,187.04545454545453,0.9318181818181818,0.0,25,11,0.22727272727272727,4.931818181818182,0.0,No
PRV53117,251,215370,858.0478087649402,1.8844621513944224,6.611111111111111,167,16,0.12350597609561753,4.370517928286852,0.07171314741035857,No
PRV53119,18,26410,1467.2222222222222,2.2222222222222223,13.333333333333334,14,9,0.1111111111111111,4.0,0.16666666666666666,Yes
PRV53120,65,115950,1783.8461538461538,1.5384615384615385,4.5,59,45,0.046153846153846156,5.0,0.15384615384615385,No
PRV53121,579,562270,971.1053540587219,1.7841105354058722,4.604166666666667,279,39,0.14680483592400692,4.711571675302245,0.08290155440414508,Yes
PRV53122,24,8070,336.25,0.8333333333333334,0.0,18,4,0.16666666666666666,3.375,0.0,No
PRV53123,132,45750,346.59090909090907,1.7803030303030303,0.0,82,54,0.09090909090909091,4.4772727272727275,0.0,No
PRV53124,65,178380,2744.3076923076924,3.8461538461538463,6.8,53,26,0.03076923076923077,5.2153846153846155,0.3076923076923077,No
PRV53126,34,11820,347.6470588235294,3.911764705882353,0.0,25,12,0.20588235294117646,4.676470588235294,0.0,No
PRV53127,99,29730,300.3030303030303,0.6464646464646465,7.0,55,17,0.16161616161616163,4.03030303030303,0.010101010101010102,No
PRV53128,33,24220,733.939393939394,1.303030303030303,2.0,19,8,0.15151515151515152,5.757575757575758,0.030303030303030304,No
PRV53129,46,82550,1794.5652173913043,1.391304347826087,12.666666666666666,39,21,0.17391304347826086,4.543478260869565,0.06521739130434782,No
PRV53131,13,48330,3717.6923076923076,2.6923076923076925,5.833333333333333,13,7,0.15384615384615385,5.076923076923077,0.46153846153846156,No
PRV53133,159,46660,293.45911949685535,1.6918238993710693,0.0,106,61,0.10062893081761007,4.509433962264151,0.0,No
PRV53134,10,4030,403.0,1.4,0.0,8,3,0.0,2.7,0.0,No
PRV53136,43,161020,3744.6511627906975,2.627906976744186,10.0,40,24,0.06976744186046512,5.116279069767442,0.16279069767441862,Yes
PRV53137,30,8900,296.6666666666667,1.9333333333333333,0.0,23,18,0.03333333333333333,4.533333333333333,0.0,No
PRV53138,10,1570,157.0,0.0,0.0,10,7,0.0,4.5,0.0,No
PRV53139,9,780,86.66666666666667,3.5555555555555554,0.0,7,3,0.2222222222222222,4.222222222222222,0.0,No
PRV53140,21,2180,103.80952380952381,1.8095238095238095,0.0,19,13,0.09523809523809523,4.571428571428571,0.0,No
PRV53141,105,332720,3168.7619047619046,2.961904761904762,5.25,93,22,0.08571428571428572,4.914285714285715,0.3047619047619048,No
PRV53142,111,394050,3550.0,3.2972972972972974,5.461538461538462,98,78,0.02702702702702703,5.09009009009009,0.35135135135135137,Yes
PRV53143,12,65670,5472.5,3.1666666666666665,6.0,7,4,0.3333333333333333,5.333333333333333,0.3333333333333333,No
PRV53144,39,36460,934.8717948717949,2.8205128205128207,8.75,34,30,0.02564102564102564,4.794871794871795,0.10256410256410256,No
PRV53145,132,34760,263.3333333333333,1.6666666666666667,0.0,111,1,0.2196969696969697,4.545454545454546,0.0,No
PRV53147,18,6760,375.55555555555554,2.2222222222222223,0.0,16,12,0.1111111111111111,3.6666666666666665,0.0,No
PRV53148,15,2580,172.0,0.13333333333333333,0.0,13,11,0.06666666666666667,4.533333333333333,0.0,No
PRV53149,61,14860,243.60655737704917,2.3278688524590163,0.0,21,2,0.08196721311475409,5.278688524590164,0.0,No
PRV53150,13,3130,240.76923076923077,0.38461538461538464,0.0,5,6,0.0,5.538461538461538,0.0,No
PRV53151,25,6360,254.4,2.2,0.0,19,11,0.16,4.88,0.0,No
PRV53153,24,121630,5067.916666666667,3.25,9.666666666666666,21,7,0.125,4.333333333333333,0.25,No
PRV53154,52,23670,455.1923076923077,2.3461538461538463,0.0,15,4,0.17307692307692307,4.884615384615385,0.0,No
PRV53156,16,6570,410.625,0.4375,0.0,10,6,0.4375,5.0,0.0,No
PRV53159,27,36160,1339.2592592592594,0.18518518518518517,2.5,10,13,0.18518518518518517,5.111111111111111,0.07407407407407407,No
PRV53163,12,800,66.66666666666667,0.0,0.0,3,2,0.0,2.1666666666666665,0.0,No
PRV53164,25,4180,167.2,0.76,0.0,21,13,0.28,4.52,0.0,No
PRV53166,23,8960,389.5652173913044,1.0,8.0,21,14,0.0,5.304347826086956,0.043478260869565216,No
PRV53171,17,8330,490.0,1.4705882352941178,0.0,5,5,0.11764705882352941,5.0588235294117645,0.0,No
PRV53173,43,16610,386.27906976744185,2.488372093023256,0.0,23,16,0.20930232558139536,6.209302325581396,0.0,No
PRV53175,9,710,78.88888888888889,0.8888888888888888,0.0,9,6,0.2222222222222222,2.3333333333333335,0.0,No
PRV53176,34,6000,176.47058823529412,0.6176470588235294,0.0,13,9,0.20588235294117646,4.117647058823529,0.0,No
PRV53177,16,1520,95.0,1.1875,0.0,11,7,0.0625,3.875,0.0,No
PRV53179,28,20190,721.0714285714286,1.3571428571428572,3.5,27,3,0.2857142857142857,3.8214285714285716,0.07142857142857142,No
PRV53186,8,4710,588.75,0.25,0.0,7,7,0.25,6.0,0.0,No
PRV53188,10,1220,122.0,0.0,0.0,8,7,0.0,4.6,0.0,No
PRV53189,28,53030,1893.9285714285713,1.9285714285714286,3.25,23,13,0.07142857142857142,4.5,0.14285714285714285,No
PRV53191,15,3310,220.66666666666666,0.0,0.0,3,4,0.26666666666666666,3.6666666666666665,0.0,No
PRV53192,149,40610,272.5503355704698,1.6979865771812082,0.0,51,9,0.16778523489932887,5.2885906040268456,0.0,No
PRV53194,32,22330,697.8125,0.6875,0.0,12,1,0.15625,4.96875,0.0,No
PRV53196,16,4480,280.0,2.125,0.0,9,7,0.1875,3.875,0.0,No
PRV53201,13,14220,1093.8461538461538,8.384615384615385,0.0,8,5,0.07692307692307693,6.230769230769231,0.0,No
PRV53202,11,670,60.90909090909091,2.0,0.0,8,7,0.0,3.0,0.0,No
PRV53205,14,1280,91.42857142857143,1.5,0.0,10,4,0.21428571428571427,5.357142857142857,0.0,No
PRV53207,10,500,50.0,0.7,0.0,7,5,0.0,2.5,0.0,No
PRV53208,23,58500,2543.478260869565,4.565217391304348,8.25,17,8,0.0,3.782608695652174,0.17391304347826086,Yes
PRV53210,32,27050,845.3125,1.40625,5.0,30,15,0.0625,4.71875,0.09375,No
PRV53213,22,6910,314.09090909090907,0.7272727272727273,0.0,19,6,0.13636363636363635,4.7727272727272725,0.0,No
PRV53214,18,4280,237.77777777777777,1.1111111111111112,0.0,14,9,0.16666666666666666,3.9444444444444446,0.0,No
PRV53215,11,1560,141.8181818181818,1.1818181818181819,0.0,11,5,0.2727272727272727,4.454545454545454,0.0,No
PRV53216,115,20930,182.0,1.1130434782608696,0.0,46,5,0.1391304347826087,4.6869565217391305,0.0,No
PRV53218,13,2780,213.84615384615384,0.15384615384615385,0.0,9,7,0.15384615384615385,4.3076923076923075,0.0,No
PRV53221,16,6510,406.875,0.9375,0.0,9,1,0.25,4.4375,0.0,No
PRV53222,45,10770,239.33333333333334,0.8444444444444444,0.0,24,3,0.06666666666666667,5.4,0.0,No
PRV53223,23,11790,512.6086956521739,0.8695652173913043,0.0,18,1,0.21739130434782608,5.6521739130434785,0.0,No
PRV53224,12,1680,140.0,1.6666666666666667,0.0,12,1,0.08333333333333333,3.9166666666666665,0.0,No
PRV53225,49,415300,8475.510204081633,5.918367346938775,5.918367346938775,47,4,0.14285714285714285,5.612244897959184,1.0,No
PRV53226,19,150000,7894.736842105263,8.0,9.368421052631579,19,2,0.3157894736842105,5.473684210526316,1.0,No
PRV53227,74,18610,251.48648648648648,1.4864864864864864,0.0,59,2,0.1891891891891892,4.175675675675675,0.0,No
PRV53229,139,29840,214.67625899280574,1.2949640287769784,0.0,65,4,0.1510791366906475,4.64748201438849,0.0,No
PRV53230,56,16260,290.35714285714283,2.017857142857143,0.0,40,11,0.14285714285714285,4.660714285714286,0.0,No
PRV53232,64,25300,395.3125,2.28125,0.0,28,4,0.1875,4.0,0.0,No
PRV53233,13,96000,7384.615384615385,4.3076923076923075,4.3076923076923075,12,4,0.5384615384615384,5.769230769230769,1.0,No
PRV53236,9,96000,10666.666666666666,5.444444444444445,5.444444444444445,8,1,0.6666666666666666,6.0,1.0,No
PRV53237,8,1230,153.75,0.75,0.0,7,1,0.125,4.375,0.0,No
PRV53238,195,143590,736.3589743589744,1.6923076923076923,7.444444444444445,165,55,0.09743589743589744,4.579487179487179,0.046153846153846156,No
PRV53239,113,232580,2058.2300884955753,2.9911504424778763,6.578947368421052,88,37,0.11504424778761062,4.548672566371682,0.168141592920354,No
PRV53242,259,1176290,4541.660231660232,3.247104247104247,6.247619047619048,209,65,0.08108108108108109,5.146718146718147,0.40540540540540543,Yes
PRV53243,75,111760,1490.1333333333334,1.3333333333333333,4.0,61,22,0.12,4.44,0.12,No
PRV53244,508,465750,916.8307086614174,1.4409448818897639,4.476190476190476,162,24,0.0610236220472441,4.46259842519685,0.08267716535433071,No
PRV53245,146,214800,1471.2328767123288,1.5684931506849316,5.75,106,44,0.0958904109589041,4.7465753424657535,0.1095890410958904,Yes
PRV53246,109,56490,518.256880733945,1.385321100917431,7.5,101,31,0.05504587155963303,4.36697247706422,0.01834862385321101,No
PRV53247,37,65960,1782.7027027027027,1.9189189189189189,3.4285714285714284,35,12,0.21621621621621623,3.891891891891892,0.1891891891891892,No
PRV53248,57,88890,1559.4736842105262,1.631578947368421,5.0,39,16,0.19298245614035087,4.175438596491228,0.08771929824561403,No
PRV53249,23,60140,2614.782608695652,3.391304347826087,9.666666666666666,19,6,0.2608695652173913,4.695652173913044,0.2608695652173913,No
PRV53251,233,95400,409.4420600858369,1.6309012875536482,2.75,117,9,0.19742489270386265,4.55793991416309,0.017167381974248927,No
PRV53252,77,78090,1014.1558441558442,0.8181818181818182,4.0,31,15,0.11688311688311688,4.259740259740259,0.05194805194805195,No
PRV53253,110,35600,323.6363636363636,1.8545454545454545,0.0,94,66,0.08181818181818182,4.636363636363637,0.0,No
PRV53254,9,1190,132.22222222222223,2.2222222222222223,0.0,9,6,0.1111111111111111,4.555555555555555,0.0,No
PRV53255,26,7760,298.46153846153845,0.46153846153846156,0.0,24,17,0.15384615384615385,4.6923076923076925,0.0,No
PRV53256,345,458710,1329.5942028985507,1.9101449275362319,5.333333333333333,284,87,0.09855072463768116,4.475362318840579,0.10434782608695652,No
PRV53257,25,11120,444.8,0.24,0.0,21,14,0.0,5.24,0.0,No
PRV53258,80,39490,493.625,1.25,4.333333333333333,68,22,0.1125,4.1625,0.0375,No
PRV53259,187,61050,326.47058823529414,1.3903743315508021,0.0,117,38,0.11229946524064172,4.786096256684492,0.0,No
PRV53260,134,31320,233.73134328358208,1.2462686567164178,3.0,104,14,0.16417910447761194,4.776119402985074,0.014925373134328358,No
PRV53261,194,41550,214.17525773195877,1.0,0.0,101,28,0.18041237113402062,3.984536082474227,0.0,No
PRV53262,118,45250,383.47457627118644,2.093220338983051,0.0,83,47,0.0847457627118644,4.279661016949152,0.0,No
PRV53265,92,328820,3574.1304347826085,2.880434782608696,7.074074074074074,68,37,0.10869565217391304,4.5,0.29347826086956524,Yes
PRV53266,257,974110,3790.3112840466924,3.007782101167315,4.965909090909091,228,97,0.11673151750972763,4.856031128404669,0.3424124513618677,Yes
PRV53268,74,88230,1192.2972972972973,1.5135135135135136,8.714285714285714,63,31,0.14864864864864866,5.148648648648648,0.0945945945945946,No
PRV53269,456,1045640,2293.0701754385964,2.425438596491228,5.4375,357,156,0.06798245614035088,4.815789473684211,0.24561403508771928,Yes
PRV53272,24,32660,1360.8333333333333,2.0416666666666665,7.25,21,14,0.125,5.666666666666667,0.16666666666666666,No
PRV53274,30,4490,149.66666666666666,1.7,0.0,25,23,0.13333333333333333,4.866666666666666,0.0,No
PRV53276,291,85280,293.05841924398624,1.268041237113402,0.0,131,7,0.13402061855670103,4.769759450171821,0.0,No
PRV53277,44,129060,2933.181818181818,3.340909090909091,7.2,34,8,0.22727272727272727,4.931818181818182,0.3409090909090909,Yes
PRV53279,36,10520,292.22222222222223,1.3611111111111112,3.0,34,15,0.1388888888888889,4.805555555555555,0.027777777777777776,No
PRV53280,15,2030,135.33333333333334,0.2,0.0,11,6,0.2,4.333333333333333,0.0,No
PRV53281,53,138310,2609.622641509434,1.2830188679245282,3.1904761904761907,43,18,0.018867924528301886,4.7924528301886795,0.39622641509433965,No
PRV53282,31,5730,184.83870967741936,0.16129032258064516,0.0,24,9,0.22580645161290322,3.903225806451613,0.0,No
PRV53283,97,100220,1033.1958762886597,1.8453608247422681,2.6666666666666665,57,18,0.13402061855670103,4.88659793814433,0.030927835051546393,No
PRV53284,148,74780,505.27027027027026,1.4256756756756757,3.1666666666666665,79,21,0.12162162162162163,4.601351351351352,0.04054054054054054,No
PRV53288,43,12340,286.9767441860465,0.9534883720930233,0.0,42,27,0.13953488372093023,4.651162790697675,0.0,No
PRV53289,106,36260,342.07547169811323,2.1037735849056602,3.0,66,40,0.11320754716981132,4.528301886792453,0.009433962264150943,No
PRV53291,10,2730,273.0,2.0,0.0,8,8,0.2,4.8,0.0,No
PRV53292,41,33700,821.9512195121952,2.4634146341463414,7.6,35,13,0.12195121951219512,4.2439024390243905,0.12195121951219512,No
PRV53293,41,10080,245.85365853658536,0.8536585365853658,0.0,28,16,0.17073170731707318,4.439024390243903,0.0,No
PRV53294,582,180760,310.58419243986253,1.7233676975945018,0.0,230,20,0.15292096219931273,4.328178694158075,0.0,No
PRV53295,197,333990,1695.3807106598986,1.9035532994923858,5.241379310344827,166,49,0.06091370558375635,4.685279187817259,0.14720812182741116,Yes
PRV53296,187,62740,335.5080213903743,1.2620320855614973,0.0,131,105,0.0481283422459893,4.491978609625669,0.0,No
PRV53297,29,171770,5923.103448275862,7.0,8.2,26,14,0.2413793103448276,4.551724137931035,0.5172413793103449,Yes
PRV53298,63,67130,1065.5555555555557,1.746031746031746,4.625,61,33,0.1111111111111111,4.650793650793651,0.12698412698412698,No
PRV53300,354,126160,356.38418079096044,1.6751412429378532,0.0,255,71,0.03672316384180791,4.519774011299435,0.0,No
PRV53301,67,16070,239.8507462686567,1.9402985074626866,0.0,46,7,0.1791044776119403,3.671641791044776,0.0,No
PRV53303,111,35770,322.2522522522523,1.7387387387387387,0.0,69,6,0.10810810810810811,5.054054054054054,0.0,No
PRV53304,13,59670,4590.0,1.0,6.5,13,7,0.0,4.076923076923077,0.15384615384615385,No
PRV53305,19,21440,1128.421052631579,2.0,7.0,16,10,0.21052631578947367,3.6842105263157894,0.05263157894736842,No
PRV53306,78,17600,225.64102564102564,1.435897435897436,0.0,29,6,0.10256410256410256,4.769230769230769,0.0,No
PRV53307,34,7430,218.52941176470588,0.7941176470588235,0.0,31,11,0.20588235294117646,4.676470588235294,0.0,No
PRV53308,45,125990,2799.777777777778,1.8444444444444446,3.2857142857142856,23,6,0.08888888888888889,4.111111111111111,0.15555555555555556,No
PRV53309,63,45260,718.4126984126984,1.9841269841269842,5.75,35,11,0.07936507936507936,5.142857142857143,0.06349206349206349,No
PRV53310,10,2290,229.0,0.0,0.0,8,6,0.0,5.9,0.0,No
PRV53312,65,29790,458.3076923076923,0.8307692307692308,1.0,46,9,0.2,4.476923076923077,0.015384615384615385,No
PRV53313,68,17800,261.7647058823529,0.8088235294117647,0.0,22,17,0.07352941176470588,3.6470588235294117,0.0,No
PRV53314,57,92490,1622.6315789473683,1.6140350877192982,9.25,24,8,0.21052631578947367,4.649122807017544,0.07017543859649122,No
PRV53315,25,8340,333.6,0.96,0.0,18,6,0.2,3.84,0.0,No
PRV53317,16,45850,2865.625,1.625,5.0,15,7,0.1875,4.125,0.3125,No
PRV53318,21,9420,448.57142857142856,2.6666666666666665,0.0,19,9,0.14285714285714285,4.380952380952381,0.0,No
PRV53319,114,130220,1142.280701754386,1.8859649122807018,4.076923076923077,46,9,0.17543859649122806,4.850877192982456,0.11403508771929824,No
PRV53320,62,81340,1311.9354838709678,2.6451612903225805,1.3333333333333333,35,6,0.11290322580645161,5.145161290322581,0.04838709677419355,No
PRV53321,81,27530,339.87654320987656,3.0864197530864197,0.0,39,6,0.16049382716049382,4.62962962962963,0.0,No
PRV53323,18,2920,162.22222222222223,0.2777777777777778,0.0,11,12,0.16666666666666666,6.666666666666667,0.0,No
PRV53325,63,12890,204.6031746031746,1.0793650793650793,0.0,27,1,0.09523809523809523,5.634920634920635,0.0,No
PRV53326,102,31950,313.2352941176471,1.607843137254902,0.0,46,5,0.2549019607843137,4.284313725490196,0.0,No
PRV53329,11,2070,188.1818181818182,0.18181818181818182,1.0,11,10,0.09090909090909091,4.909090909090909,0.09090909090909091,No
PRV53334,29,9340,322.0689655172414,2.206896551724138,0.0,14,2,0.10344827586206896,4.655172413793103,0.0,No
PRV53335,381,114030,299.29133858267716,1.6036745406824147,0.0,266,8,0.11023622047244094,4.6272965879265096,0.0,No
PRV53339,10,1430,143.0,4.4,0.0,8,1,0.1,5.8,0.0,No
PRV53340,23,2170,94.34782608695652,0.21739130434782608,0.0,16,1,0.08695652173913043,4.6521739130434785,0.0,No
PRV53341,9,4090,454.44444444444446,2.2222222222222223,0.0,9,2,0.4444444444444444,4.888888888888889,0.0,No
PRV53342,73,25810,353.56164383561645,1.1917808219178083,0.0,59,2,0.1917808219178082,4.575342465753424,0.0,No
PRV53349,24,2180,90.83333333333333,1.0416666666666667,0.0,16,1,0.25,5.125,0.0,No
PRV53351,18,4660,258.8888888888889,1.1111111111111112,0.0,13,1,0.16666666666666666,4.222222222222222,0.0,No
PRV53352,288,92300,320.4861111111111,1.3819444444444444,0.0,187,1,0.1701388888888889,4.368055555555555,0.0,No
PRV53353,30,9310,310.3333333333333,1.6,0.0,25,1,0.13333333333333333,4.433333333333334,0.0,No
PRV53354,18,5120,284.44444444444446,1.3888888888888888,0.0,18,3,0.1111111111111111,5.444444444444445,0.0,No
PRV53356,38,3950,103.94736842105263,0.0,0.0,36,1,0.07894736842105263,4.2105263157894735,0.0,No
PRV53359,213,57150,268.3098591549296,1.3615023474178405,0.0,155,3,0.17370892018779344,4.727699530516432,0.0,No
PRV53360,20,2660,133.0,0.0,0.0,12,1,0.1,4.5,0.0,No
PRV53361,9,4540,504.44444444444446,2.2222222222222223,0.0,7,4,0.0,5.0,0.0,No
PRV53362,35,13220,377.7142857142857,2.085714285714286,0.0,24,5,0.08571428571428572,4.571428571428571,0.0,No
PRV53363,41,16940,413.1707317073171,2.902439024390244,0.0,38,2,0.14634146341463414,4.7560975609756095,0.0,No
PRV53364,26,8770,337.3076923076923,0.038461538461538464,0.0,24,3,0.15384615384615385,4.884615384615385,0.0,No
PRV53370,9,1070,118.88888888888889,0.4444444444444444,0.0,7,1,0.0,4.777777777777778,0.0,No
PRV53371,43,10930,254.1860465116279,1.0465116279069768,0.0,29,5,0.16279069767441862,4.488372093023256,0.0,No
PRV53374,387,105160,271.7312661498708,1.3643410852713178,0.0,132,11,0.18863049095607234,4.674418604651163,0.0,No
PRV53375,15,4590,306.0,0.6666666666666666,0.0,14,4,0.0,3.1333333333333333,0.0,No
PRV53376,74,28240,381.6216216216216,1.1216216216216217,0.0,31,4,0.0,4.513513513513513,0.0,No
PRV53378,10,74000,7400.0,9.4,9.4,10,1,0.0,6.2,1.0,No
PRV53379,11,153000,13909.09090909091,6.909090909090909,6.909090909090909,10,3,0.18181818181818182,5.545454545454546,1.0,Yes
PRV53381,33,138120,4185.454545454545,3.0,5.909090909090909,29,11,0.09090909090909091,4.7272727272727275,0.3333333333333333,No
PRV53382,45,18320,407.1111111111111,1.0666666666666667,0.0,38,15,0.08888888888888889,4.2,0.0,No
PRV53383,22,51890,2358.6363636363635,3.8181818181818183,6.25,20,11,0.22727272727272727,5.7272727272727275,0.18181818181818182,No
PRV53384,62,335120,5405.1612903225805,4.161290322580645,5.684210526315789,51,18,0.11290322580645161,5.064516129032258,0.6129032258064516,Yes
PRV53385,1037,1362570,1313.953712632594,1.9729990356798457,5.547169811320755,418,25,0.03182256509161042,4.657666345226615,0.10221793635486982,Yes
PRV53386,53,13070,246.60377358490567,1.2075471698113207,0.0,51,22,0.18867924528301888,4.547169811320755,0.0,No
PRV53387,49,36320,741.2244897959183,0.7142857142857143,5.0,40,13,0.16326530612244897,4.204081632653061,0.061224489795918366,No
PRV53388,122,123340,1010.983606557377,1.5163934426229508,3.272727272727273,65,14,0.14754098360655737,4.049180327868853,0.09016393442622951,No
PRV53389,13,19070,1466.923076923077,1.5384615384615385,3.0,13,8,0.23076923076923078,4.615384615384615,0.07692307692307693,No
PRV53390,15,4320,288.0,2.6666666666666665,0.0,14,4,0.06666666666666667,4.6,0.0,No
PRV53391,69,11420,165.5072463768116,1.1594202898550725,0.0,62,28,0.14492753623188406,4.36231884057971,0.0,No
PRV53392,99,33790,341.3131313131313,2.8585858585858586,0.0,80,44,0.15151515151515152,4.929292929292929,0.0,No
PRV53394,1215,785420,646.4362139917696,1.6576131687242799,6.595744680851064,368,22,0.1168724279835391,4.976131687242798,0.03868312757201646,No
PRV53396,99,452600,4571.717171717171,3.878787878787879,5.8,83,31,0.1111111111111111,5.070707070707071,0.45454545454545453,No
PRV53397,14,122270,8733.57142857143,5.928571428571429,13.666666666666666,14,11,0.07142857142857142,5.071428571428571,0.21428571428571427,Yes
PRV53399,33,74120,2246.060606060606,2.606060606060606,7.714285714285714,30,28,0.0,5.0606060606060606,0.21212121212121213,Yes
PRV53401,303,1143010,3772.3102310231025,2.867986798679868,5.653846153846154,275,99,0.07590759075907591,4.99009900990099,0.429042904290429,Yes
PRV53402,17,7230,425.29411764705884,2.3529411764705883,0.0,10,2,0.058823529411764705,3.6470588235294117,0.0,No
PRV53403,72,15250,211.80555555555554,1.5555555555555556,0.0,67,32,0.1388888888888889,4.888888888888889,0.0,No
PRV53405,189,239010,1264.6031746031747,2.767195767195767,6.285714285714286,164,89,0.10052910052910052,4.645502645502646,0.1111111111111111,No
PRV53407,133,53960,405.7142857142857,2.2857142857142856,8.333333333333334,40,8,0.18796992481203006,5.067669172932331,0.022556390977443608,No
PRV53408,47,88780,1888.936170212766,2.127659574468085,5.8,45,30,0.10638297872340426,4.9361702127659575,0.2127659574468085,No
PRV53409,34,28130,827.3529411764706,1.6176470588235294,3.6666666666666665,22,8,0.17647058823529413,4.088235294117647,0.08823529411764706,No
PRV53412,27,9640,357.037037037037,1.4814814814814814,0.0,26,11,0.037037037037037035,4.814814814814815,0.0,No
PRV53413,30,34040,1134.6666666666667,2.2666666666666666,4.0,27,22,0.06666666666666667,5.066666666666666,0.06666666666666667,No
PRV53415,34,12050,354.4117647058824,1.2058823529411764,0.0,27,22,0.08823529411764706,4.352941176470588,0.0,No
PRV53416,87,50840,584.3678160919541,1.839080459770115,2.0,59,14,0.10344827586206896,4.712643678160919,0.011494252873563218,No
PRV53417,171,115090,673.0409356725146,1.8128654970760234,7.857142857142857,71,10,0.11695906432748537,4.304093567251462,0.04093567251461988,Yes
PRV53419,19,46410,2442.6315789473683,1.7894736842105263,6.8,18,13,0.05263157894736842,4.315789473684211,0.2631578947368421,No
PRV53421,129,999910,7751.240310077519,4.496124031007752,5.673684210526316,110,25,0.4186046511627907,5.015503875968992,0.7364341085271318,Yes
PRV53423,53,48240,910.188679245283,2.547169811320755,2.2,43,11,0.09433962264150944,4.7924528301886795,0.09433962264150944,No
PRV53424,263,452390,1720.1140684410645,2.1254752851711025,6.756756756756757,125,18,0.026615969581749048,4.228136882129277,0.14068441064638784,No
PRV53426,10,1480,148.0,0.2,0.0,6,6,0.2,4.5,0.0,No
PRV53427,24,8880,370.0,3.5416666666666665,0.0,17,9,0.08333333333333333,5.375,0.0,No
PRV53428,22,4930,224.0909090909091,0.5454545454545454,0.0,22,16,0.0,4.590909090909091,0.0,No
PRV53429,29,22690,782.4137931034483,1.4827586206896552,4.0,27,15,0.034482758620689655,4.344827586206897,0.034482758620689655,No
PRV53431,42,30080,716.1904761904761,2.4523809523809526,24.0,31,2,0.023809523809523808,4.904761904761905,0.023809523809523808,No
PRV53432,122,191580,1570.327868852459,1.5655737704918034,5.153846153846154,110,70,0.05737704918032787,4.844262295081967,0.10655737704918032,No
PRV53433,19,2920,153.68421052631578,0.05263157894736842,0.0,15,13,0.0,4.631578947368421,0.0,No
PRV53436,18,16420,912.2222222222222,0.7222222222222222,4.333333333333333,18,14,0.05555555555555555,5.388888888888889,0.16666666666666666,No
PRV53437,9,7740,860.0,0.3333333333333333,2.0,9,7,0.1111111111111111,5.0,0.1111111111111111,No
PRV53438,61,67830,1111.967213114754,1.1311475409836065,3.625,51,15,0.13114754098360656,4.491803278688525,0.13114754098360656,No
PRV53439,24,5670,236.25,0.9166666666666666,0.0,23,11,0.20833333333333334,4.333333333333333,0.0,No
PRV53440,164,59590,363.3536585365854,1.6646341463414633,3.0,98,10,0.20121951219512196,4.4573170731707314,0.006097560975609756,No
PRV53441,38,187610,4937.105263157895,1.9736842105263157,4.714285714285714,36,24,0.02631578947368421,4.7894736842105265,0.3684210526315789,No
PRV53442,46,92730,2015.8695652173913,2.869565217391304,6.375,40,14,0.06521739130434782,4.543478260869565,0.17391304347826086,No
PRV53443,215,81290,378.09302325581393,2.158139534883721,0.0,100,2,0.14883720930232558,4.930232558139535,0.0,No
PRV53444,27,101300,3751.8518518518517,3.185185185185185,4.6,26,19,0.07407407407407407,5.296296296296297,0.37037037037037035,No
PRV53446,46,12880,280.0,2.717391304347826,0.0,44,18,0.021739130434782608,4.8478260869565215,0.0,No
PRV53447,39,6170,158.2051282051282,0.6410256410256411,0.0,35,20,0.10256410256410256,5.282051282051282,0.0,No
PRV53448,64,92430,1444.21875,3.5,6.1,62,47,0.0625,5.09375,0.15625,No
PRV53449,9,9980,1108.888888888889,3.111111111111111,28.0,9,9,0.1111111111111111,4.666666666666667,0.1111111111111111,No
PRV53450,50,14890,297.8,2.2,0.0,48,29,0.0,4.74,0.0,No
PRV53452,62,37100,598.3870967741935,3.5161290322580645,0.0,44,2,0.14516129032258066,5.080645161290323,0.0,No
PRV53453,15,42980,2865.3333333333335,1.3333333333333333,4.75,15,15,0.06666666666666667,5.4,0.26666666666666666,No
PRV53454,25,5580,223.2,1.28,0.0,21,14,0.12,4.8,0.0,No
PRV53455,39,8640,221.53846153846155,0.9487179487179487,0.0,36,13,0.15384615384615385,4.256410256410256,0.0,No
PRV53456,29,69670,2402.4137931034484,2.3793103448275863,10.2,27,23,0.06896551724137931,5.0344827586206895,0.1724137931034483,No
PRV53461,36,425080,11807.777777777777,3.111111111111111,5.571428571428571,32,14,0.25,4.944444444444445,0.3888888888888889,Yes
PRV53462,11,4450,404.54545454545456,1.4545454545454546,0.0,11,10,0.18181818181818182,4.909090909090909,0.0,No
PRV53463,76,38030,500.39473684210526,1.4473684210526316,5.0,43,10,0.25,5.052631578947368,0.039473684210526314,No
PRV53465,23,34750,1510.8695652173913,3.5652173913043477,7.333333333333333,21,12,0.043478260869565216,4.173913043478261,0.13043478260869565,No
PRV53467,10,850,85.0,0.1,0.0,9,3,0.1,4.8,0.0,No
PRV53469,14,7460,532.8571428571429,2.857142857142857,0.0,13,10,0.14285714285714285,3.7857142857142856,0.0,No
PRV53470,64,21900,342.1875,0.734375,0.0,57,28,0.1875,5.046875,0.0,No
PRV53471,31,25720,829.6774193548387,1.4516129032258065,0.0,26,18,0.16129032258064516,4.645161290322581,0.03225806451612903,No
PRV53473,11,7140,649.0909090909091,5.454545454545454,0.0,7,3,0.18181818181818182,4.545454545454546,0.0,No
PRV53475,10,4190,419.0,4.0,0.0,10,7,0.2,4.6,0.0,No
PRV53476,10,3310,331.0,2.0,0.0,10,8,0.3,5.3,0.0,No
PRV53477,50,14170,283.4,1.76,0.0,45,10,0.2,4.42,0.0,No
PRV53478,149,50680,340.13422818791946,0.7651006711409396,0.0,93,5,0.1476510067114094,4.120805369127517,0.0,No
PRV53480,10,1520,152.0,2.8,0.0,9,5,0.0,4.5,0.0,No
PRV53482,24,10120,421.6666666666667,2.4166666666666665,0.0,21,10,0.041666666666666664,4.583333333333333,0.0,No
PRV53483,18,20080,1115.5555555555557,4.5,4.0,15,10,0.16666666666666666,5.722222222222222,0.1111111111111111,No
PRV53484,63,16720,265.3968253968254,2.3333333333333335,0.0,42,4,0.23809523809523808,4.968253968253968,0.0,No
PRV53486,28,5640,201.42857142857142,1.5,0.0,13,4,0.21428571428571427,4.178571428571429,0.0,No
PRV53487,40,15530,388.25,1.6,0.0,17,1,0.25,5.15,0.0,No
PRV53489,20,74870,3743.5,1.85,6.2,15,6,0.15,3.9,0.25,No
PRV53490,145,38620,266.3448275862069,1.1793103448275861,0.0,66,5,0.09655172413793103,5.206896551724138,0.0,No
PRV53491,16,1760,110.0,1.25,0.0,14,5,0.0625,5.3125,0.0,No
PRV53495,34,14990,440.88235294117646,1.6176470588235294,0.0,20,5,0.14705882352941177,4.323529411764706,0.0,No
PRV53496,58,14660,252.75862068965517,1.9482758620689655,0.0,29,4,0.20689655172413793,3.7241379310344827,0.0,No
PRV53499,46,12370,268.9130434782609,1.1304347826086956,0.0,18,5,0.10869565217391304,5.065217391304348,0.0,No
PRV53502,47,8000,170.2127659574468,0.14893617021276595,0.0,27,5,0.10638297872340426,4.659574468085107,0.0,No
PRV53503,13,5380,413.84615384615387,0.23076923076923078,0.0,9,1,0.3076923076923077,3.5384615384615383,0.0,No
PRV53507,9,62000,6888.888888888889,4.444444444444445,4.444444444444445,8,2,0.3333333333333333,6.0,1.0,No
PRV53510,16,13880,867.5,5.3125,18.0,12,3,0.1875,4.375,0.125,No
PRV53519,9,61000,6777.777777777777,4.555555555555555,4.555555555555555,9,8,0.1111111111111111,5.111111111111111,1.0,No
PRV53521,9,380,42.22222222222222,1.5555555555555556,0.0,8,2,0.0,3.111111111111111,0.0,No
PRV53522,26,3690,141.92307692307693,0.5,0.0,25,3,0.11538461538461539,4.346153846153846,0.0,No
PRV53523,89,26250,294.9438202247191,1.9550561797752808,0.0,70,2,0.19101123595505617,4.640449438202247,0.0,No
PRV53524,52,10110,194.42307692307693,0.19230769230769232,0.0,44,3,0.09615384615384616,4.576923076923077,0.0,No
PRV53526,60,18440,307.3333333333333,0.8833333333333333,0.0,28,2,0.3333333333333333,4.433333333333334,0.0,No
PRV53527,37,9500,256.7567567567568,1.9189189189189189,0.0,31,1,0.16216216216216217,4.054054054054054,0.0,No
PRV53530,27,6940,257.037037037037,1.0,0.0,26,1,0.2222222222222222,4.2592592592592595,0.0,No
PRV53531,11,940,85.45454545454545,0.0,0.0,9,1,0.18181818181818182,3.727272727272727,0.0,No
PRV53532,9,2230,247.77777777777777,2.7777777777777777,0.0,8,2,0.0,7.111111111111111,0.0,No
PRV53533,51,21850,428.4313725490196,2.843137254901961,0.0,32,8,0.19607843137254902,4.901960784313726,0.0,No
PRV53534,76,24190,318.2894736842105,2.3421052631578947,0.0,41,1,0.10526315789473684,4.421052631578948,0.0,No
PRV53535,19,8970,472.10526315789474,1.5263157894736843,0.0,18,1,0.0,3.9473684210526314,0.0,No
PRV53536,31,5660,182.58064516129033,0.0967741935483871,0.0,25,3,0.12903225806451613,5.096774193548387,0.0,No
PRV53540,13,3060,235.3846153846154,0.23076923076923078,0.0,12,3,0.3076923076923077,3.6923076923076925,0.0,No
PRV53544,17,4860,285.88235294117646,1.1764705882352942,0.0,14,1,0.23529411764705882,4.9411764705882355,0.0,No
PRV53547,21,6850,326.1904761904762,4.095238095238095,0.0,18,4,0.09523809523809523,4.095238095238095,0.0,No
PRV53550,10,3130,313.0,0.0,0.0,10,6,0.1,4.5,0.0,No
PRV53551,29,11220,386.8965517241379,1.5862068965517242,0.0,19,1,0.1724137931034483,4.689655172413793,0.0,No
PRV53553,30,7060,235.33333333333334,0.9333333333333333,0.0,20,1,0.06666666666666667,4.566666666666666,0.0,No
PRV53555,11,3260,296.3636363636364,0.8181818181818182,0.0,5,2,0.18181818181818182,4.818181818181818,0.0,No
PRV53556,31,11550,372.5806451612903,2.0,0.0,26,1,0.12903225806451613,4.32258064516129,0.0,No
PRV53558,22,7320,332.72727272727275,0.045454545454545456,0.0,10,2,0.09090909090909091,4.181818181818182,0.0,No
PRV53560,23,6960,302.60869565217394,1.2608695652173914,0.0,21,1,0.30434782608695654,4.217391304347826,0.0,No
PRV53561,9,5690,632.2222222222222,0.0,0.0,8,3,0.1111111111111111,3.7777777777777777,0.0,No
PRV53562,10,5890,589.0,2.7,0.0,10,1,0.3,3.2,0.0,No
PRV53569,14,3790,270.7142857142857,2.857142857142857,0.0,11,6,0.14285714285714285,3.7857142857142856,0.0,No
PRV53570,18,8110,450.55555555555554,1.8888888888888888,0.0,18,2,0.05555555555555555,5.0,0.0,No
PRV53571,26,2810,108.07692307692308,1.2307692307692308,0.0,25,2,0.23076923076923078,4.6923076923076925,0.0,No
PRV53573,32,10830,338.4375,2.125,0.0,27,4,0.125,4.59375,0.0,No
PRV53574,17,2750,161.76470588235293,1.8235294117647058,0.0,14,1,0.11764705882352941,5.411764705882353,0.0,No
PRV53577,11,2150,195.45454545454547,1.0909090909090908,0.0,11,2,0.18181818181818182,5.7272727272727275,0.0,No
PRV53581,11,990,90.0,2.4545454545454546,0.0,10,1,0.18181818181818182,4.636363636363637,0.0,No
PRV53582,14,6920,494.2857142857143,2.857142857142857,0.0,7,1,0.21428571428571427,5.571428571428571,0.0,No
PRV53584,8,1490,186.25,0.0,0.0,6,1,0.0,4.0,0.0,No
PRV53590,19,98820,5201.0526315789475,1.631578947368421,4.285714285714286,18,2,0.3157894736842105,5.0,0.3684210526315789,No
PRV53593,17,5090,299.4117647058824,1.2941176470588236,0.0,11,4,0.11764705882352941,3.7058823529411766,0.0,No
PRV53594,101,29470,291.7821782178218,1.099009900990099,0.0,60,1,0.22772277227722773,4.574257425742574,0.0,No
PRV53595,9,4460,495.55555555555554,4.444444444444445,0.0,9,2,0.2222222222222222,5.555555555555555,0.0,No
PRV53598,8,70000,8750.0,3.375,3.375,8,1,0.0,5.125,1.0,No
PRV53605,55,7250,131.8181818181818,1.6363636363636365,0.0,55,29,0.09090909090909091,4.109090909090909,0.0,No
PRV53606,76,11750,154.60526315789474,1.1842105263157894,0.0,74,37,0.013157894736842105,4.144736842105263,0.0,No
PRV53607,26,8290,318.84615384615387,2.6538461538461537,0.0,26,17,0.0,3.8846153846153846,0.0,No
PRV53608,199,50290,252.71356783919597,0.9095477386934674,0.0,176,86,0.10050251256281408,4.150753768844221,0.0,No
PRV53609,183,60050,328.14207650273227,1.8907103825136613,4.5,176,45,0.0546448087431694,4.316939890710382,0.01092896174863388,No
PRV53611,36,14410,400.27777777777777,1.6944444444444444,0.0,36,14,0.1111111111111111,4.722222222222222,0.0,No
PRV53612,46,31180,677.8260869565217,0.6304347826086957,4.333333333333333,46,13,0.2391304347826087,4.326086956521739,0.13043478260869565,No
PRV53613,135,168350,1247.037037037037,1.762962962962963,6.533333333333333,127,38,0.1111111111111111,4.42962962962963,0.1111111111111111,No
PRV53614,118,25710,217.88135593220338,2.2711864406779663,0.0,104,32,0.11864406779661017,4.313559322033898,0.0,No
PRV53616,44,34970,794.7727272727273,2.1363636363636362,6.5,41,26,0.045454545454545456,4.636363636363637,0.045454545454545456,No
PRV53617,83,33480,403.3734939759036,1.1204819277108433,0.0,70,39,0.08433734939759036,4.156626506024097,0.0,No
PRV53618,236,115660,490.08474576271186,1.8601694915254237,5.5,203,81,0.11016949152542373,4.529661016949152,0.05084745762711865,No
PRV53620,128,82850,647.265625,1.6875,4.166666666666667,122,43,0.1171875,4.3203125,0.046875,No
PRV53621,81,22500,277.77777777777777,1.5308641975308641,0.0,75,21,0.14814814814814814,4.8765432098765435,0.0,No
PRV53623,894,245450,274.5525727069351,0.9194630872483222,0.0,395,7,0.1331096196868009,4.0134228187919465,0.0,Yes
PRV53624,143,40790,285.24475524475525,1.3076923076923077,0.0,140,80,0.11888111888111888,4.391608391608392,0.0,No
PRV53625,147,44210,300.7482993197279,1.7210884353741496,0.0,128,54,0.08163265306122448,4.2517006802721085,0.0,No
PRV53626,13,10560,812.3076923076923,1.9230769230769231,4.0,13,8,0.15384615384615385,6.3076923076923075,0.07692307692307693,No
PRV53627,118,32390,274.49152542372883,1.4915254237288136,0.0,56,1,0.22033898305084745,4.203389830508475,0.0,No
PRV53628,202,82780,409.8019801980198,1.4653465346534653,4.75,178,40,0.15841584158415842,4.381188118811881,0.019801980198019802,No
PRV53629,15,3950,263.3333333333333,0.13333333333333333,0.0,15,10,0.06666666666666667,4.2,0.0,No
PRV53632,15,14380,958.6666666666666,4.4,3.0,12,9,0.0,4.866666666666666,0.13333333333333333,No
PRV53633,66,18010,272.8787878787879,1.696969696969697,0.0,48,10,0.09090909090909091,4.2272727272727275,0.0,No
PRV53634,497,145400,292.55533199195173,1.2937625754527162,0.0,286,2,0.1750503018108652,4.3762575452716295,0.0,No
PRV53635,54,90660,1678.888888888889,1.5185185185185186,3.6,52,10,0.2037037037037037,4.37037037037037,0.09259259259259259,No
PRV53638,111,38040,342.7027027027027,1.8018018018018018,0.0,54,11,0.04504504504504504,5.1441441441441444,0.0,No
PRV53640,33,5660,171.5151515151515,1.2727272727272727,0.0,27,20,0.21212121212121213,4.121212121212121,0.0,No
PRV53641,8,2140,267.5,2.75,0.0,8,1,0.125,3.875,0.0,No
PRV53644,22,4640,210.9090909090909,0.7727272727272727,0.0,17,3,0.22727272727272727,4.090909090909091,0.0,No
PRV53648,20,10540,527.0,0.0,0.0,12,4,0.2,3.35,0.0,No
PRV53649,27,4770,176.66666666666666,1.6296296296296295,0.0,24,1,0.2222222222222222,4.037037037037037,0.0,No
PRV53651,11,900,81.81818181818181,0.0,0.0,10,2,0.0,4.363636363636363,0.0,No
PRV53652,25,3640,145.6,0.0,0.0,24,1,0.16,4.56,0.0,No
PRV53654,39,12040,308.71794871794873,0.8717948717948718,0.0,35,1,0.23076923076923078,4.153846153846154,0.0,No
PRV53657,25,2850,114.0,1.4,0.0,24,1,0.2,4.12,0.0,No
PRV53658,27,3810,141.11111111111111,0.8888888888888888,0.0,22,2,0.18518518518518517,3.888888888888889,0.0,No
PRV53660,35,5970,170.57142857142858,0.6285714285714286,0.0,34,5,0.3142857142857143,3.742857142857143,0.0,No
PRV53662,331,86030,259.9093655589124,1.43202416918429,0.0,140,6,0.08157099697885196,4.580060422960725,0.0,No
PRV53663,76,19810,260.6578947368421,0.8421052631578947,0.0,55,3,0.21052631578947367,4.065789473684211,0.0,No
PRV53664,132,59730,452.5,2.8333333333333335,0.0,85,8,0.18181818181818182,5.0227272727272725,0.0,No
PRV53665,65,16330,251.23076923076923,1.353846153846154,0.0,36,2,0.26153846153846155,4.138461538461539,0.0,No
PRV53666,20,3510,175.5,2.5,0.0,19,2,0.0,3.4,0.0,No
PRV53667,9,155000,17222.222222222223,3.0,3.0,8,3,0.0,5.444444444444445,1.0,No
PRV53668,16,141200,8825.0,4.625,4.625,16,6,0.125,5.875,1.0,Yes
PRV53669,13,4250,326.9230769230769,2.076923076923077,0.0,13,11,0.15384615384615385,4.076923076923077,0.0,No
PRV53670,1173,322450,274.89343563512364,1.4015345268542199,0.0,788,16,0.15430520034100598,4.42455242966752,0.0,Yes
PRV53671,55,253590,4610.727272727273,2.8,3.806451612903226,46,19,0.03636363636363636,5.254545454545455,0.5636363636363636,Yes
PRV53672,487,142060,291.7043121149897,1.3285420944558521,0.0,377,9,0.1540041067761807,4.521560574948666,0.0,No
PRV53673,36,181630,5045.277777777777,3.5,6.142857142857143,36,12,0.16666666666666666,4.333333333333333,0.3888888888888889,No
PRV53674,496,153530,309.53629032258067,1.2358870967741935,0.0,384,12,0.15524193548387097,4.772177419354839,0.0,No
PRV53675,297,747680,2517.4410774410776,2.542087542087542,5.447368421052632,276,90,0.15488215488215487,4.430976430976431,0.2558922558922559,No
PRV53676,471,167540,355.71125265392783,1.454352441613588,0.0,374,1,0.17834394904458598,4.3354564755838645,0.0,No
PRV53677,562,773150,1375.711743772242,1.6192170818505338,5.682539682539683,172,37,0.030249110320284697,4.4911032028469755,0.11209964412811388,Yes
PRV53679,826,283020,342.6392251815981,1.3329297820823245,0.0,667,11,0.17191283292978207,4.357142857142857,0.0,No
PRV53680,27,7890,292.22222222222223,1.7407407407407407,0.0,25,21,0.1111111111111111,4.62962962962963,0.0,No
PRV53681,31,9970,321.61290322580646,2.5483870967741935,0.0,26,25,0.06451612903225806,4.741935483870968,0.0,No
PRV53682,365,99570,272.7945205479452,1.8273972602739725,0.0,130,5,0.06575342465753424,4.684931506849315,0.0,No
PRV53683,9,37300,4144.444444444444,1.7777777777777777,8.0,8,8,0.0,3.6666666666666665,0.2222222222222222,No
PRV53685,45,17770,394.8888888888889,1.8888888888888888,0.0,29,19,0.24444444444444444,4.177777777777778,0.0,No
PRV53686,292,78140,267.6027397260274,1.2431506849315068,0.0,232,3,0.18493150684931506,4.36986301369863,0.0,No
PRV53688,17,3440,202.35294117647058,1.2352941176470589,0.0,15,12,0.17647058823529413,4.882352941176471,0.0,No
PRV53689,561,178130,317.5222816399287,1.6559714795008913,0.0,383,7,0.17825311942959002,4.322638146167558,0.0,No
PRV53690,11,1690,153.63636363636363,0.0,0.0,9,11,0.0,4.090909090909091,0.0,No
PRV53692,244,1397600,5727.868852459016,3.987704918032787,5.328767123287672,216,44,0.3770491803278688,5.114754098360656,0.5983606557377049,Yes
PRV53694,61,14560,238.68852459016392,1.5573770491803278,0.0,61,39,0.03278688524590164,4.098360655737705,0.0,No
PRV53695,116,32120,276.8965517241379,1.6551724137931034,0.0,78,16,0.06896551724137931,4.560344827586207,0.0,No
PRV53696,15,4830,322.0,2.0,0.0,15,13,0.06666666666666667,4.933333333333334,0.0,No
PRV53697,114,879270,7712.894736842105,3.7982456140350878,5.464788732394366,100,37,0.13157894736842105,5.368421052631579,0.6228070175438597,No
PRV53698,77,30550,396.75324675324674,2.6103896103896105,0.0,72,36,0.06493506493506493,4.3896103896103895,0.0,No
PRV53699,361,130970,362.797783933518,1.332409972299169,4.0,280,7,0.18559556786703602,4.706371191135734,0.00554016620498615,No
PRV53700,913,220320,241.31434830230012,1.11829134720701,0.0,454,1,0.16100766703176342,4.317634173055859,0.0,No
PRV53702,1010,289070,286.2079207920792,1.4722772277227723,0.0,729,7,0.10297029702970296,4.466336633663366,0.0,No
PRV53703,39,6160,157.94871794871796,0.38461538461538464,0.0,39,30,0.15384615384615385,4.6923076923076925,0.0,No
PRV53704,15,2950,196.66666666666666,2.2,0.0,15,8,0.13333333333333333,3.6666666666666665,0.0,No
PRV53705,57,48420,849.4736842105264,1.2456140350877194,3.5,57,31,0.15789473684210525,4.508771929824562,0.07017543859649122,No
PRV53706,473,2831940,5987.188160676533,4.031712473572939,5.804964539007092,445,109,0.08456659619450317,5.190274841437632,0.5961945031712473,Yes
PRV53708,53,20820,392.8301886792453,2.0754716981132075,0.0,36,27,0.1509433962264151,5.188679245283019,0.0,No
PRV53709,99,25310,255.65656565656565,1.5151515151515151,0.0,91,2,0.13131313131313133,4.656565656565657,0.0,No
PRV53710,385,615000,1597.4025974025974,1.9766233766233767,5.120689655172414,255,30,0.09090909090909091,4.355844155844156,0.15064935064935064,No
PRV53712,237,1882420,7942.700421940928,4.9451476793248945,6.496894409937888,203,48,0.25316455696202533,4.877637130801688,0.679324894514768,Yes
PRV53713,31,4340,140.0,0.7741935483870968,0.0,28,18,0.0,3.774193548387097,0.0,No
PRV53714,144,44310,307.7083333333333,0.6736111111111112,0.0,68,1,0.1875,5.194444444444445,0.0,No
PRV53715,24,7140,297.5,1.0416666666666667,0.0,21,3,0.16666666666666666,3.5416666666666665,0.0,No
PRV53716,33,7400,224.24242424242425,1.0909090909090908,0.0,30,3,0.21212121212121213,3.878787878787879,0.0,No
PRV53717,61,17940,294.0983606557377,2.622950819672131,0.0,37,2,0.26229508196721313,4.327868852459017,0.0,No
PRV53720,55,13700,249.0909090909091,1.709090909090909,0.0,51,1,0.2,4.109090909090909,0.0,No
PRV53726,16,3710,231.875,0.5,0.0,12,2,0.0625,5.0625,0.0,No
PRV53727,20,7230,361.5,4.05,0.0,17,3,0.25,4.85,0.0,No
PRV53728,14,3480,248.57142857142858,0.0,0.0,14,2,0.2857142857142857,4.214285714285714,0.0,No
PRV53732,15,3150,210.0,0.8666666666666667,0.0,15,1,0.4,4.733333333333333,0.0,No
PRV53733,20,6430,321.5,1.05,0.0,19,1,0.1,3.05,0.0,No
PRV53740,47,12140,258.29787234042556,1.9148936170212767,0.0,29,2,0.19148936170212766,4.148936170212766,0.0,No
PRV53743,31,14140,456.1290322580645,1.2258064516129032,0.0,31,9,0.22580645161290322,4.516129032258065,0.0,No
PRV53745,23,3760,163.47826086956522,2.8260869565217392,0.0,20,7,0.17391304347826086,4.043478260869565,0.0,No
PRV53749,69,241350,3497.8260869565215,2.347826086956522,6.458333333333333,64,24,0.057971014492753624,4.72463768115942,0.34782608695652173,Yes
PRV53750,1245,353470,283.9116465863454,1.4923694779116465,5.0,380,23,0.0321285140562249,4.485140562248996,0.0008032128514056225,No
PRV53751,22,9070,412.27272727272725,1.2272727272727273,0.0,22,11,0.13636363636363635,3.590909090909091,0.0,No
PRV53752,35,11840,338.2857142857143,1.9142857142857144,0.0,34,22,0.02857142857142857,4.4,0.0,No
PRV53754,9,2530,281.1111111111111,2.2222222222222223,0.0,9,7,0.0,5.222222222222222,0.0,No
PRV53755,20,2050,102.5,0.8,0.0,20,9,0.05,4.45,0.0,No
PRV53756,59,18210,308.64406779661016,1.3728813559322033,0.0,59,21,0.1016949152542373,4.728813559322034,0.0,No
PRV53757,56,37230,664.8214285714286,2.8035714285714284,7.0,54,20,0.10714285714285714,4.410714285714286,0.017857142857142856,No
PRV53759,56,12020,214.64285714285714,1.8392857142857142,0.0,52,28,0.125,4.535714285714286,0.0,No
PRV53761,38,9980,262.63157894736844,1.1842105263157894,0.0,38,25,0.07894736842105263,4.026315789473684,0.0,No
PRV53762,618,1082730,1751.990291262136,1.9514563106796117,6.773809523809524,557,95,0.16019417475728157,4.624595469255663,0.13592233009708737,Yes
PRV53763,58,739000,12741.379310344828,5.4655172413793105,5.4655172413793105,57,1,0.7241379310344828,5.741379310344827,1.0,Yes
PRV53764,39,12390,317.6923076923077,1.4102564102564104,1.0,38,26,0.02564102564102564,4.871794871794871,0.02564102564102564,No
PRV53765,67,25080,374.32835820895525,1.1791044776119404,0.0,66,19,0.16417910447761194,4.388059701492537,0.0,No
PRV53766,30,4860,162.0,0.2,0.0,29,21,0.0,4.3,0.0,No
PRV53767,18,4130,229.44444444444446,2.2222222222222223,0.0,18,8,0.1111111111111111,5.166666666666667,0.0,No
PRV53768,62,37180,599.6774193548387,1.6129032258064515,4.2,59,35,0.0967741935483871,4.274193548387097,0.08064516129032258,No
PRV53769,377,1685180,4469.9734748010615,3.3448275862068964,6.295454545454546,354,156,0.10610079575596817,4.891246684350133,0.35013262599469497,Yes
PRV53770,253,849520,3357.786561264822,2.675889328063241,5.077922077922078,239,86,0.019762845849802372,4.454545454545454,0.30434782608695654,No
PRV53771,51,21610,423.72549019607845,1.0980392156862746,0.0,50,25,0.0784313725490196,4.647058823529412,0.0,No
PRV53772,22,5410,245.9090909090909,0.13636363636363635,0.0,22,13,0.0,4.181818181818182,0.0,No
PRV53773,567,175830,310.1058201058201,1.3368606701940036,0.0,531,196,0.13580246913580246,4.340388007054674,0.0,No
PRV53774,224,589370,2631.1160714285716,2.830357142857143,7.16,206,75,0.0625,4.633928571428571,0.22321428571428573,No
PRV53775,47,31170,663.1914893617021,0.574468085106383,3.5,45,26,0.10638297872340426,4.042553191489362,0.0425531914893617,No
PRV53776,200,571960,2859.8,2.185,5.0638297872340425,191,83,0.125,4.46,0.235,Yes
PRV53779,49,12430,253.6734693877551,2.326530612244898,0.0,48,27,0.10204081632653061,4.0,0.0,No
PRV53780,26,5080,195.3846153846154,1.1153846153846154,0.0,26,16,0.11538461538461539,4.538461538461538,0.0,No
PRV53781,393,963190,2450.8651399491096,2.4376590330788805,6.050632911392405,371,223,0.05343511450381679,4.681933842239186,0.2010178117048346,Yes
PRV53782,53,17820,336.22641509433964,1.2264150943396226,0.0,39,18,0.1509433962264151,3.8679245283018866,0.0,No
PRV53783,30,6640,221.33333333333334,1.5333333333333334,0.0,30,24,0.0,4.166666666666667,0.0,No
PRV53784,41,5870,143.17073170731706,1.1219512195121952,0.0,38,28,0.024390243902439025,4.682926829268292,0.0,No
PRV53785,129,54580,423.1007751937984,0.8604651162790697,0.0,124,76,0.06976744186046512,4.72093023255814,0.0,No
PRV53786,1382,715760,517.9160636758321,1.4167872648335744,6.083333333333333,538,14,0.05426917510853835,4.375542691751085,0.02604920405209841,Yes
PRV53787,74,303480,4101.081081081081,2.8378378378378377,4.9375,74,29,0.02702702702702703,5.121621621621622,0.43243243243243246,Yes
PRV53788,18,3500,194.44444444444446,0.7777777777777778,0.0,18,10,0.16666666666666666,4.444444444444445,0.0,No
PRV53790,493,642230,1302.6977687626775,2.101419878296146,5.795454545454546,470,241,0.11764705882352941,4.387423935091278,0.08924949290060852,Yes
PRV53791,92,62190,675.9782608695652,1.5,5.666666666666667,90,29,0.10869565217391304,4.380434782608695,0.06521739130434782,No
PRV53792,53,272510,5141.698113207547,3.792452830188679,4.424242424242424,52,20,0.05660377358490566,5.377358490566038,0.6226415094339622,Yes
PRV53793,45,25700,571.1111111111111,2.2444444444444445,0.0,37,27,0.15555555555555556,4.911111111111111,0.0,No
PRV53794,167,47640,285.2694610778443,1.0,0.0,160,92,0.0658682634730539,4.263473053892215,0.0,No
PRV53796,28,5960,212.85714285714286,1.6071428571428572,0.0,27,14,0.0,5.178571428571429,0.0,No
PRV53797,4739,1303600,275.0791306182739,1.2357037349651825,0.0,2020,6,0.16395864106351551,4.3363578814095805,0.0,Yes
PRV53798,38,15620,411.05263157894734,0.05263157894736842,0.0,38,16,0.18421052631578946,4.947368421052632,0.0,No
PRV53799,753,306440,406.95883134130145,1.4223107569721116,4.642857142857143,676,264,0.09163346613545817,4.589641434262949,0.01859229747675963,No
PRV53801,59,26260,445.08474576271186,0.4915254237288136,0.0,58,38,0.03389830508474576,3.9661016949152543,0.0,No
PRV53802,80,459870,5748.375,3.9625,6.3478260869565215,76,29,0.0875,5.15,0.575,No
PRV53805,70,22520,321.7142857142857,0.5857142857142857,0.0,69,37,0.02857142857142857,4.3,0.0,No
PRV53806,173,50270,290.5780346820809,2.2716763005780347,0.0,161,46,0.09826589595375723,4.300578034682081,0.0,No
PRV53807,158,375030,2373.6075949367087,1.981012658227848,6.111111111111111,155,78,0.04430379746835443,4.80379746835443,0.22784810126582278,No
PRV53808,493,1927250,3909.2292089249495,3.1419878296146044,5.887179487179488,468,145,0.2535496957403651,4.789046653144016,0.39553752535496955,Yes
PRV53814,53,30040,566.7924528301887,1.3584905660377358,4.0,52,8,0.20754716981132076,4.830188679245283,0.05660377358490566,No
PRV53815,11,1800,163.63636363636363,0.0,0.0,11,2,0.2727272727272727,4.090909090909091,0.0,No
PRV53816,194,57210,294.89690721649487,1.4381443298969072,0.0,177,2,0.04639175257731959,4.293814432989691,0.0,No
PRV53817,21,5180,246.66666666666666,1.8095238095238095,0.0,21,2,0.047619047619047616,4.238095238095238,0.0,No
PRV53818,10,1020,102.0,2.0,0.0,9,1,0.3,4.4,0.0,No
PRV53819,53,17930,338.3018867924528,1.6603773584905661,0.0,40,1,0.16981132075471697,4.377358490566038,0.0,No
PRV53820,15,2450,163.33333333333334,2.3333333333333335,0.0,15,2,0.13333333333333333,4.333333333333333,0.0,No
PRV53821,10,1070,107.0,3.5,0.0,10,1,0.1,5.0,0.0,No
PRV53824,114,35580,312.10526315789474,0.9035087719298246,0.0,91,1,0.14912280701754385,4.649122807017544,0.0,No
PRV53827,9,2830,314.44444444444446,4.555555555555555,0.0,9,1,0.2222222222222222,3.7777777777777777,0.0,No
PRV53828,28,6260,223.57142857142858,0.03571428571428571,0.0,24,1,0.17857142857142858,4.714285714285714,0.0,No
PRV53829,16,5910,369.375,1.9375,0.0,16,2,0.3125,3.0,0.0,No
PRV53831,83,27550,331.9277108433735,1.4337349397590362,0.0,71,2,0.1686746987951807,4.36144578313253,0.0,No
PRV53832,12,4910,409.1666666666667,2.0833333333333335,0.0,12,1,0.08333333333333333,5.666666666666667,0.0,No
PRV53835,8,2300,287.5,3.5,0.0,8,2,0.125,3.0,0.0,No
PRV53836,49,10970,223.87755102040816,0.42857142857142855,0.0,44,1,0.16326530612244897,5.3061224489795915,0.0,No
PRV53837,13,2490,191.53846153846155,2.769230769230769,0.0,13,2,0.15384615384615385,3.5384615384615383,0.0,No
PRV53838,194,57800,297.9381443298969,0.8298969072164949,0.0,148,1,0.18556701030927836,4.005154639175258,0.0,No
PRV53841,22,3370,153.1818181818182,0.0,0.0,19,4,0.09090909090909091,4.636363636363637,0.0,No
PRV53843,14,1460,104.28571428571429,1.6428571428571428,0.0,14,2,0.14285714285714285,4.5,0.0,No
PRV53844,53,7910,149.24528301886792,0.6037735849056604,0.0,40,1,0.1320754716981132,4.415094339622642,0.0,No
PRV53845,20,9160,458.0,0.4,0.0,18,1,0.2,4.65,0.0,No
PRV53846,12,2640,220.0,0.0,0.0,11,1,0.0,4.666666666666667,0.0,No
PRV53848,8,1080,135.0,0.0,0.0,8,3,0.125,2.75,0.0,No
PRV53849,21,2930,139.52380952380952,0.09523809523809523,0.0,20,1,0.14285714285714285,4.428571428571429,0.0,No
PRV53850,10,1720,172.0,3.3,0.0,10,1,0.1,4.4,0.0,No
PRV53851,48,21100,439.5833333333333,1.3541666666666667,0.0,47,3,0.16666666666666666,3.5625,0.0,No
PRV53855,20,141000,7050.0,4.05,4.05,17,8,0.4,5.75,1.0,Yes
PRV53857,10,140000,14000.0,6.7,6.7,10,2,0.3,5.8,1.0,No
PRV53859,143,33810,236.43356643356643,1.944055944055944,0.0,134,7,0.09090909090909091,4.265734265734266,0.0,No
PRV53867,13,93270,7174.615384615385,4.923076923076923,7.0,13,8,0.0,5.3076923076923075,0.6923076923076923,No
PRV53868,28,161420,5765.0,2.4642857142857144,6.2,27,21,0.0,4.964285714285714,0.35714285714285715,No
PRV53871,1220,272730,223.54918032786884,1.2254098360655739,0.0,531,5,0.07049180327868852,4.573770491803279,0.0,No
PRV53872,231,170480,738.008658008658,1.41991341991342,4.777777777777778,142,24,0.19913419913419914,4.70995670995671,0.03896103896103896,No
PRV53873,82,116650,1422.560975609756,1.7439024390243902,5.071428571428571,76,19,0.1951219512195122,4.585365853658536,0.17073170731707318,No
PRV53874,524,149580,285.4580152671756,1.4408396946564885,0.0,416,14,0.06297709923664122,4.240458015267175,0.0,No
PRV53875,41,9290,226.58536585365854,2.926829268292683,0.0,35,32,0.04878048780487805,4.2682926829268295,0.0,No
PRV53876,125,31310,250.48,1.096,0.0,60,7,0.0,4.832,0.0,No
PRV53877,19,6750,355.2631578947368,2.1578947368421053,0.0,17,13,0.05263157894736842,4.2105263157894735,0.0,No
PRV53878,46,48670,1058.0434782608695,2.6956521739130435,4.8,40,35,0.13043478260869565,4.413043478260869,0.10869565217391304,No
PRV53879,15,1340,89.33333333333333,0.0,0.0,15,6,0.06666666666666667,4.266666666666667,0.0,No
PRV53880,61,19790,324.42622950819674,0.9508196721311475,0.0,46,18,0.08196721311475409,4.229508196721311,0.0,No
PRV53884,269,1039970,3866.059479553903,2.7843866171003717,4.7094017094017095,226,60,0.07063197026022305,4.736059479553903,0.4349442379182156,Yes
PRV53885,12,49630,4135.833333333333,2.8333333333333335,4.166666666666667,12,10,0.0,4.333333333333333,0.5,No
PRV53887,598,165500,276.75585284280936,1.2692307692307692,0.0,213,5,0.14046822742474915,4.306020066889632,0.0,Yes
PRV53888,70,19410,277.2857142857143,1.7428571428571429,0.0,56,28,0.2,4.5,0.0,No
PRV53889,195,98480,505.02564102564105,1.1948717948717948,4.0,187,115,0.07692307692307693,4.287179487179487,0.046153846153846156,No
PRV53891,22,10530,478.6363636363636,1.7272727272727273,0.0,22,9,0.09090909090909091,3.4545454545454546,0.0,No
PRV53892,119,150340,1263.361344537815,1.2773109243697478,6.0,115,40,0.06722689075630252,4.336134453781512,0.06722689075630252,No
PRV53894,217,268080,1235.3917050691243,1.7004608294930876,6.6,97,6,0.14285714285714285,4.299539170506913,0.06912442396313365,Yes
PRV53895,1273,401380,315.30243519245874,1.6087981146897095,0.0,576,2,0.08326787117046347,4.399057344854674,0.0,Yes
PRV53896,43,10950,254.65116279069767,1.1627906976744187,0.0,38,26,0.06976744186046512,4.232558139534884,0.0,No
PRV53900,789,201850,255.83016476552598,1.4955640050697085,0.0,317,10,0.1634980988593156,4.58808618504436,0.0,Yes
PRV53901,14,5400,385.7142857142857,3.0,0.0,14,10,0.07142857142857142,4.571428571428571,0.0,No
PRV53905,77,21730,282.2077922077922,1.4415584415584415,0.0,72,37,0.0,4.2727272727272725,0.0,No
PRV53907,126,45960,364.76190476190476,0.8888888888888888,0.0,120,66,0.047619047619047616,4.476190476190476,0.0,No
PRV53908,15,8510,567.3333333333334,4.2,0.0,15,13,0.06666666666666667,4.333333333333333,0.0,No
PRV53909,256,79990,312.4609375,1.578125,0.0,154,29,0.0703125,4.83984375,0.0,No
PRV53910,96,275480,2869.5833333333335,3.1666666666666665,7.481481481481482,91,59,0.052083333333333336,4.84375,0.28125,No
PRV53911,536,374480,698.6567164179105,2.074626865671642,9.0,201,54,0.05223880597014925,4.802238805970149,0.026119402985074626,Yes
PRV53912,66,16820,254.84848484848484,2.0757575757575757,0.0,61,41,0.12121212121212122,3.9242424242424243,0.0,No
PRV53913,131,36180,276.1832061068702,1.549618320610687,0.0,129,53,0.05343511450381679,4.786259541984733,0.0,No
PRV53915,545,152600,280.0,1.2256880733944955,0.0,434,27,0.05871559633027523,4.332110091743119,0.0,No
PRV53916,192,43180,224.89583333333334,0.9375,0.0,109,4,0.10416666666666667,4.447916666666667,0.0,No
PRV53917,200,122200,611.0,1.795,6.142857142857143,106,27,0.125,4.39,0.035,No
PRV53918,3588,1014510,282.75083612040135,1.3255295429208473,0.0,1709,18,0.1415830546265329,4.367335562987737,0.0,Yes
PRV53919,24,54050,2252.0833333333335,4.875,8.5,22,9,0.20833333333333334,4.25,0.25,Yes
PRV53920,221,95610,432.6244343891403,1.2217194570135748,5.333333333333333,118,21,0.10407239819004525,4.330316742081448,0.013574660633484163,No
PRV53921,768,322230,419.5703125,1.4036458333333333,3.7777777777777777,498,48,0.07552083333333333,4.31640625,0.01171875,No
PRV53922,55,13530,246.0,1.7454545454545454,0.0,51,25,0.18181818181818182,4.363636363636363,0.0,No
PRV53923,155,270400,1744.516129032258,2.0451612903225804,3.7666666666666666,139,72,0.1032258064516129,4.316129032258065,0.1935483870967742,Yes
PRV53925,61,160200,2626.2295081967213,2.540983606557377,4.5,58,30,0.13114754098360656,4.80327868852459,0.32786885245901637,No
PRV53926,27,8840,327.4074074074074,0.7407407407407407,0.0,26,20,0.037037037037037035,4.333333333333333,0.0,No
PRV53927,11,3600,327.27272727272725,1.9090909090909092,0.0,11,9,0.09090909090909091,4.363636363636363,0.0,No
PRV53928,41,23750,579.2682926829268,1.146341463414634,2.6666666666666665,41,29,0.07317073170731707,4.146341463414634,0.07317073170731707,No
PRV53931,55,40410,734.7272727272727,1.1272727272727272,2.6666666666666665,48,28,0.09090909090909091,3.8181818181818183,0.05454545454545454,No
PRV53932,304,920140,3026.7763157894738,2.335526315789474,5.353658536585366,283,209,0.05592105263157895,4.6381578947368425,0.26973684210526316,No
PRV53933,265,81990,309.39622641509436,1.5320754716981133,0.0,136,22,0.15471698113207547,4.935849056603773,0.0,No
PRV53934,122,33500,274.59016393442624,1.6721311475409837,0.0,97,69,0.04918032786885246,4.491803278688525,0.0,No
PRV53935,12,5410,450.8333333333333,0.08333333333333333,0.0,12,11,0.08333333333333333,4.833333333333333,0.0,No
PRV53937,38,217970,5736.0526315789475,4.131578947368421,6.882352941176471,38,27,0.02631578947368421,5.2631578947368425,0.4473684210526316,Yes
PRV53938,111,653670,5888.918918918919,3.954954954954955,4.524390243902439,89,20,0.4864864864864865,5.666666666666667,0.7387387387387387,Yes
PRV53939,304,193440,636.3157894736842,1.2598684210526316,8.166666666666666,178,23,0.19078947368421054,4.542763157894737,0.019736842105263157,No
PRV53940,97,21890,225.6701030927835,1.6288659793814433,0.0,93,62,0.08247422680412371,4.453608247422681,0.0,No
PRV53941,77,82160,1067.012987012987,2.3636363636363638,2.8333333333333335,72,34,0.06493506493506493,4.571428571428571,0.07792207792207792,No
PRV53942,25,77620,3104.8,3.48,5.875,24,12,0.2,4.56,0.32,No
PRV53943,109,91800,842.2018348623853,1.3394495412844036,5.0,103,46,0.06422018348623854,4.495412844036697,0.07339449541284404,No
PRV53944,104,21740,209.03846153846155,0.7884615384615384,0.0,55,2,0.04807692307692308,4.538461538461538,0.0,No
PRV53945,49,15300,312.2448979591837,1.6938775510204083,0.0,47,25,0.14285714285714285,4.204081632653061,0.0,No
PRV53946,21,10070,479.5238095238095,0.14285714285714285,0.0,21,13,0.23809523809523808,4.0,0.0,No
PRV53947,8,430,53.75,2.0,0.0,8,7,0.0,4.0,0.0,No
PRV53950,298,82130,275.6040268456376,2.0671140939597317,0.0,235,16,0.03691275167785235,4.429530201342282,0.0,No
PRV53951,54,223620,4141.111111111111,2.0555555555555554,4.136363636363637,49,34,0.037037037037037035,4.833333333333333,0.4074074074074074,Yes
PRV53952,15,4580,305.3333333333333,1.0,0.0,13,9,0.0,4.466666666666667,0.0,No
PRV53956,526,157610,299.638783269962,1.7395437262357414,0.0,454,10,0.049429657794676805,4.29467680608365,0.0,No
PRV53957,15,6640,442.6666666666667,1.6,0.0,14,8,0.13333333333333333,4.6,0.0,No
PRV53958,713,475260,666.5638148667601,1.7994389901823282,4.608695652173913,340,13,0.12622720897615708,4.4123422159887795,0.03225806451612903,No
PRV53959,214,896830,4190.794392523365,3.2009345794392523,6.2894736842105265,202,105,0.056074766355140186,4.5327102803738315,0.35514018691588783,Yes
PRV53960,420,127360,303.23809523809524,1.7976190476190477,0.0,115,21,0.1261904761904762,4.502380952380952,0.0,No
PRV53961,129,811460,6290.387596899225,4.209302325581396,4.948453608247423,124,23,0.015503875968992248,5.178294573643411,0.751937984496124,Yes
PRV53963,39,70660,1811.7948717948718,2.1025641025641026,3.25,37,32,0.02564102564102564,4.6923076923076925,0.10256410256410256,No
PRV53964,146,40830,279.6575342465753,1.452054794520548,0.0,81,14,0.0273972602739726,4.787671232876712,0.0,No
PRV53965,110,32070,291.54545454545456,1.3909090909090909,0.0,33,12,0.1,4.918181818181818,0.0,No
PRV53968,32,6600,206.25,2.0,0.0,30,8,0.09375,4.375,0.0,No
PRV53969,118,35990,305.0,1.194915254237288,0.0,72,16,0.16101694915254236,3.805084745762712,0.0,No
PRV53971,102,22210,217.7450980392157,0.6666666666666666,0.0,55,4,0.1568627450980392,3.9313725490196076,0.0,No
PRV53972,74,51920,701.6216216216217,1.8918918918918919,3.8333333333333335,61,18,0.16216216216216217,4.95945945945946,0.08108108108108109,No
PRV53973,170,45130,265.47058823529414,1.723529411764706,0.0,84,13,0.1411764705882353,4.347058823529411,0.0,No
PRV53974,67,12950,193.28358208955223,1.2388059701492538,0.0,59,13,0.08955223880597014,3.8955223880597014,0.0,No
PRV53975,70,11390,162.71428571428572,0.5857142857142857,0.0,42,10,0.15714285714285714,4.085714285714285,0.0,No
PRV53977,65,22120,340.3076923076923,1.9230769230769231,0.0,40,2,0.23076923076923078,4.123076923076923,0.0,No
PRV53979,77,26170,339.87012987012986,1.0129870129870129,0.0,38,16,0.15584415584415584,3.7012987012987013,0.0,No
PRV53980,22,3730,169.54545454545453,1.6363636363636365,0.0,15,10,0.22727272727272727,4.7272727272727275,0.0,No
PRV53981,22,4810,218.63636363636363,0.045454545454545456,0.0,22,13,0.18181818181818182,4.0,0.0,No
PRV53982,9,980,108.88888888888889,1.2222222222222223,0.0,9,5,0.0,5.111111111111111,0.0,No
PRV53983,24,6400,266.6666666666667,0.08333333333333333,0.0,23,8,0.125,4.916666666666667,0.0,No
PRV53985,197,163330,829.0862944162436,2.0964467005076144,8.125,62,8,0.09644670050761421,4.563451776649746,0.04060913705583756,Yes
PRV53986,45,90060,2001.3333333333333,3.3777777777777778,7.090909090909091,42,14,0.17777777777777778,4.666666666666667,0.24444444444444444,No
PRV53988,32,6360,198.75,0.65625,0.0,25,20,0.0625,4.65625,0.0,No
PRV53989,27,22130,819.6296296296297,1.8148148148148149,16.0,22,13,0.1111111111111111,4.185185185185185,0.037037037037037035,No
PRV53990,99,63350,639.89898989899,1.4646464646464648,10.0,56,23,0.1414141414141414,4.5353535353535355,0.050505050505050504,No
PRV53991,62,14050,226.61290322580646,0.9838709677419355,0.0,57,11,0.04838709677419355,4.32258064516129,0.0,No
PRV53992,244,87620,359.0983606557377,1.6475409836065573,0.0,101,2,0.20491803278688525,4.651639344262295,0.0,No
PRV53993,201,53770,267.5124378109453,1.7313432835820894,0.0,107,17,0.06965174129353234,4.736318407960199,0.0,No
PRV53994,174,46000,264.367816091954,1.0747126436781609,0.0,62,1,0.22413793103448276,4.448275862068965,0.0,No
PRV53997,172,70230,408.3139534883721,2.308139534883721,0.0,95,2,0.046511627906976744,4.872093023255814,0.0,No
PRV54000,206,42220,204.95145631067962,0.8058252427184466,0.0,95,5,0.10679611650485436,4.441747572815534,0.0,No
PRV54001,8,61000,7625.0,4.875,4.875,8,2,0.0,5.625,1.0,No
PRV54002,11,2060,187.27272727272728,1.8181818181818181,0.0,11,3,0.09090909090909091,4.363636363636363,0.0,No
PRV54004,8,1090,136.25,0.875,0.0,8,1,0.375,2.875,0.0,No
PRV54005,8,1800,225.0,2.5,0.0,8,2,0.125,5.375,0.0,No
PRV54008,50,12860,257.2,1.68,0.0,41,2,0.18,4.5,0.0,No
PRV54012,8,3800,475.0,0.0,0.0,8,2,0.25,4.75,0.0,No
PRV54017,13,2610,200.76923076923077,0.5384615384615384,0.0,13,2,0.0,3.6923076923076925,0.0,No
PRV54021,20,1980,99.0,0.0,0.0,19,2,0.15,4.6,0.0,No
PRV54023,18,2060,114.44444444444444,0.0,0.0,14,1,0.0,4.055555555555555,0.0,No
PRV54024,38,17870,470.2631578947368,3.4473684210526314,0.0,32,2,0.21052631578947367,4.315789473684211,0.0,No
PRV54025,20,8980,449.0,2.0,0.0,18,1,0.1,4.75,0.0,No
PRV54027,14,1390,99.28571428571429,1.0,0.0,8,2,0.07142857142857142,4.5,0.0,No
PRV54030,14,2820,201.42857142857142,2.0,0.0,14,2,0.07142857142857142,4.785714285714286,0.0,No
PRV54036,100,25890,258.9,1.06,0.0,97,3,0.1,4.42,0.0,No
PRV54037,17,10510,618.2352941176471,1.5294117647058822,0.0,16,2,0.0,5.294117647058823,0.0,No
PRV54038,19,5840,307.36842105263156,2.4210526315789473,0.0,15,2,0.3157894736842105,5.842105263157895,0.0,No
PRV54039,28,4770,170.35714285714286,0.14285714285714285,0.0,18,1,0.07142857142857142,5.535714285714286,0.0,No
PRV54041,65,35330,543.5384615384615,2.4153846153846152,0.0,32,4,0.12307692307692308,5.323076923076923,0.0,No
PRV54049,132,34600,262.1212121212121,1.1818181818181819,0.0,37,5,0.17424242424242425,4.393939393939394,0.0,No
PRV54055,25,214000,8560.0,3.6,3.6,25,4,0.24,5.96,1.0,No
PRV54056,21,197000,9380.952380952382,5.142857142857143,5.142857142857143,15,2,0.09523809523809523,6.190476190476191,1.0,Yes
PRV54058,35,284000,8114.285714285715,6.571428571428571,6.571428571428571,34,2,0.2857142857142857,6.114285714285714,1.0,No
PRV54059,18,172000,9555.555555555555,5.5,5.5,18,4,0.16666666666666666,5.111111111111111,1.0,No
PRV54060,16,164000,10250.0,5.875,5.875,16,1,0.0,5.3125,1.0,No
PRV54061,11,30470,2770.0,4.545454545454546,12.5,10,8,0.18181818181818182,5.636363636363637,0.36363636363636365,No
PRV54062,11,17730,1611.8181818181818,2.0,4.5,10,7,0.18181818181818182,5.2727272727272725,0.18181818181818182,No
PRV54063,17,8620,507.05882352941177,1.1176470588235294,3.0,13,12,0.17647058823529413,3.588235294117647,0.058823529411764705,No
PRV54064,122,222200,1821.311475409836,3.377049180327869,6.0625,72,15,0.08196721311475409,4.89344262295082,0.13114754098360656,No
PRV54065,94,256620,2730.0,3.25531914893617,7.041666666666667,71,19,0.14893617021276595,4.5,0.2553191489361702,Yes
PRV54066,148,41710,281.8243243243243,1.777027027027027,0.0,110,8,0.033783783783783786,4.581081081081081,0.0,No
PRV54070,1467,393990,268.56850715746424,1.3340149965916837,0.0,1177,255,0.08657123381049761,4.246762099522836,0.0,Yes
PRV54071,436,229020,525.2752293577981,2.415137614678899,7.625,325,23,0.0963302752293578,4.293577981651376,0.01834862385321101,No
PRV54072,30,105640,3521.3333333333335,2.9,4.5,26,15,0.16666666666666666,4.433333333333334,0.2,No
PRV54073,44,116390,2645.2272727272725,1.5227272727272727,4.0,28,18,0.06818181818181818,4.5,0.1590909090909091,No
PRV54074,113,342890,3034.424778761062,2.3185840707964602,5.695652173913044,109,77,0.07964601769911504,4.628318584070796,0.20353982300884957,Yes
PRV54075,1519,697520,459.1968400263331,1.532587228439763,5.6875,910,37,0.019091507570770244,4.264647794601712,0.02106649111257406,Yes
PRV54076,52,91970,1768.6538461538462,1.8653846153846154,4.111111111111111,50,26,0.07692307692307693,3.8461538461538463,0.17307692307692307,No
PRV54077,76,537320,7070.0,5.578947368421052,6.230769230769231,70,19,0.013157894736842105,5.092105263157895,0.6842105263157895,Yes
PRV54078,119,214380,1801.5126050420167,3.0504201680672267,8.55,109,72,0.07563025210084033,4.369747899159663,0.16806722689075632,No
PRV54080,573,176370,307.80104712041884,1.5340314136125655,0.0,261,4,0.14659685863874344,4.630017452006981,0.0,No
PRV54081,14,135200,9657.142857142857,3.9285714285714284,5.0,13,9,0.21428571428571427,4.0,0.7857142857142857,No
PRV54082,11,35450,3222.7272727272725,2.6363636363636362,5.8,11,11,0.0,4.909090909090909,0.45454545454545453,No
PRV54083,279,133780,479.4982078853047,1.6129032258064515,7.625,173,12,0.13620071684587814,4.265232974910394,0.02867383512544803,No
PRV54084,49,82310,1679.795918367347,1.7755102040816326,3.875,43,43,0.02040816326530612,4.326530612244898,0.16326530612244897,No
PRV54085,234,602110,2573.119658119658,2.3290598290598292,5.206896551724138,197,146,0.029914529914529916,4.089743589743589,0.24786324786324787,No
PRV54086,66,12550,190.15151515151516,1.4090909090909092,0.0,60,39,0.09090909090909091,4.0606060606060606,0.0,No
PRV54089,41,91230,2225.121951219512,2.8048780487804876,5.285714285714286,41,21,0.04878048780487805,4.609756097560975,0.17073170731707318,No
PRV54090,190,320740,1688.1052631578948,2.2473684210526317,5.3125,123,17,0.13157894736842105,4.510526315789473,0.16842105263157894,No
PRV54091,112,22820,203.75,1.4732142857142858,0.0,76,3,0.0625,3.9732142857142856,0.0,No
PRV54092,481,141550,294.28274428274426,1.3513513513513513,0.0,401,165,0.07692307692307693,4.3118503118503115,0.0,No
PRV54093,89,514980,5786.29213483146,3.5842696629213484,6.195121951219512,86,66,0.033707865168539325,4.707865168539326,0.4606741573033708,Yes
PRV54098,256,120400,470.3125,1.25,5.888888888888889,96,23,0.125,4.20703125,0.03515625,Yes
PRV54099,217,187860,865.7142857142857,1.3410138248847927,3.357142857142857,97,12,0.027649769585253458,3.9953917050691246,0.06451612903225806,No
PRV54101,29,65790,2268.6206896551726,2.5517241379310347,3.727272727272727,28,22,0.0,5.0,0.3793103448275862,No
PRV54102,23,100720,4379.130434782609,2.347826086956522,5.0,18,13,0.08695652173913043,4.565217391304348,0.391304347826087,No
PRV54103,187,104930,561.1229946524064,0.8021390374331551,3.75,82,3,0.09090909090909091,3.9411764705882355,0.0427807486631016,Yes
PRV54106,39,69910,1792.5641025641025,2.3846153846153846,4.8,37,25,0.15384615384615385,4.256410256410256,0.1282051282051282,No
PRV54107,147,44080,299.86394557823127,1.163265306122449,0.0,129,63,0.06802721088435375,3.9659863945578233,0.0,No
PRV54109,16,4950,309.375,4.125,0.0,14,2,0.25,4.375,0.0,No
PRV54111,249,590000,2369.4779116465866,1.7429718875502007,5.555555555555555,176,19,0.09236947791164658,4.2730923694779115,0.21686746987951808,Yes
PRV54112,31,6590,212.58064516129033,1.5483870967741935,0.0,18,11,0.0967741935483871,3.903225806451613,0.0,No
PRV54114,11,22790,2071.818181818182,3.5454545454545454,10.0,9,6,0.09090909090909091,4.181818181818182,0.2727272727272727,No
PRV54116,16,1280,80.0,1.25,0.0,4,2,0.125,6.1875,0.0,No
PRV54118,8,470,58.75,2.5,0.0,8,5,0.0,3.5,0.0,No
PRV54119,14,1980,141.42857142857142,0.0,0.0,12,10,0.14285714285714285,5.285714285714286,0.0,No
PRV54121,48,15370,320.2083333333333,1.5,0.0,19,5,0.2708333333333333,4.541666666666667,0.0,No
PRV54125,11,7180,652.7272727272727,2.909090909090909,0.0,10,5,0.09090909090909091,5.454545454545454,0.0,No
PRV54127,28,9100,325.0,2.5714285714285716,0.0,25,9,0.07142857142857142,4.714285714285714,0.0,No
PRV54128,27,10440,386.6666666666667,1.8148148148148149,0.0,9,7,0.2222222222222222,3.888888888888889,0.0,No
PRV54130,64,9210,143.90625,1.359375,0.0,36,10,0.203125,5.0,0.0,No
PRV54131,24,4010,167.08333333333334,0.2916666666666667,0.0,12,3,0.0,4.083333333333333,0.0,No
PRV54133,25,3560,142.4,0.08,0.0,24,8,0.08,4.0,0.0,No
PRV54134,44,27250,619.3181818181819,0.3409090909090909,4.0,36,21,0.09090909090909091,4.340909090909091,0.045454545454545456,No
PRV54136,30,7570,252.33333333333334,1.3666666666666667,0.0,16,6,0.0,4.466666666666667,0.0,No
PRV54139,99,61480,621.010101010101,1.0808080808080809,4.8,52,7,0.030303030303030304,4.353535353535354,0.050505050505050504,No
PRV54141,31,9100,293.5483870967742,1.3870967741935485,0.0,11,9,0.03225806451612903,4.419354838709677,0.0,No
PRV54142,28,9940,355.0,1.9285714285714286,0.0,7,13,0.17857142857142858,6.285714285714286,0.0,No
PRV54144,294,73130,248.74149659863946,1.3503401360544218,0.0,103,11,0.14285714285714285,4.479591836734694,0.0,Yes
PRV54149,16,34700,2168.75,1.25,4.0,14,13,0.0,3.75,0.3125,Yes
PRV54150,25,11020,440.8,0.8,0.0,24,5,0.12,5.16,0.0,No
PRV54153,14,41410,2957.8571428571427,2.642857142857143,12.0,11,6,0.0,4.571428571428571,0.21428571428571427,No
PRV54154,12,1640,136.66666666666666,1.75,0.0,11,8,0.08333333333333333,4.666666666666667,0.0,No
PRV54155,51,24440,479.2156862745098,1.6862745098039216,3.0,29,11,0.17647058823529413,4.666666666666667,0.0196078431372549,No
PRV54156,121,30480,251.900826446281,1.0495867768595042,0.0,46,1,0.1487603305785124,4.413223140495868,0.0,No
PRV54157,130,27980,215.23076923076923,1.1846153846153846,0.0,51,10,0.16923076923076924,4.638461538461539,0.0,No
PRV54158,9,2360,262.22222222222223,0.6666666666666666,0.0,9,4,0.0,3.7777777777777777,0.0,No
PRV54159,34,14400,423.52941176470586,2.3529411764705883,0.0,22,6,0.08823529411764706,4.705882352941177,0.0,No
PRV54160,9,4370,485.55555555555554,4.444444444444445,0.0,9,5,0.2222222222222222,3.2222222222222223,0.0,No
PRV54162,32,8160,255.0,0.6875,0.0,18,7,0.0625,4.46875,0.0,No
PRV54163,41,8820,215.1219512195122,0.0975609756097561,0.0,24,1,0.21951219512195122,4.2439024390243905,0.0,No
PRV54166,20,6500,325.0,0.9,0.0,17,1,0.2,4.3,0.0,No
PRV54167,9,1840,204.44444444444446,0.0,0.0,8,7,0.4444444444444444,4.0,0.0,No
PRV54168,67,34350,512.6865671641791,1.9104477611940298,3.0,39,14,0.14925373134328357,4.626865671641791,0.014925373134328358,No
PRV54171,72,20740,288.05555555555554,0.9722222222222222,0.0,27,4,0.25,4.569444444444445,0.0,No
PRV54176,10,1670,167.0,0.0,0.0,10,1,0.2,4.5,0.0,No
PRV54184,10,3560,356.0,4.0,0.0,8,1,0.2,2.7,0.0,No
PRV54186,11,1730,157.27272727272728,0.0,0.0,7,3,0.0,5.2727272727272725,0.0,No
PRV54193,24,4030,167.91666666666666,0.20833333333333334,0.0,12,1,0.041666666666666664,4.083333333333333,0.0,No
PRV54196,10,4320,432.0,2.1,0.0,10,2,0.2,4.3,0.0,No
PRV54197,14,850,60.714285714285715,0.0,0.0,12,6,0.14285714285714285,4.214285714285714,0.0,No
PRV54200,13,173090,13314.615384615385,4.769230769230769,4.769230769230769,13,3,0.15384615384615385,5.0,1.0,No
PRV54202,10,137000,13700.0,5.3,5.3,10,4,0.0,4.3,1.0,No
PRV54203,51,12930,253.52941176470588,1.3529411764705883,0.0,45,2,0.21568627450980393,4.137254901960785,0.0,No
PRV54205,9,65000,7222.222222222223,4.666666666666667,4.666666666666667,8,3,0.4444444444444444,5.666666666666667,1.0,No
PRV54206,44,21400,486.3636363636364,1.75,3.0,41,16,0.13636363636363635,4.636363636363637,0.022727272727272728,No
PRV54207,41,6950,169.5121951219512,0.7560975609756098,0.0,32,25,0.04878048780487805,4.365853658536586,0.0,No
PRV54208,27,114160,4228.148148148148,3.5555555555555554,5.7,24,17,0.07407407407407407,4.851851851851852,0.37037037037037035,No
PRV54209,151,178900,1184.76821192053,1.390728476821192,4.85,139,87,0.0728476821192053,4.6490066225165565,0.13245033112582782,Yes
PRV54210,20,4610,230.5,2.25,0.0,18,5,0.05,4.65,0.0,No
PRV54212,54,11920,220.74074074074073,1.0925925925925926,0.0,32,8,0.07407407407407407,4.018518518518518,0.0,No
PRV54213,67,169320,2527.1641791044776,2.328358208955224,4.238095238095238,61,24,0.19402985074626866,5.17910447761194,0.31343283582089554,No
PRV54215,31,144370,4657.096774193548,3.7096774193548385,6.714285714285714,26,13,0.06451612903225806,5.741935483870968,0.45161290322580644,No
PRV54216,49,163340,3333.469387755102,1.8775510204081634,6.9,43,26,0.12244897959183673,4.775510204081633,0.20408163265306123,No
PRV54217,30,5260,175.33333333333334,1.0,0.0,14,7,0.13333333333333333,5.0,0.0,No
PRV54219,101,18730,185.44554455445544,1.386138613861386,0.0,33,5,0.13861386138613863,4.198019801980198,0.0,No
PRV54220,32,185140,5785.625,3.6875,8.625,29,16,0.28125,5.03125,0.25,No
PRV54222,19,3130,164.73684210526315,0.3684210526315789,0.0,11,3,0.2631578947368421,4.578947368421052,0.0,No
PRV54223,74,16480,222.7027027027027,1.1486486486486487,0.0,25,5,0.17567567567567569,5.054054054054054,0.0,No
PRV54224,43,15460,359.5348837209302,0.8604651162790697,0.0,23,5,0.06976744186046512,4.0,0.0,No
PRV54225,104,53620,515.5769230769231,2.0,0.0,59,1,0.17307692307692307,5.009615384615385,0.0,Yes
PRV54226,13,760,58.46153846153846,1.0769230769230769,0.0,11,7,0.23076923076923078,4.076923076923077,0.0,No
PRV54227,53,7630,143.96226415094338,1.830188679245283,0.0,47,22,0.03773584905660377,4.452830188679245,0.0,No
PRV54228,352,406000,1153.409090909091,1.9943181818181819,5.390243902439025,198,54,0.09659090909090909,4.551136363636363,0.11647727272727272,No
PRV54230,126,408650,3243.253968253968,2.619047619047619,6.068181818181818,113,76,0.031746031746031744,5.142857142857143,0.3492063492063492,Yes
PRV54231,190,67880,357.2631578947368,2.3947368421052633,0.0,64,21,0.10526315789473684,4.663157894736842,0.0,No
PRV54232,42,107750,2565.4761904761904,2.4285714285714284,6.5,34,18,0.16666666666666666,5.5,0.19047619047619047,No
PRV54235,16,4280,267.5,1.0625,0.0,13,9,0.125,3.8125,0.0,No
PRV54237,234,52560,224.6153846153846,0.9102564102564102,0.0,119,15,0.08547008547008547,4.6752136752136755,0.0,No
PRV54238,348,92890,266.92528735632186,1.235632183908046,0.0,153,4,0.13793103448275862,5.103448275862069,0.0,No
PRV54239,62,20980,338.38709677419354,1.4838709677419355,0.0,44,2,0.12903225806451613,4.758064516129032,0.0,No
PRV54240,72,14400,200.0,0.5833333333333334,0.0,37,12,0.08333333333333333,5.111111111111111,0.0,No
PRV54242,88,53270,605.3409090909091,0.7613636363636364,3.25,74,42,0.022727272727272728,4.454545454545454,0.045454545454545456,No
PRV54244,231,576370,2495.1082251082253,2.4372294372294374,6.346938775510204,189,97,0.030303030303030304,4.645021645021645,0.21212121212121213,No
PRV54245,173,157450,910.1156069364162,1.5144508670520231,6.857142857142857,104,55,0.023121387283236993,5.086705202312139,0.08092485549132948,No
PRV54246,43,9900,230.2325581395349,1.8604651162790697,0.0,27,18,0.046511627906976744,4.441860465116279,0.0,No
PRV54247,70,47030,671.8571428571429,1.4285714285714286,13.75,48,13,0.14285714285714285,4.614285714285714,0.05714285714285714,No
PRV54250,62,22530,363.38709677419354,0.6451612903225806,0.0,61,41,0.03225806451612903,4.193548387096774,0.0,No
PRV54251,47,77590,1650.8510638297873,3.723404255319149,5.0,32,5,0.10638297872340426,4.297872340425532,0.1276595744680851,No
PRV54252,17,6030,354.70588235294116,1.5294117647058822,0.0,16,6,0.058823529411764705,5.0,0.0,No
PRV54253,14,82850,5917.857142857143,3.5714285714285716,7.0,13,9,0.0,4.785714285714286,0.2857142857142857,No
PRV54254,104,23140,222.5,1.5192307692307692,0.0,44,18,0.125,5.201923076923077,0.0,No
PRV54255,232,107230,462.19827586206895,1.5086206896551724,0.0,154,5,0.1336206896551724,4.663793103448276,0.0,No
PRV54256,262,117080,446.8702290076336,1.4122137404580153,3.8,100,16,0.11068702290076336,4.125954198473282,0.019083969465648856,No
PRV54257,282,69540,246.59574468085106,1.7836879432624113,0.0,134,1,0.0,4.340425531914893,0.0,No
PRV54258,238,1217250,5114.495798319328,3.226890756302521,5.5,201,75,0.09663865546218488,5.151260504201681,0.4957983193277311,Yes
PRV54259,29,89900,3100.0,2.9655172413793105,5.0,26,12,0.3793103448275862,5.413793103448276,0.41379310344827586,No
PRV54261,75,25490,339.8666666666667,2.4,0.0,66,38,0.013333333333333334,4.6,0.0,No
PRV54265,406,112930,278.1527093596059,1.2635467980295567,0.0,197,13,0.10591133004926108,4.399014778325123,0.0,No
PRV54266,65,339180,5218.153846153846,2.3846153846153846,4.9523809523809526,59,19,0.2,4.753846153846154,0.3230769230769231,No
PRV54267,226,78960,349.3805309734513,1.0663716814159292,0.0,84,2,0.17256637168141592,4.367256637168142,0.0,No
PRV54269,118,32740,277.45762711864404,0.8813559322033898,0.0,26,14,0.1440677966101695,4.059322033898305,0.0,No
PRV54270,34,11320,332.94117647058823,1.1764705882352942,0.0,27,4,0.11764705882352941,3.4705882352941178,0.0,No
PRV54271,29,6240,215.17241379310346,1.4137931034482758,0.0,12,9,0.2413793103448276,4.862068965517241,0.0,No
PRV54273,234,72020,307.77777777777777,1.5683760683760684,0.0,108,5,0.08974358974358974,4.918803418803419,0.0,No
PRV54274,47,16740,356.17021276595744,2.0425531914893615,0.0,17,7,0.0851063829787234,4.702127659574468,0.0,No
PRV54276,77,100810,1309.2207792207791,1.0909090909090908,5.5,35,12,0.1038961038961039,4.415584415584416,0.05194805194805195,No
PRV54278,61,19690,322.78688524590166,2.3114754098360657,0.0,27,6,0.19672131147540983,4.819672131147541,0.0,No
PRV54280,20,7030,351.5,0.5,0.0,15,1,0.15,3.25,0.0,No
PRV54282,19,6540,344.2105263157895,1.105263157894737,0.0,11,1,0.3157894736842105,2.4210526315789473,0.0,No
PRV54284,113,96100,850.4424778761062,2.0973451327433628,4.875,43,4,0.168141592920354,4.477876106194691,0.07079646017699115,No
PRV54285,20,2550,127.5,1.55,0.0,16,10,0.1,4.3,0.0,No
PRV54287,155,37900,244.51612903225808,0.9870967741935484,0.0,67,8,0.07096774193548387,4.109677419354838,0.0,No
PRV54288,15,4100,273.3333333333333,1.1333333333333333,0.0,13,7,0.13333333333333333,6.2,0.0,No
PRV54289,56,17720,316.42857142857144,1.9107142857142858,0.0,28,2,0.14285714285714285,4.910714285714286,0.0,No
PRV54291,10,1710,171.0,0.0,0.0,9,5,0.1,3.3,0.0,No
PRV54296,54,10460,193.7037037037037,0.9444444444444444,0.0,18,1,0.18518518518518517,4.537037037037037,0.0,No
PRV54297,8,168000,21000.0,6.875,6.875,7,4,0.0,4.875,1.0,Yes
PRV54301,13,3690,283.84615384615387,2.6923076923076925,0.0,11,1,0.23076923076923078,5.3076923076923075,0.0,No
PRV54303,16,5160,322.5,2.5625,0.0,14,1,0.375,5.3125,0.0,No
PRV54306,33,13300,403.030303030303,4.757575757575758,0.0,28,3,0.15151515151515152,5.484848484848484,0.0,No
PRV54309,29,6160,212.41379310344828,2.413793103448276,0.0,18,1,0.20689655172413793,4.655172413793103,0.0,No
PRV54313,16,7070,441.875,3.875,0.0,16,4,0.3125,4.8125,0.0,No
PRV54315,103,37770,366.6990291262136,2.3592233009708736,0.0,41,2,0.14563106796116504,5.310679611650485,0.0,No
PRV54317,25,3650,146.0,0.88,0.0,22,1,0.16,5.08,0.0,No
PRV54320,102,21760,213.33333333333334,1.7254901960784315,0.0,44,1,0.1568627450980392,4.745098039215686,0.0,No
PRV54323,51,10380,203.52941176470588,2.196078431372549,0.0,30,5,0.13725490196078433,3.4313725490196076,0.0,Yes
PRV54324,32,266000,8312.5,5.8125,5.8125,28,3,0.40625,5.59375,1.0,No
PRV54325,15,142000,9466.666666666666,4.533333333333333,4.533333333333333,15,2,0.4666666666666667,4.866666666666666,1.0,No
PRV54327,70,195380,2791.1428571428573,2.642857142857143,5.769230769230769,43,36,0.11428571428571428,4.614285714285714,0.18571428571428572,Yes
PRV54328,117,195980,1675.042735042735,2.5384615384615383,7.764705882352941,99,36,0.03418803418803419,4.162393162393163,0.1452991452991453,No
PRV54330,472,280120,593.4745762711865,1.38135593220339,3.611111111111111,372,103,0.15466101694915255,4.639830508474576,0.038135593220338986,No
PRV54332,995,333170,334.84422110552765,1.3809045226130654,0.0,531,3,0.15175879396984926,4.402010050251256,0.0,No
PRV54333,360,629430,1748.4166666666667,1.5583333333333333,5.14,291,92,0.10833333333333334,4.402777777777778,0.1388888888888889,Yes
PRV54334,105,22590,215.14285714285714,0.9428571428571428,0.0,49,12,0.09523809523809523,5.0095238095238095,0.0,No
PRV54335,219,245690,1121.8721461187215,1.1598173515981736,4.473684210526316,187,94,0.0639269406392694,4.538812785388128,0.0867579908675799,No
PRV54336,232,232060,1000.2586206896551,1.1810344827586208,5.214285714285714,103,29,0.09051724137931035,4.448275862068965,0.0603448275862069,Yes
PRV54337,149,640510,4298.724832214765,3.3959731543624163,5.546875,132,71,0.006711409395973154,5.389261744966443,0.42953020134228187,No
PRV54339,123,143870,1169.6747967479675,1.975609756097561,6.2727272727272725,68,28,0.17886178861788618,4.666666666666667,0.08943089430894309,No
PRV54340,96,69900,728.125,1.6979166666666667,4.333333333333333,54,36,0.052083333333333336,5.041666666666667,0.03125,No
PRV54341,55,23970,435.8181818181818,1.5272727272727273,1.0,34,10,0.16363636363636364,4.5636363636363635,0.01818181818181818,No
PRV54342,35,44280,1265.142857142857,0.8571428571428571,4.285714285714286,34,18,0.02857142857142857,3.8857142857142857,0.2,No
PRV54343,17,3110,182.94117647058823,0.29411764705882354,0.0,16,14,0.058823529411764705,4.294117647058823,0.0,No
PRV54344,51,17170,336.6666666666667,1.6666666666666667,0.0,42,32,0.0,4.509803921568627,0.0,No
PRV54345,167,47280,283.1137724550898,1.3712574850299402,0.0,139,75,0.0718562874251497,4.706586826347305,0.0,No
PRV54347,26,6530,251.15384615384616,0.6923076923076923,0.0,25,17,0.038461538461538464,4.269230769230769,0.0,No
PRV54348,217,959880,4423.410138248848,3.410138248847926,6.065934065934066,203,93,0.059907834101382486,4.880184331797235,0.41935483870967744,No
PRV54349,77,17850,231.8181818181818,0.7142857142857143,0.0,27,10,0.12987012987012986,3.7142857142857144,0.0,No
PRV54350,1495,1425070,953.2240802675585,1.534448160535117,5.847619047619047,530,84,0.11237458193979934,4.4454849498327755,0.07023411371237458,Yes
PRV54352,12,1670,139.16666666666666,0.0,0.0,7,1,0.0,3.3333333333333335,0.0,No
PRV54353,32,6620,206.875,1.125,0.0,31,22,0.21875,4.90625,0.0,No
PRV54354,100,259620,2596.2,3.01,3.96,89,34,0.08,4.73,0.25,Yes
PRV54355,16,14040,877.5,1.25,2.5,10,10,0.0625,3.9375,0.125,No
PRV54356,31,195370,6302.258064516129,3.5483870967741935,4.6,24,15,0.0967741935483871,5.709677419354839,0.4838709677419355,No
PRV54357,10,2190,219.0,0.3,0.0,9,6,0.5,4.7,0.0,No
PRV54358,43,13150,305.8139534883721,1.813953488372093,0.0,30,19,0.023255813953488372,3.4186046511627906,0.0,No
PRV54359,490,584210,1192.265306122449,1.4653061224489796,4.818181818181818,152,42,0.1489795918367347,4.889795918367347,0.08979591836734693,Yes
PRV54360,37,9100,245.94594594594594,1.6216216216216217,0.0,32,27,0.13513513513513514,4.54054054054054,0.0,No
PRV54361,40,83640,2091.0,2.55,7.428571428571429,27,13,0.125,5.6,0.175,Yes
PRV54362,50,14510,290.2,0.24,0.0,38,18,0.06,3.72,0.0,No
PRV54363,64,136700,2135.9375,2.28125,5.75,47,23,0.0625,4.671875,0.1875,No
PRV54365,115,31190,271.2173913043478,1.208695652173913,0.0,61,16,0.0782608695652174,3.9391304347826086,0.0,No
PRV54367,636,3133880,4927.4842767295595,3.5267295597484276,5.372670807453416,558,163,0.25157232704402516,5.047169811320755,0.5062893081761006,Yes
PRV54368,110,45340,412.1818181818182,1.309090909090909,2.0,98,39,0.09090909090909091,4.781818181818182,0.03636363636363636,No
PRV54370,181,42270,233.53591160220995,0.47513812154696133,0.0,113,74,0.06629834254143646,4.4088397790055245,0.0,No
PRV54371,31,8280,267.0967741935484,2.2903225806451615,0.0,30,19,0.0,4.612903225806452,0.0,No
PRV54372,1617,673000,416.20284477427333,1.3129251700680271,6.238095238095238,805,68,0.13790970933828076,4.66295609152752,0.012987012987012988,Yes
PRV54373,8,5830,728.75,0.375,3.0,8,5,0.125,3.0,0.125,No
PRV54374,854,280020,327.89227166276345,1.5011709601873535,0.0,455,10,0.12646370023419204,4.531615925058548,0.0,No
PRV54375,56,143990,2571.25,3.7857142857142856,6.375,48,37,0.10714285714285714,4.625,0.2857142857142857,No
PRV54377,20,33110,1655.5,2.7,2.5,19,16,0.05,3.0,0.1,No
PRV54378,79,200510,2538.1012658227846,2.7088607594936707,5.388888888888889,58,50,0.10126582278481013,4.949367088607595,0.22784810126582278,No
PRV54379,116,280670,2419.5689655172414,2.956896551724138,4.035714285714286,96,40,0.1206896551724138,4.931034482758621,0.2413793103448276,No
PRV54380,12,16940,1411.6666666666667,1.6666666666666667,10.0,11,9,0.08333333333333333,4.0,0.16666666666666666,No
PRV54381,129,163410,1266.7441860465117,1.0852713178294573,4.3076923076923075,124,75,0.046511627906976744,4.829457364341085,0.10077519379844961,No
PRV54382,257,704830,2742.5291828793775,2.4396887159533076,5.2272727272727275,214,87,0.0622568093385214,4.832684824902723,0.25680933852140075,Yes
PRV54383,29,5470,188.6206896551724,0.6896551724137931,0.0,22,14,0.06896551724137931,4.620689655172414,0.0,No
PRV54384,28,44280,1581.4285714285713,1.0714285714285714,4.0,27,21,0.03571428571428571,4.214285714285714,0.07142857142857142,No
PRV54387,415,113710,274.0,2.1156626506024097,0.0,235,3,0.16626506024096385,4.493975903614458,0.0,No
PRV54388,76,48840,642.6315789473684,2.526315789473684,5.0,73,27,0.15789473684210525,4.223684210526316,0.07894736842105263,Yes
PRV54389,56,25590,456.9642857142857,1.5892857142857142,0.0,44,39,0.08928571428571429,4.428571428571429,0.0,No
PRV54390,95,352760,3713.2631578947367,4.063157894736842,7.2105263157894735,86,49,0.16842105263157894,5.515789473684211,0.4,No
PRV54391,318,237230,746.0062893081761,1.6918238993710693,4.428571428571429,222,141,0.06918238993710692,4.468553459119497,0.0660377358490566,Yes
PRV54392,35,4860,138.85714285714286,0.2857142857142857,0.0,33,28,0.11428571428571428,4.457142857142857,0.0,No
PRV54393,75,48090,641.2,1.5466666666666666,7.2,63,30,0.12,4.48,0.06666666666666667,No
PRV54396,44,26840,610.0,3.0454545454545454,5.0,32,21,0.045454545454545456,5.386363636363637,0.022727272727272728,No
PRV54399,349,263040,753.6962750716332,1.9226361031518624,8.153846153846153,144,21,0.14040114613180515,4.418338108882521,0.03724928366762178,Yes
PRV54400,96,28030,291.9791666666667,2.21875,0.0,88,2,0.0,4.520833333333333,0.0,No
PRV54401,22,3020,137.27272727272728,1.8181818181818181,0.0,22,17,0.0,4.5,0.0,No
PRV54402,56,74520,1330.7142857142858,1.3214285714285714,4.5,50,23,0.05357142857142857,4.535714285714286,0.10714285714285714,No
PRV54403,12,1880,156.66666666666666,0.6666666666666666,0.0,11,9,0.0,3.6666666666666665,0.0,No
PRV54404,266,83080,312.3308270676692,1.3270676691729324,8.0,188,25,0.11654135338345864,4.2105263157894735,0.007518796992481203,No
PRV54407,19,2540,133.68421052631578,1.7894736842105263,0.0,16,8,0.10526315789473684,4.0,0.0,No
PRV54408,106,53140,501.3207547169811,2.4056603773584904,3.5,28,14,0.10377358490566038,4.971698113207547,0.018867924528301886,No
PRV54409,19,35160,1850.5263157894738,3.1052631578947367,3.6,16,9,0.0,5.631578947368421,0.2631578947368421,No
PRV54410,37,10350,279.72972972972974,0.7567567567567568,0.0,20,4,0.13513513513513514,4.324324324324325,0.0,No
PRV54411,22,8070,366.8181818181818,1.6363636363636365,4.0,16,7,0.2727272727272727,4.818181818181818,0.045454545454545456,No
PRV54412,70,12280,175.42857142857142,0.7142857142857143,0.0,43,5,0.12857142857142856,4.042857142857143,0.0,No
PRV54413,20,3150,157.5,0.05,0.0,14,5,0.15,5.2,0.0,No
PRV54414,30,31780,1059.3333333333333,2.533333333333333,4.0,18,6,0.23333333333333334,4.433333333333334,0.03333333333333333,No
PRV54415,27,7130,264.0740740740741,0.0,0.0,16,8,0.0,5.2592592592592595,0.0,No
PRV54416,17,7880,463.52941176470586,0.058823529411764705,0.0,16,9,0.11764705882352941,4.882352941176471,0.0,No
PRV54419,28,4970,177.5,1.4642857142857142,0.0,27,10,0.10714285714285714,4.178571428571429,0.0,No
PRV54421,65,14530,223.53846153846155,1.7692307692307692,0.0,31,7,0.046153846153846156,3.6769230769230767,0.0,No
PRV54422,15,2750,183.33333333333334,0.0,0.0,12,5,0.0,3.7333333333333334,0.0,No
PRV54423,93,22480,241.72043010752688,0.5806451612903226,0.0,51,11,0.16129032258064516,4.559139784946237,0.0,No
PRV54425,18,74300,4127.777777777777,2.111111111111111,9.25,13,11,0.2222222222222222,5.666666666666667,0.2222222222222222,No
PRV54426,24,100390,4182.916666666667,3.2083333333333335,5.888888888888889,20,13,0.125,5.25,0.375,No
PRV54427,62,11740,189.3548387096774,2.1451612903225805,0.0,20,12,0.04838709677419355,4.854838709677419,0.0,No
PRV54429,65,51170,787.2307692307693,1.9384615384615385,3.6666666666666665,27,11,0.07692307692307693,4.7846153846153845,0.046153846153846156,No
PRV54430,64,12900,201.5625,1.21875,0.0,30,5,0.171875,3.5625,0.0,No
PRV54431,9,1580,175.55555555555554,4.0,0.0,9,7,0.1111111111111111,4.888888888888889,0.0,No
PRV54433,14,4040,288.57142857142856,1.2142857142857142,0.0,12,9,0.07142857142857142,5.214285714285714,0.0,No
PRV54434,42,28830,686.4285714285714,1.5238095238095237,18.0,31,25,0.14285714285714285,5.166666666666667,0.047619047619047616,No
PRV54435,11,4280,389.09090909090907,0.18181818181818182,0.0,8,4,0.18181818181818182,3.5454545454545454,0.0,No
PRV54437,14,3230,230.71428571428572,1.7857142857142858,0.0,14,7,0.21428571428571427,4.5,0.0,No
PRV54438,272,61630,226.5808823529412,1.2941176470588236,0.0,98,1,0.15441176470588236,4.591911764705882,0.0,No
PRV54442,68,25300,372.05882352941177,2.2058823529411766,0.0,56,1,0.14705882352941177,4.514705882352941,0.0,No
PRV54443,61,27200,445.9016393442623,2.8360655737704916,0.0,51,2,0.18032786885245902,5.754098360655738,0.0,No
PRV54444,27,9770,361.85185185185185,1.5925925925925926,0.0,25,3,0.25925925925925924,4.481481481481482,0.0,No
PRV54448,23,6720,292.17391304347825,1.1304347826086956,0.0,23,5,0.13043478260869565,3.8260869565217392,0.0,No
PRV54450,10,5790,579.0,3.0,0.0,10,1,0.3,4.6,0.0,No
PRV54451,13,8310,639.2307692307693,1.6153846153846154,0.0,13,1,0.3076923076923077,4.076923076923077,0.0,No
PRV54454,171,45040,263.39181286549706,1.4795321637426901,0.0,138,1,0.18128654970760233,4.684210526315789,0.0,No
PRV54456,8,1370,171.25,0.0,0.0,6,2,0.25,6.25,0.0,No
PRV54457,16,2220,138.75,1.25,0.0,8,1,0.3125,3.6875,0.0,No
PRV54459,9,3080,342.22222222222223,2.2222222222222223,0.0,9,2,0.1111111111111111,5.666666666666667,0.0,No
PRV54461,12,152000,12666.666666666666,5.583333333333333,5.583333333333333,12,4,0.3333333333333333,5.0,1.0,No
PRV54462,80,16330,204.125,1.2875,0.0,75,2,0.2,4.35,0.0,No
PRV54465,9,3610,401.1111111111111,0.0,0.0,5,1,0.2222222222222222,5.333333333333333,0.0,No
PRV54468,21,1710,81.42857142857143,0.0,0.0,19,4,0.09523809523809523,4.333333333333333,0.0,No
PRV54469,11,3290,299.09090909090907,0.09090909090909091,0.0,10,2,0.09090909090909091,3.8181818181818183,0.0,No
PRV54471,46,16700,363.04347826086956,1.3043478260869565,0.0,23,1,0.17391304347826086,4.695652173913044,0.0,No
PRV54472,32,16300,509.375,2.0625,0.0,19,1,0.1875,4.34375,0.0,No
PRV54473,19,11020,580.0,5.2631578947368425,0.0,8,3,0.21052631578947367,4.7368421052631575,0.0,No
PRV54475,151,43120,285.5629139072848,1.6688741721854305,0.0,60,1,0.0,4.549668874172186,0.0,No
PRV54477,100,34310,343.1,1.76,0.0,60,11,0.15,4.86,0.0,No
PRV54478,64,21590,337.34375,0.609375,0.0,47,3,0.1875,3.859375,0.0,No
PRV54479,17,8640,508.2352941176471,1.1764705882352942,0.0,9,4,0.058823529411764705,4.823529411764706,0.0,No
PRV54481,8,1890,236.25,0.0,0.0,8,2,0.125,4.375,0.0,No
PRV54483,13,1170,90.0,0.23076923076923078,0.0,11,1,0.23076923076923078,5.461538461538462,0.0,No
PRV54486,28,8010,286.07142857142856,2.0,0.0,19,2,0.17857142857142858,5.0,0.0,No
PRV54489,14,6300,450.0,1.6428571428571428,0.0,14,2,0.14285714285714285,4.285714285714286,0.0,No
PRV54490,23,2160,93.91304347826087,0.0,0.0,19,2,0.13043478260869565,4.826086956521739,0.0,No
PRV54491,14,8730,623.5714285714286,1.5,0.0,10,2,0.07142857142857142,5.071428571428571,0.0,No
PRV54496,8,2360,295.0,3.0,0.0,7,1,0.125,6.125,0.0,No
PRV54504,120,434920,3624.3333333333335,2.1166666666666667,3.909090909090909,103,40,0.13333333333333333,4.833333333333333,0.36666666666666664,Yes
PRV54505,38,55140,1451.0526315789473,0.868421052631579,6.4,24,21,0.13157894736842105,5.394736842105263,0.13157894736842105,Yes
PRV54506,134,56570,422.1641791044776,0.8731343283582089,2.0,75,47,0.11940298507462686,4.619402985074627,0.022388059701492536,No
PRV54507,109,363310,3333.119266055046,1.7155963302752293,4.717948717948718,73,55,0.009174311926605505,4.651376146788991,0.3577981651376147,No
PRV54508,90,33010,366.77777777777777,1.511111111111111,0.0,75,44,0.05555555555555555,4.333333333333333,0.0,No
PRV54510,149,41250,276.8456375838926,1.308724832214765,0.0,75,26,0.12080536912751678,3.6711409395973154,0.0,No
PRV54511,32,8690,271.5625,1.4375,0.0,30,22,0.03125,3.78125,0.0,No
PRV54514,387,644010,1664.108527131783,1.5348837209302326,5.583333333333333,305,146,0.0,4.397932816537468,0.12403100775193798,Yes
PRV54515,67,22750,339.55223880597015,0.8955223880597015,0.0,66,28,0.029850746268656716,4.955223880597015,0.0,No
PRV54517,45,5660,125.77777777777777,0.06666666666666667,0.0,16,10,0.1111111111111111,3.8222222222222224,0.0,No
PRV54519,15,4540,302.6666666666667,1.3333333333333333,0.0,10,2,0.0,3.8,0.0,No
PRV54520,15,8080,538.6666666666666,4.6,0.0,11,6,0.26666666666666666,5.6,0.0,No
PRV54521,64,31840,497.5,1.734375,0.0,39,8,0.125,3.546875,0.0,No
PRV54524,21,2840,135.23809523809524,0.09523809523809523,0.0,16,8,0.047619047619047616,5.238095238095238,0.0,No
PRV54526,46,10230,222.3913043478261,0.15217391304347827,0.0,17,7,0.08695652173913043,4.043478260869565,0.0,No
PRV54528,23,5710,248.2608695652174,0.8695652173913043,0.0,9,1,0.043478260869565216,4.304347826086956,0.0,No
PRV54530,13,2580,198.46153846153845,3.076923076923077,0.0,4,2,0.23076923076923078,2.5384615384615383,0.0,No
PRV54531,30,14030,467.6666666666667,1.1333333333333333,3.0,26,14,0.3,4.833333333333333,0.03333333333333333,No
PRV54535,34,7090,208.52941176470588,2.235294117647059,0.0,29,14,0.08823529411764706,4.647058823529412,0.0,No
PRV54536,13,4890,376.15384615384613,0.8461538461538461,0.0,11,6,0.38461538461538464,3.5384615384615383,0.0,No
PRV54537,60,22470,374.5,2.316666666666667,0.0,20,1,0.16666666666666666,4.9,0.0,No
PRV54538,48,21330,444.375,1.3333333333333333,0.0,32,11,0.0625,3.6666666666666665,0.0,No
PRV54539,69,18130,262.7536231884058,0.463768115942029,0.0,43,14,0.07246376811594203,4.565217391304348,0.0,No
PRV54540,20,9690,484.5,0.0,0.0,19,11,0.05,3.75,0.0,Yes
PRV54542,20,35420,1771.0,2.35,6.4,14,6,0.2,5.4,0.25,No
PRV54543,17,41500,2441.176470588235,3.0,10.333333333333334,15,10,0.17647058823529413,5.235294117647059,0.17647058823529413,Yes
PRV54544,28,5250,187.5,1.4285714285714286,0.0,8,2,0.07142857142857142,5.285714285714286,0.0,No
PRV54548,12,1890,157.5,0.08333333333333333,0.0,7,2,0.16666666666666666,3.4166666666666665,0.0,No
PRV54550,21,5550,264.2857142857143,2.4285714285714284,0.0,13,1,0.23809523809523808,4.666666666666667,0.0,No
PRV54552,45,11370,252.66666666666666,0.8,0.0,28,3,0.2222222222222222,4.4222222222222225,0.0,No
PRV54553,18,3740,207.77777777777777,0.0,0.0,12,3,0.0,3.2222222222222223,0.0,No
PRV54554,26,6990,268.84615384615387,0.46153846153846156,0.0,8,2,0.15384615384615385,6.038461538461538,0.0,No
PRV54557,564,157890,279.9468085106383,1.5407801418439717,0.0,263,40,0.12588652482269502,4.388297872340425,0.0,Yes
PRV54558,73,197970,2711.917808219178,2.1506849315068495,6.2,69,50,0.0410958904109589,4.205479452054795,0.2054794520547945,No
PRV54559,66,255560,3872.121212121212,3.5,5.833333333333333,57,47,0.06060606060606061,4.651515151515151,0.36363636363636365,No
PRV54560,98,473080,4827.34693877551,3.520408163265306,5.4,87,49,0.05102040816326531,4.948979591836735,0.40816326530612246,Yes
PRV54561,186,269670,1449.8387096774193,2.510752688172043,5.4,102,43,0.005376344086021506,4.67741935483871,0.13440860215053763,No
PRV54562,206,57510,279.1747572815534,1.1990291262135921,0.0,75,8,0.15048543689320387,4.635922330097087,0.0,No
PRV54563,267,79070,296.14232209737827,1.6666666666666667,0.0,172,39,0.07116104868913857,4.01123595505618,0.0,No
PRV54564,803,229780,286.1519302615193,1.7048567870485678,0.0,330,69,0.05603985056039851,3.9452054794520546,0.0,No
PRV54565,130,412130,3170.230769230769,2.669230769230769,5.794871794871795,106,78,0.03076923076923077,4.584615384615384,0.3,No
PRV54566,308,755660,2453.4415584415583,2.477272727272727,6.6,247,154,0.09740259740259741,4.392857142857143,0.12987012987012986,Yes
PRV54567,57,112690,1977.017543859649,1.6140350877192982,7.333333333333333,34,25,0.14035087719298245,4.280701754385965,0.10526315789473684,No
PRV54568,56,53640,957.8571428571429,1.3214285714285714,4.2,46,26,0.16071428571428573,4.178571428571429,0.08928571428571429,No
PRV54569,63,209350,3323.0158730158732,1.9365079365079365,4.75,42,27,0.031746031746031744,5.031746031746032,0.19047619047619047,No
PRV54571,17,50610,2977.0588235294117,4.176470588235294,6.25,17,6,0.29411764705882354,4.705882352941177,0.23529411764705882,No
PRV54572,146,53110,363.7671232876712,1.773972602739726,0.0,117,34,0.10273972602739725,4.157534246575342,0.0,No
PRV54573,22,5960,270.90909090909093,0.9545454545454546,0.0,14,8,0.3181818181818182,5.409090909090909,0.0,No
PRV54574,35,7800,222.85714285714286,0.9428571428571428,0.0,24,12,0.11428571428571428,4.057142857142857,0.0,No
PRV54575,273,504080,1846.4468864468865,2.3003663003663,7.151515151515151,155,18,0.11721611721611722,4.344322344322344,0.12087912087912088,No
PRV54576,16,113100,7068.75,6.75,6.285714285714286,16,13,0.125,5.75,0.875,No
PRV54577,61,494010,8098.524590163935,4.737704918032787,5.533333333333333,56,21,0.36065573770491804,4.885245901639344,0.7377049180327869,No
PRV54578,77,24130,313.3766233766234,0.5194805194805194,0.0,37,27,0.07792207792207792,4.51948051948052,0.0,No
PRV54580,30,7280,242.66666666666666,1.3666666666666667,0.0,19,15,0.06666666666666667,4.266666666666667,0.0,No
PRV54581,11,2160,196.36363636363637,0.0,0.0,9,5,0.09090909090909091,4.545454545454546,0.0,No
PRV54582,71,18960,267.0422535211268,0.6056338028169014,0.0,35,14,0.11267605633802817,4.267605633802817,0.0,No
PRV54585,75,22620,301.6,2.013333333333333,0.0,34,13,0.09333333333333334,4.306666666666667,0.0,No
PRV54588,63,17220,273.3333333333333,1.2063492063492063,0.0,47,5,0.14285714285714285,4.492063492063492,0.0,No
PRV54589,11,1700,154.54545454545453,0.0,0.0,5,4,0.2727272727272727,5.0,0.0,No
PRV54590,66,28700,434.8484848484849,1.5,2.0,34,7,0.09090909090909091,4.075757575757576,0.015151515151515152,No
PRV54591,45,8280,184.0,1.2444444444444445,0.0,14,8,0.13333333333333333,5.088888888888889,0.0,No
PRV54593,35,10960,313.14285714285717,0.9714285714285714,0.0,22,1,0.2,3.2857142857142856,0.0,No
PRV54595,11,7620,692.7272727272727,3.6363636363636362,0.0,9,4,0.18181818181818182,4.909090909090909,0.0,No
PRV54596,64,16490,257.65625,1.125,0.0,20,1,0.21875,4.4375,0.0,No
PRV54597,15,5000,333.3333333333333,0.0,0.0,10,3,0.06666666666666667,3.7333333333333334,0.0,No
PRV54598,9,1010,112.22222222222223,0.1111111111111111,0.0,7,6,0.2222222222222222,3.888888888888889,0.0,No
PRV54599,17,3820,224.7058823529412,1.1764705882352942,0.0,11,6,0.058823529411764705,3.0588235294117645,0.0,No
PRV54601,11,710,64.54545454545455,1.8181818181818181,0.0,6,3,0.2727272727272727,6.363636363636363,0.0,No
PRV54602,14,1710,122.14285714285714,2.857142857142857,0.0,13,5,0.07142857142857142,5.071428571428571,0.0,No
PRV54603,57,16180,283.859649122807,1.9824561403508771,0.0,32,9,0.17543859649122806,4.543859649122807,0.0,No
PRV54604,38,8240,216.8421052631579,0.5789473684210527,0.0,15,3,0.21052631578947367,4.052631578947368,0.0,No
PRV54606,8,1510,188.75,2.5,0.0,8,4,0.25,4.125,0.0,No
PRV54608,33,10650,322.72727272727275,2.515151515151515,0.0,10,2,0.15151515151515152,3.515151515151515,0.0,No
PRV54609,45,17160,381.3333333333333,0.6666666666666666,0.0,14,4,0.13333333333333333,4.266666666666667,0.0,No
PRV54610,45,14470,321.55555555555554,2.688888888888889,0.0,21,3,0.13333333333333333,5.377777777777778,0.0,No
PRV54612,12,1120,93.33333333333333,0.0,0.0,4,4,0.0,4.0,0.0,No
PRV54614,15,1440,96.0,0.6,0.0,8,4,0.2,4.4,0.0,No
PRV54618,32,10200,318.75,0.0625,0.0,18,1,0.125,3.40625,0.0,No
PRV54619,33,9710,294.24242424242425,1.0303030303030303,0.0,21,2,0.15151515151515152,4.2727272727272725,0.0,No
PRV54620,13,74520,5732.307692307692,2.923076923076923,3.857142857142857,12,5,0.5384615384615384,5.461538461538462,0.5384615384615384,No
PRV54622,10,890,89.0,1.8,0.0,8,6,0.0,3.1,0.0,No
PRV54623,43,8030,186.74418604651163,0.8837209302325582,0.0,11,2,0.046511627906976744,4.627906976744186,0.0,No
PRV54624,10,10180,1018.0,4.0,0.0,8,6,0.0,3.9,0.0,No
PRV54625,16,7290,455.625,1.875,0.0,7,1,0.0625,2.3125,0.0,No
PRV54627,26,5530,212.69230769230768,0.8076923076923077,0.0,13,5,0.0,4.423076923076923,0.0,No
PRV54630,85,25680,302.11764705882354,1.576470588235294,0.0,23,4,0.07058823529411765,4.929411764705883,0.0,No
PRV54633,12,1430,119.16666666666667,3.25,0.0,6,7,0.0,3.25,0.0,No
PRV54634,32,6110,190.9375,0.71875,0.0,23,12,0.0625,4.71875,0.0,No
PRV54635,33,6590,199.6969696969697,2.121212121212121,0.0,11,1,0.12121212121212122,5.2727272727272725,0.0,No
PRV54636,76,26500,348.6842105263158,2.039473684210526,0.0,51,2,0.11842105263157894,4.25,0.0,No
PRV54637,13,226000,17384.615384615383,7.3076923076923075,7.3076923076923075,12,4,0.0,6.153846153846154,1.0,No
PRV54639,13,110000,8461.538461538461,4.0,4.0,12,4,0.23076923076923078,5.769230769230769,1.0,No
PRV54640,19,74260,3908.4210526315787,3.6842105263157894,7.0,19,16,0.0,4.7894736842105265,0.3684210526315789,No
PRV54642,49,14110,287.9591836734694,2.2653061224489797,0.0,46,30,0.04081632653061224,4.204081632653061,0.0,No
PRV54643,18,8380,465.55555555555554,0.0,0.0,18,16,0.1111111111111111,4.5,0.0,No
PRV54644,68,212370,3123.0882352941176,2.0588235294117645,3.590909090909091,66,53,0.11764705882352941,4.75,0.3235294117647059,Yes
PRV54646,23,11180,486.0869565217391,2.4782608695652173,0.0,13,1,0.17391304347826086,5.217391304347826,0.0,No
PRV54649,75,315080,4201.066666666667,3.16,7.2727272727272725,73,47,0.0,4.973333333333334,0.29333333333333333,Yes
PRV54651,91,291760,3206.153846153846,2.208791208791209,5.904761904761905,87,61,0.03296703296703297,5.0989010989010985,0.23076923076923078,Yes
PRV54652,38,12020,316.3157894736842,1.2105263157894737,0.0,33,2,0.15789473684210525,4.394736842105263,0.0,No
PRV54653,70,377740,5396.285714285715,3.1285714285714286,5.25,61,34,0.11428571428571428,5.328571428571428,0.5714285714285714,No
PRV54656,35,11380,325.14285714285717,0.7714285714285715,0.0,35,21,0.17142857142857143,3.7714285714285714,0.0,No
PRV54657,46,292220,6352.608695652174,2.3260869565217392,3.8823529411764706,46,34,0.043478260869565216,5.1521739130434785,0.3695652173913043,No
PRV54658,85,192580,2265.6470588235293,2.3411764705882354,4.0,85,57,0.03529411764705882,5.1647058823529415,0.3176470588235294,No
PRV54660,24,5110,212.91666666666666,1.3333333333333333,0.0,21,18,0.0,3.4583333333333335,0.0,No
PRV54661,19,88200,4642.105263157895,0.9473684210526315,5.666666666666667,19,12,0.10526315789473684,4.7368421052631575,0.15789473684210525,No
PRV54662,45,25590,568.6666666666666,3.533333333333333,4.333333333333333,44,22,0.044444444444444446,4.622222222222222,0.06666666666666667,No
PRV54667,166,136690,823.433734939759,3.1325301204819276,7.555555555555555,66,15,0.15060240963855423,4.680722891566265,0.05421686746987952,No
PRV54668,306,96050,313.8888888888889,1.2581699346405228,0.0,261,26,0.1437908496732026,4.300653594771242,0.0032679738562091504,No
PRV54670,159,39370,247.61006289308176,1.9119496855345912,0.0,115,13,0.20754716981132076,4.647798742138365,0.0,No
PRV54672,10,4200,420.0,3.4,0.0,7,4,0.2,4.6,0.0,No
PRV54675,37,422000,11405.405405405405,5.054054054054054,5.054054054054054,34,3,0.16216216216216217,6.324324324324325,1.0,Yes
PRV54676,40,375200,9380.0,5.125,5.125,36,4,0.25,5.825,1.0,Yes
PRV54677,27,16270,602.5925925925926,4.962962962962963,0.0,15,2,0.25925925925925924,4.666666666666667,0.0,No
PRV54678,15,6850,456.6666666666667,0.0,0.0,7,3,0.06666666666666667,3.2666666666666666,0.0,No
PRV54680,18,257000,14277.777777777777,7.277777777777778,7.277777777777778,17,4,0.16666666666666666,5.944444444444445,1.0,Yes
PRV54681,301,63790,211.9269102990033,1.1295681063122924,0.0,285,125,0.036544850498338874,4.368770764119601,0.0,No
PRV54682,96,57690,600.9375,1.3854166666666667,2.8333333333333335,88,50,0.07291666666666667,4.6875,0.0625,No
PRV54683,462,123850,268.0735930735931,1.2878787878787878,0.0,406,140,0.08874458874458875,4.365800865800866,0.0,No
PRV54684,133,43360,326.01503759398497,2.0,0.0,128,44,0.07518796992481203,4.330827067669173,0.0,No
PRV54685,145,40150,276.8965517241379,2.3241379310344827,0.0,139,46,0.14482758620689656,4.537931034482758,0.0,No
PRV54686,157,145620,927.515923566879,1.5541401273885351,4.142857142857143,125,55,0.012738853503184714,4.477707006369426,0.08917197452229299,No
PRV54687,18,9390,521.6666666666666,1.1111111111111112,0.0,18,16,0.05555555555555555,4.277777777777778,0.0,No
PRV54688,1032,401660,389.20542635658916,1.193798449612403,4.0,481,30,0.11046511627906977,4.179263565891473,0.01065891472868217,Yes
PRV54689,20,2070,103.5,0.1,0.0,20,16,0.2,4.6,0.0,No
PRV54690,840,224960,267.8095238095238,1.2738095238095237,0.0,366,10,0.05357142857142857,4.3654761904761905,0.0,No
PRV54691,67,98310,1467.313432835821,0.9850746268656716,6.571428571428571,66,34,0.1791044776119403,4.701492537313433,0.1044776119402985,No
PRV54692,72,375880,5220.555555555556,3.8194444444444446,4.833333333333333,62,16,0.06944444444444445,5.0,0.6666666666666666,Yes
PRV54693,52,39930,767.8846153846154,3.0576923076923075,6.5,51,26,0.11538461538461539,4.826923076923077,0.038461538461538464,No
PRV54694,330,90760,275.030303030303,1.396969696969697,0.0,155,17,0.1484848484848485,3.860606060606061,0.0,No
PRV54695,53,15750,297.1698113207547,1.7735849056603774,0.0,53,25,0.18867924528301888,4.471698113207547,0.0,No
PRV54696,71,139150,1959.8591549295775,2.6901408450704225,6.833333333333333,63,28,0.08450704225352113,3.676056338028169,0.08450704225352113,No
PRV54697,8,10880,1360.0,3.125,5.0,8,6,0.0,3.5,0.125,No
PRV54703,11,660,60.0,0.0,0.0,11,11,0.0,3.8181818181818183,0.0,No
PRV54704,161,44710,277.70186335403724,1.1055900621118013,0.0,115,20,0.09937888198757763,4.403726708074534,0.0,No
PRV54705,257,219740,855.0194552529183,1.5330739299610896,5.85,119,19,0.12840466926070038,4.182879377431907,0.07782101167315175,No
PRV54707,9,1280,142.22222222222223,0.0,0.0,8,1,0.0,4.555555555555555,0.0,No
PRV54708,8,2680,335.0,0.125,0.0,8,2,0.25,4.75,0.0,No
PRV54712,14,7460,532.8571428571429,1.4285714285714286,0.0,13,1,0.14285714285714285,3.642857142857143,0.0,No
PRV54713,17,1770,104.11764705882354,1.2941176470588236,0.0,17,1,0.23529411764705882,4.352941176470588,0.0,No
PRV54714,10,2480,248.0,0.3,0.0,10,1,0.2,3.4,0.0,No
PRV54715,19,6890,362.63157894736844,2.0526315789473686,0.0,18,2,0.05263157894736842,4.7894736842105265,0.0,No
PRV54716,141,39240,278.29787234042556,0.8014184397163121,0.0,55,2,0.2127659574468085,4.964539007092198,0.0,No
PRV54718,29,302000,10413.793103448275,6.137931034482759,6.137931034482759,24,2,0.3793103448275862,5.793103448275862,1.0,Yes
PRV54720,9,127000,14111.111111111111,3.888888888888889,3.888888888888889,9,1,0.0,4.111111111111111,1.0,No
PRV54723,90,24350,270.55555555555554,1.5444444444444445,0.0,86,36,0.15555555555555556,4.733333333333333,0.0,No
PRV54724,71,495650,6980.985915492958,4.295774647887324,5.9375,67,14,0.04225352112676056,4.915492957746479,0.676056338028169,No
PRV54725,116,34700,299.13793103448273,2.0344827586206895,0.0,112,65,0.08620689655172414,4.620689655172414,0.0,No
PRV54726,34,33290,979.1176470588235,1.8823529411764706,6.0,34,26,0.058823529411764705,4.617647058823529,0.058823529411764705,No
PRV54727,59,24270,411.35593220338984,1.7118644067796611,0.0,59,47,0.01694915254237288,4.203389830508475,0.0,No
PRV54728,11,13690,1244.5454545454545,3.1818181818181817,6.0,11,9,0.18181818181818182,5.454545454545454,0.18181818181818182,No
PRV54730,40,9450,236.25,1.875,0.0,39,21,0.25,4.625,0.0,No
PRV54734,138,42870,310.6521739130435,1.108695652173913,0.0,127,38,0.09420289855072464,4.543478260869565,0.0,No
PRV54735,38,59710,1571.3157894736842,2.473684210526316,6.8,38,28,0.13157894736842105,4.7368421052631575,0.13157894736842105,No
PRV54737,35,169510,4843.142857142857,4.228571428571429,5.615384615384615,35,23,0.02857142857142857,4.6571428571428575,0.37142857142857144,No
PRV54739,186,632650,3401.3440860215055,2.3118279569892475,6.666666666666667,180,41,0.12365591397849462,4.795698924731183,0.24193548387096775,Yes
PRV54741,177,47650,269.2090395480226,0.8361581920903954,0.0,171,90,0.12994350282485875,4.418079096045198,0.0,No
PRV54742,1892,2969530,1569.5190274841439,1.885306553911205,5.597402597402597,989,15,0.1062367864693446,4.513742071881607,0.12209302325581395,Yes
PRV54743,80,87470,1093.375,2.075,9.142857142857142,77,56,0.0375,4.8625,0.0875,Yes
PRV54745,828,295740,357.17391304347825,1.2330917874396135,5.4,502,23,0.050724637681159424,4.48792270531401,0.012077294685990338,No
PRV54747,21,5420,258.0952380952381,1.0476190476190477,0.0,20,18,0.047619047619047616,4.761904761904762,0.0,No
PRV54748,85,32110,377.7647058823529,2.1176470588235294,0.0,83,38,0.047058823529411764,4.882352941176471,0.0,No
PRV54753,16,7780,486.25,1.9375,0.0,16,9,0.125,4.8125,0.0,No
PRV54756,19,17390,915.2631578947369,2.473684210526316,2.3333333333333335,19,13,0.05263157894736842,4.7368421052631575,0.15789473684210525,No
PRV54757,65,117290,1804.4615384615386,2.0923076923076924,5.2,65,50,0.06153846153846154,4.492307692307692,0.23076923076923078,No
PRV54758,95,25690,270.42105263157896,1.6526315789473685,0.0,93,68,0.07368421052631578,4.252631578947368,0.0,No
PRV54759,44,45140,1025.909090909091,1.5,4.2,44,22,0.0,4.9772727272727275,0.11363636363636363,No
PRV54760,31,195090,6293.225806451613,3.967741935483871,5.125,29,10,0.03225806451612903,5.580645161290323,0.7741935483870968,No
PRV54761,822,216040,262.82238442822387,1.6313868613138687,0.0,483,8,0.15206812652068127,4.418491484184915,0.0,No
PRV54763,34,11770,346.1764705882353,1.5588235294117647,0.0,33,23,0.11764705882352941,4.411764705882353,0.0,No
PRV54764,51,162080,3178.0392156862745,1.7450980392156863,5.0,48,36,0.0392156862745098,5.235294117647059,0.2549019607843137,No
PRV54765,239,2000500,8370.292887029289,4.510460251046025,4.974489795918367,201,32,0.012552301255230125,5.330543933054393,0.8200836820083682,Yes
PRV54767,63,62080,985.3968253968254,1.0634920634920635,4.125,62,35,0.09523809523809523,4.746031746031746,0.12698412698412698,No
PRV54768,32,79420,2481.875,3.34375,4.142857142857143,31,26,0.0625,4.96875,0.21875,No
PRV54771,85,171560,2018.3529411764705,1.4470588235294117,4.916666666666667,80,50,0.03529411764705882,4.423529411764706,0.1411764705882353,Yes
PRV54772,2115,1751320,828.0472813238771,1.7546099290780142,6.036697247706422,1061,42,0.12529550827423167,4.556501182033097,0.051536643026004726,Yes
PRV54773,34,160210,4712.058823529412,4.088235294117647,8.6,34,24,0.11764705882352941,5.0588235294117645,0.29411764705882354,No
PRV54774,488,203170,416.33196721311475,1.7336065573770492,5.4,264,15,0.06762295081967214,4.254098360655738,0.010245901639344262,No
PRV54776,37,37450,1012.1621621621622,1.8108108108108107,1.6,37,31,0.05405405405405406,4.5675675675675675,0.13513513513513514,No
PRV54778,1672,998160,596.9856459330143,1.8026315789473684,5.25,857,8,0.13157894736842105,4.471291866028708,0.03827751196172249,Yes
PRV54779,31,120680,3892.9032258064517,1.935483870967742,5.555555555555555,31,26,0.0,4.67741935483871,0.2903225806451613,No
PRV54780,21,4950,235.71428571428572,1.9047619047619047,0.0,21,9,0.09523809523809523,4.380952380952381,0.0,No
PRV54781,205,776560,3788.0975609756097,3.029268292682927,6.676056338028169,189,44,0.03414634146341464,4.7560975609756095,0.3463414634146341,Yes
PRV54783,28,20530,733.2142857142857,2.892857142857143,0.0,26,14,0.17857142857142858,4.892857142857143,0.0,No
PRV54784,9,1520,168.88888888888889,0.7777777777777778,0.0,9,4,0.1111111111111111,4.0,0.0,No
PRV54785,8,26330,3291.25,4.25,7.0,8,7,0.0,4.5,0.25,No
PRV54786,1316,415900,316.03343465045594,1.7765957446808511,0.0,697,9,0.0911854103343465,4.47112462006079,0.0,Yes
PRV54787,77,297820,3867.7922077922076,2.0259740259740258,4.083333333333333,76,48,0.025974025974025976,4.740259740259741,0.3116883116883117,No
PRV54790,8,3560,445.0,3.0,0.0,8,2,0.0,3.75,0.0,No
PRV54792,22,5390,245.0,1.0909090909090908,0.0,22,2,0.09090909090909091,3.8636363636363638,0.0,No
PRV54793,10,3820,382.0,2.8,0.0,5,3,0.1,2.1,0.0,No
PRV54795,21,7510,357.6190476190476,0.9523809523809523,0.0,21,6,0.09523809523809523,3.857142857142857,0.0,No
PRV54802,17,1770,104.11764705882354,1.5294117647058822,0.0,17,4,0.17647058823529413,4.235294117647059,0.0,No
PRV54806,75,13300,177.33333333333334,1.1866666666666668,0.0,56,1,0.21333333333333335,3.8,0.0,No
PRV54808,32,15140,473.125,0.03125,0.0,32,3,0.125,4.40625,0.0,Yes
PRV54809,55,21170,384.90909090909093,0.8909090909090909,0.0,53,4,0.23636363636363636,3.9454545454545453,0.0,No
PRV54812,12,156000,13000.0,5.833333333333333,5.833333333333333,12,3,0.16666666666666666,5.583333333333333,1.0,No
PRV54813,1056,300030,284.1193181818182,1.4583333333333333,0.0,711,1,0.16950757575757575,4.476325757575758,0.0,No
PRV54814,82,20790,253.53658536585365,1.2926829268292683,0.0,72,3,0.2073170731707317,4.719512195121951,0.0,No
PRV54819,25,158110,6324.4,4.36,4.739130434782608,23,4,0.0,5.72,0.92,No
PRV54822,16,136000,8500.0,6.125,6.125,16,2,0.0625,5.375,1.0,Yes
PRV54824,10,100000,10000.0,6.5,6.5,10,1,0.8,6.1,1.0,No
PRV54827,17,2570,151.1764705882353,1.2941176470588236,0.0,12,1,0.29411764705882354,4.117647058823529,0.0,No
PRV54828,60,111610,1860.1666666666667,2.0,13.666666666666666,22,16,0.11666666666666667,4.366666666666666,0.05,Yes
PRV54829,75,21140,281.8666666666667,1.3333333333333333,0.0,55,30,0.02666666666666667,4.6,0.0,No
PRV54830,11,13810,1255.4545454545455,2.5454545454545454,8.0,11,6,0.5454545454545454,3.272727272727273,0.09090909090909091,No
PRV54831,17,34040,2002.3529411764705,0.8235294117647058,3.5,17,13,0.0,4.294117647058823,0.23529411764705882,No
PRV54832,60,95240,1587.3333333333333,1.9,3.8,58,19,0.15,5.15,0.08333333333333333,Yes
PRV54833,88,19000,215.9090909090909,1.3068181818181819,0.0,48,3,0.14772727272727273,4.375,0.0,No
PRV54834,16,59300,3706.25,3.4375,2.5,15,8,0.125,4.8125,0.375,No
PRV54836,8,3400,425.0,0.125,0.0,8,6,0.125,3.625,0.0,No
PRV54837,1843,524060,284.35160065111234,1.6006511123168747,0.0,728,12,0.06890938686923494,3.9907759088442756,0.0,Yes
PRV54838,58,10800,186.20689655172413,0.6896551724137931,0.0,31,1,0.1206896551724138,4.310344827586207,0.0,No
PRV54840,26,6520,250.76923076923077,1.3846153846153846,0.0,21,12,0.038461538461538464,4.730769230769231,0.0,No
PRV54842,130,62420,480.15384615384613,1.1076923076923078,3.3333333333333335,59,18,0.16153846153846155,4.7153846153846155,0.023076923076923078,No
PRV54845,41,100280,2445.8536585365855,2.048780487804878,8.0,36,18,0.07317073170731707,4.780487804878049,0.1951219512195122,Yes
PRV54846,42,117930,2807.8571428571427,0.8333333333333334,2.888888888888889,40,27,0.11904761904761904,4.285714285714286,0.21428571428571427,No
PRV54847,296,128200,433.1081081081081,1.2905405405405406,6.4,135,59,0.016891891891891893,4.054054054054054,0.033783783783783786,No
PRV54848,28,239270,8545.357142857143,6.785714285714286,7.916666666666667,26,5,0.5714285714285714,4.75,0.8571428571428571,No
PRV54849,12,1590,132.5,0.0,0.0,12,8,0.08333333333333333,4.5,0.0,No
PRV54852,180,51420,285.6666666666667,1.9444444444444444,0.0,82,2,0.07222222222222222,4.683333333333334,0.0,No
PRV54854,131,39660,302.7480916030534,1.6870229007633588,0.0,55,3,0.1984732824427481,4.412213740458015,0.0,No
PRV54855,212,56930,268.5377358490566,1.5943396226415094,0.0,129,3,0.15566037735849056,4.122641509433962,0.0,No
PRV54859,25,12250,490.0,1.16,0.0,6,4,0.04,5.24,0.0,No
PRV54860,21,14080,670.4761904761905,3.0476190476190474,0.0,8,1,0.19047619047619047,3.7142857142857144,0.0,No
PRV54861,43,6450,150.0,1.4186046511627908,0.0,32,9,0.023255813953488372,3.604651162790698,0.0,No
PRV54868,105,25220,240.1904761904762,1.6,0.0,91,1,0.2,3.961904761904762,0.0,No
PRV54869,8,950,118.75,0.0,0.0,8,1,0.375,3.125,0.0,No
PRV54870,8,1080,135.0,0.0,0.0,8,1,0.25,3.75,0.0,No
PRV54871,10,3260,326.0,0.0,0.0,8,1,0.2,4.6,0.0,No
PRV54873,8,420,52.5,0.0,0.0,8,3,0.0,3.125,0.0,No
PRV54875,20,172000,8600.0,9.15,9.15,19,3,0.25,4.95,1.0,Yes
PRV54877,70,26290,375.57142857142856,1.8285714285714285,0.0,63,20,0.08571428571428572,4.757142857142857,0.0,No
PRV54878,16,9240,577.5,2.125,1.0,15,7,0.0,5.1875,0.0625,No
PRV54879,245,643720,2627.4285714285716,2.2816326530612243,5.133333333333334,197,36,0.10612244897959183,5.1020408163265305,0.24489795918367346,Yes
PRV54881,39,294510,7551.538461538462,5.538461538461538,5.696969696969697,39,6,0.02564102564102564,5.538461538461538,0.8461538461538461,No
PRV54882,253,369680,1461.1857707509882,2.067193675889328,6.3125,220,132,0.05533596837944664,4.612648221343873,0.12648221343873517,Yes
PRV54885,316,411400,1301.8987341772151,2.0348101265822787,6.694444444444445,289,180,0.08544303797468354,4.563291139240507,0.11392405063291139,No
PRV54886,9,7940,882.2222222222222,3.4444444444444446,0.0,9,8,0.2222222222222222,4.777777777777778,0.0,No
PRV54887,143,48780,341.1188811188811,1.3006993006993006,0.0,126,77,0.04895104895104895,4.468531468531468,0.0,No
PRV54888,413,120880,292.6876513317191,1.74818401937046,0.0,324,146,0.13801452784503632,4.530266343825666,0.0,No
PRV54889,56,100580,1796.0714285714287,1.625,4.285714285714286,48,33,0.125,5.160714285714286,0.125,No
PRV54890,77,74320,965.1948051948052,2.5064935064935066,8.75,77,53,0.09090909090909091,4.636363636363637,0.05194805194805195,No
PRV54891,50,83380,1667.6,0.52,4.0,44,18,0.14,4.88,0.12,No
PRV54892,49,10670,217.75510204081633,1.6122448979591837,0.0,46,30,0.08163265306122448,4.163265306122449,0.0,No
PRV54893,8,1830,228.75,3.875,0.0,8,6,0.0,4.875,0.0,No
PRV54894,229,1757060,7672.751091703057,4.471615720524017,6.6521739130434785,209,64,0.1572052401746725,5.065502183406114,0.6026200873362445,Yes
PRV54895,3436,1057610,307.80267753201394,1.3780558789289872,9.666666666666666,1469,26,0.050349243306169966,4.486903376018626,0.0008731082654249127,Yes
PRV54896,159,616860,3879.622641509434,3.0377358490566038,5.785714285714286,152,56,0.3081761006289308,4.635220125786163,0.3522012578616352,Yes
PRV54898,9,72000,8000.0,5.444444444444445,5.444444444444445,9,1,0.6666666666666666,4.555555555555555,1.0,No
PRV54900,14,3490,249.28571428571428,1.3571428571428572,0.0,14,14,0.0,4.928571428571429,0.0,No
PRV54901,25,103960,4158.4,2.84,3.75,25,23,0.0,4.28,0.32,No
PRV54902,16,9840,615.0,1.375,2.0,15,10,0.0,5.125,0.0625,No
PRV54904,19,7970,419.4736842105263,1.0,0.0,19,9,0.10526315789473684,6.2105263157894735,0.0,No
PRV54905,149,79620,534.3624161073825,0.7516778523489933,3.5,114,44,0.14093959731543623,4.456375838926174,0.026845637583892617,No
PRV54906,22,127150,5779.545454545455,4.045454545454546,6.625,22,14,0.0,4.954545454545454,0.36363636363636365,No
PRV54907,170,59920,352.47058823529414,1.4058823529411764,0.0,120,22,0.11764705882352941,4.694117647058824,0.0,No
PRV54908,115,34230,297.6521739130435,1.2434782608695651,0.0,109,41,0.1565217391304348,4.139130434782609,0.0,No
PRV54909,27,89860,3328.1481481481483,2.4814814814814814,6.625,27,22,0.07407407407407407,4.37037037037037,0.2962962962962963,No
PRV54910,215,80880,376.1860465116279,0.6558139534883721,2.3333333333333335,152,69,0.05116279069767442,4.367441860465116,0.013953488372093023,No
PRV54911,85,25520,300.2352941176471,0.9529411764705882,0.0,82,35,0.15294117647058825,4.035294117647059,0.0,No
PRV54914,402,212930,529.6766169154229,1.256218905472637,6.071428571428571,220,14,0.05223880597014925,4.380597014925373,0.03482587064676617,No
PRV54916,107,183750,1717.2897196261683,2.3551401869158877,7.5625,99,13,0.12149532710280374,4.4766355140186915,0.14953271028037382,No
PRV54917,37,112450,3039.189189189189,3.5405405405405403,5.866666666666666,36,5,0.0,4.783783783783784,0.40540540540540543,No
PRV54918,166,874860,5270.240963855422,2.9397590361445785,5.014084507042254,139,50,0.07228915662650602,4.801204819277109,0.42771084337349397,Yes
PRV54919,178,66770,375.1123595505618,1.2134831460674158,2.0,155,40,0.12359550561797752,4.46067415730337,0.02247191011235955,No
PRV54923,79,30400,384.8101265822785,1.3164556962025316,0.0,57,17,0.08860759493670886,4.367088607594937,0.0,No
PRV54924,173,279220,1613.9884393063585,1.7341040462427746,5.571428571428571,144,46,0.07514450867052024,4.526011560693641,0.12138728323699421,No
PRV54925,122,478870,3925.1639344262294,2.6557377049180326,4.871794871794871,97,24,0.11475409836065574,4.704918032786885,0.319672131147541,Yes
PRV54926,47,85620,1821.7021276595744,2.25531914893617,5.875,45,19,0.06382978723404255,4.702127659574468,0.1702127659574468,No
PRV54927,102,22600,221.5686274509804,1.588235294117647,0.0,94,40,0.06862745098039216,4.509803921568627,0.0,No
PRV54929,26,197630,7601.153846153846,5.5,7.0,26,21,0.0,5.346153846153846,0.5769230769230769,Yes
PRV54930,211,93570,443.45971563981044,1.872037914691943,3.8,186,55,0.052132701421800945,4.459715639810427,0.023696682464454975,No
PRV54931,52,248540,4779.615384615385,4.346153846153846,8.5,50,35,0.019230769230769232,5.5,0.46153846153846156,Yes
PRV54932,59,21160,358.64406779661016,0.8983050847457628,5.0,59,45,0.1864406779661017,5.203389830508475,0.01694915254237288,No
PRV54933,64,273200,4268.75,3.34375,5.827586206896552,53,16,0.03125,5.234375,0.453125,Yes
PRV54934,71,178930,2520.1408450704225,2.183098591549296,4.944444444444445,57,28,0.07042253521126761,4.563380281690141,0.2535211267605634,No
PRV54935,89,23250,261.23595505617976,0.7640449438202247,3.3333333333333335,77,32,0.12359550561797752,4.01123595505618,0.033707865168539325,No
PRV54936,221,1139730,5157.149321266968,3.981900452488688,5.67175572519084,209,55,0.13574660633484162,5.167420814479638,0.5927601809954751,Yes
PRV54937,36,36260,1007.2222222222222,2.888888888888889,3.3333333333333335,36,26,0.1388888888888889,4.75,0.08333333333333333,No
PRV54938,86,25530,296.86046511627904,1.1162790697674418,0.0,86,57,0.023255813953488372,4.674418604651163,0.0,No
PRV54939,1380,407800,295.5072463768116,1.267391304347826,0.0,1163,239,0.10434782608695652,4.484057971014493,0.0,Yes
PRV54941,18,4990,277.22222222222223,1.8888888888888888,0.0,18,11,0.1111111111111111,5.111111111111111,0.0,No
PRV54942,130,365970,2815.153846153846,1.8846153846153846,5.15,119,58,0.046153846153846156,4.6692307692307695,0.15384615384615385,Yes
PRV54943,23,23450,1019.5652173913044,0.30434782608695654,3.5,21,15,0.08695652173913043,3.9565217391304346,0.08695652173913043,No
PRV54944,120,38620,321.8333333333333,0.8916666666666667,0.0,115,85,0.06666666666666667,4.325,0.0,No
PRV54945,37,5950,160.8108108108108,1.2162162162162162,0.0,36,14,0.24324324324324326,3.972972972972973,0.0,No
PRV54946,91,33740,370.7692307692308,0.9120879120879121,0.0,91,61,0.06593406593406594,4.252747252747253,0.0,No
PRV54947,26,7630,293.46153846153845,0.8461538461538461,0.0,24,15,0.038461538461538464,3.6923076923076925,0.0,No
PRV54949,412,525140,1274.611650485437,2.383495145631068,6.690476190476191,375,138,0.09951456310679611,4.572815533980583,0.10194174757281553,No
PRV54950,18,75400,4188.888888888889,3.4444444444444446,12.2,18,14,0.1111111111111111,4.777777777777778,0.2777777777777778,Yes
PRV54952,149,181650,1219.1275167785234,2.1073825503355703,6.0,147,77,0.11409395973154363,5.046979865771812,0.08053691275167785,Yes
PRV54953,102,28200,276.47058823529414,1.2352941176470589,0.0,84,34,0.14705882352941177,4.980392156862745,0.0,No
PRV54954,71,18080,254.64788732394365,1.7605633802816902,0.0,71,47,0.09859154929577464,4.225352112676056,0.0,No
PRV54955,314,2134890,6799.012738853503,4.308917197452229,6.019512195121951,300,69,0.27070063694267515,5.197452229299363,0.6528662420382165,Yes
PRV54959,95,86510,910.6315789473684,1.8736842105263158,9.142857142857142,92,54,0.05263157894736842,4.494736842105263,0.07368421052631578,No
PRV54960,193,51400,266.32124352331607,1.6424870466321244,0.0,187,70,0.04145077720207254,4.492227979274611,0.0,No
PRV54963,67,29770,444.32835820895525,1.2537313432835822,3.0,67,45,0.13432835820895522,3.925373134328358,0.014925373134328358,No
PRV54965,107,151480,1415.7009345794393,2.074766355140187,4.888888888888889,105,73,0.018691588785046728,4.5607476635514015,0.08411214953271028,No
PRV54966,1796,502010,279.51559020044544,1.2733853006681515,0.0,1289,10,0.07683741648106904,4.612472160356347,0.0,Yes
PRV54967,51,21920,429.80392156862746,1.196078431372549,0.0,51,25,0.058823529411764705,4.431372549019608,0.0,No
PRV54968,49,127820,2608.5714285714284,2.36734693877551,2.8,41,24,0.061224489795918366,4.795918367346939,0.20408163265306123,No
PRV54970,233,106170,455.6652360515021,1.4334763948497855,2.0,180,35,0.15879828326180256,4.339055793991417,0.02575107296137339,No
PRV54971,429,541030,1261.1421911421912,1.8484848484848484,5.884615384615385,189,11,0.07226107226107226,4.505827505827506,0.12121212121212122,No
PRV54972,62,16950,273.38709677419354,1.032258064516129,0.0,56,31,0.14516129032258066,4.5,0.0,No
PRV54973,129,68880,533.953488372093,2.3255813953488373,4.0,123,70,0.031007751937984496,4.503875968992248,0.06976744186046512,No
PRV54975,132,36460,276.2121212121212,0.7651515151515151,0.0,122,39,0.08333333333333333,4.833333333333333,0.0,No
PRV54976,55,19940,362.54545454545456,1.8181818181818181,0.0,53,23,0.21818181818181817,4.381818181818182,0.0,No
PRV54977,53,89140,1681.8867924528302,1.6603773584905661,4.2,41,28,0.1509433962264151,5.339622641509434,0.09433962264150944,No
PRV54978,265,86760,327.39622641509436,1.1622641509433962,0.0,126,14,0.08679245283018867,4.479245283018868,0.0,No
PRV54981,95,816730,8597.157894736842,5.768421052631579,6.444444444444445,90,14,0.010526315789473684,5.536842105263158,0.8526315789473684,No
PRV54982,37,11860,320.5405405405405,0.7837837837837838,0.0,33,16,0.13513513513513514,4.945945945945946,0.0,No
PRV54983,126,42140,334.44444444444446,1.3571428571428572,0.0,116,53,0.10317460317460317,4.666666666666667,0.0,No
PRV54985,223,63340,284.0358744394619,1.6771300448430493,0.0,203,100,0.03139013452914798,4.641255605381166,0.0,No
PRV54986,618,1693410,2740.145631067961,2.598705501618123,5.934640522875817,542,105,0.10841423948220065,4.7459546925566345,0.24757281553398058,Yes
PRV54988,41,14310,349.0243902439024,1.6097560975609757,0.0,41,26,0.07317073170731707,3.4146341463414633,0.0,No
PRV54990,20,46600,2330.0,1.05,5.0,20,16,0.0,5.15,0.2,No
PRV54991,130,21180,162.92307692307693,1.0153846153846153,0.0,125,63,0.1076923076923077,4.538461538461538,0.0,No
PRV54992,18,11710,650.5555555555555,2.6666666666666665,0.0,17,14,0.0,4.722222222222222,0.0,No
PRV54993,53,185920,3507.9245283018868,3.1132075471698113,6.75,48,28,0.1320754716981132,5.113207547169812,0.1509433962264151,No
PRV54995,16,6060,378.75,0.6875,0.0,16,9,0.1875,4.4375,0.0,No
PRV54997,34,39770,1169.7058823529412,1.6470588235294117,4.4,22,15,0.11764705882352941,3.764705882352941,0.14705882352941177,No
PRV54998,207,563540,2722.415458937198,2.7246376811594204,5.6440677966101696,130,23,0.057971014492753624,5.048309178743962,0.28502415458937197,Yes
PRV54999,10,40940,4094.0,4.0,13.333333333333334,10,9,0.1,2.8,0.3,No
PRV55000,764,1166020,1526.2041884816754,1.9921465968586387,6.383720930232558,707,139,0.06544502617801047,4.455497382198953,0.112565445026178,No
PRV55001,158,41400,262.0253164556962,1.1265822784810127,0.0,153,68,0.08227848101265822,4.2405063291139244,0.0,No
PRV55002,100,27060,270.6,1.26,0.0,93,30,0.05,4.71,0.0,No
PRV55003,76,77850,1024.342105263158,2.1710526315789473,3.2,73,32,0.11842105263157894,4.223684210526316,0.06578947368421052,No
PRV55004,2399,703610,293.29303876615256,1.4651938307628178,4.333333333333333,992,25,0.08295122967903293,4.626511046269279,0.0012505210504376823,Yes
PRV55005,130,516780,3975.230769230769,2.8923076923076922,5.125,128,43,0.06923076923076923,4.930769230769231,0.4307692307692308,No
PRV55006,41,37250,908.5365853658536,2.4146341463414633,5.0,41,21,0.0975609756097561,4.560975609756097,0.07317073170731707,No
PRV55007,14,3330,237.85714285714286,1.4285714285714286,0.0,13,9,0.14285714285714285,4.357142857142857,0.0,No
PRV55010,289,66400,229.75778546712803,1.1038062283737025,0.0,143,26,0.10380622837370242,4.595155709342561,0.0,Yes
PRV55011,56,13750,245.53571428571428,0.5,0.0,54,28,0.10714285714285714,4.410714285714286,0.0,No
PRV55012,73,19800,271.2328767123288,0.9178082191780822,0.0,69,24,0.1095890410958904,4.027397260273973,0.0,No
PRV55013,83,17800,214.4578313253012,2.3734939759036147,0.0,78,49,0.060240963855421686,4.734939759036145,0.0,No
PRV55016,146,38140,261.2328767123288,0.9178082191780822,0.0,86,26,0.17123287671232876,4.691780821917808,0.0,No
PRV55018,75,615940,8212.533333333333,4.666666666666667,5.158730158730159,72,10,0.013333333333333334,5.293333333333333,0.84,Yes
PRV55019,285,1857020,6515.859649122807,3.6912280701754385,5.822784810126582,221,52,0.03508771929824561,5.028070175438597,0.5543859649122806,Yes
PRV55022,137,716850,5232.481751824817,3.4963503649635035,5.197368421052632,123,34,0.0948905109489051,5.124087591240876,0.5547445255474452,Yes
PRV55023,64,420150,6564.84375,5.09375,7.794117647058823,52,13,0.296875,5.25,0.53125,No
PRV55024,46,32980,716.9565217391304,2.0434782608695654,2.0,45,40,0.10869565217391304,5.282608695652174,0.06521739130434782,No
PRV55026,272,76910,282.75735294117646,1.3419117647058822,0.0,239,124,0.04411764705882353,4.518382352941177,0.0,No
PRV55027,156,191990,1230.7051282051282,1.9679487179487178,5.230769230769231,147,68,0.01282051282051282,4.647435897435898,0.08333333333333333,Yes
PRV55028,223,241790,1084.2600896860986,1.3004484304932735,6.7,87,11,0.15695067264573992,4.968609865470852,0.08968609865470852,No
PRV55029,255,224000,878.4313725490196,1.6784313725490196,4.285714285714286,209,90,0.043137254901960784,4.698039215686275,0.054901960784313725,No
PRV55030,311,782900,2517.363344051447,2.9356913183279745,5.917808219178082,239,78,0.21221864951768488,4.893890675241158,0.2347266881028939,Yes
PRV55031,32,45300,1415.625,2.59375,5.75,30,26,0.0625,4.125,0.125,No
PRV55032,36,20340,565.0,0.8333333333333334,1.0,36,18,0.2222222222222222,4.277777777777778,0.027777777777777776,No
PRV55034,612,435780,712.0588235294117,1.3725490196078431,4.923076923076923,466,2,0.19281045751633988,4.504901960784314,0.042483660130718956,Yes
PRV55035,14,3860,275.7142857142857,1.6428571428571428,0.0,14,5,0.07142857142857142,5.071428571428571,0.0,No
PRV55036,64,14760,230.625,2.765625,0.0,63,30,0.171875,4.40625,0.0,No
PRV55037,649,313660,483.2973805855162,1.546995377503852,5.454545454545454,448,14,0.0970724191063174,4.229583975346687,0.01694915254237288,No
PRV55038,15,4230,282.0,0.06666666666666667,0.0,15,13,0.13333333333333333,3.8,0.0,No
PRV55039,2058,816200,396.5986394557823,1.3760932944606414,5.258064516129032,647,55,0.07580174927113703,4.61661807580175,0.015063168124392614,Yes
PRV55041,21,63880,3041.904761904762,3.0952380952380953,9.0,20,18,0.09523809523809523,5.619047619047619,0.23809523809523808,No
PRV55042,124,126300,1018.5483870967741,1.7903225806451613,7.125,110,47,0.07258064516129033,4.741935483870968,0.06451612903225806,No
PRV55043,119,35450,297.89915966386553,1.361344537815126,0.0,114,65,0.05042016806722689,4.61344537815126,0.0,No
PRV55044,9,1070,118.88888888888889,1.8888888888888888,0.0,9,9,0.0,5.222222222222222,0.0,No
PRV55045,66,27630,418.6363636363636,1.9393939393939394,0.0,65,22,0.030303030303030304,4.424242424242424,0.0,No
PRV55048,94,866240,9215.31914893617,5.23404255319149,5.317073170731708,88,14,0.46808510638297873,5.851063829787234,0.8723404255319149,Yes
PRV55049,148,725150,4899.6621621621625,4.27027027027027,5.28,117,38,0.11486486486486487,4.918918918918919,0.5067567567567568,Yes
PRV55050,183,49610,271.09289617486337,1.530054644808743,0.0,137,1,0.12021857923497267,4.612021857923497,0.0,No
PRV55052,49,8480,173.0612244897959,0.04081632653061224,0.0,31,7,0.061224489795918366,3.8979591836734695,0.0,No
PRV55053,54,13340,247.03703703703704,2.2962962962962963,0.0,29,5,0.16666666666666666,4.277777777777778,0.0,No
PRV55054,69,12650,183.33333333333334,0.9565217391304348,0.0,59,6,0.08695652173913043,4.304347826086956,0.0,No
PRV55056,100,40290,402.9,0.84,0.0,91,20,0.13,4.97,0.0,No
PRV55057,347,94560,272.507204610951,1.7377521613832854,0.0,146,6,0.14697406340057637,4.610951008645533,0.0,Yes
PRV55058,227,63470,279.6035242290749,1.2819383259911894,0.0,164,8,0.1762114537444934,4.511013215859031,0.0,No
PRV55059,153,51910,339.281045751634,1.7320261437908497,0.0,84,4,0.032679738562091505,4.993464052287582,0.0,No
PRV55061,95,24290,255.68421052631578,1.2105263157894737,0.0,83,21,0.11578947368421053,5.031578947368421,0.0,No
PRV55062,29,7460,257.2413793103448,1.0344827586206897,0.0,28,8,0.034482758620689655,4.586206896551724,0.0,No
PRV55063,10,660,66.0,0.0,0.0,10,10,0.0,4.0,0.0,No
PRV55064,621,187750,302.33494363929145,1.4363929146537842,0.0,380,1,0.15619967793880837,4.71658615136876,0.0,No
PRV55069,21,2050,97.61904761904762,0.9523809523809523,0.0,20,4,0.09523809523809523,4.809523809523809,0.0,No
PRV55070,20,3220,161.0,1.3,0.0,19,1,0.2,4.4,0.0,No
PRV55071,70,25930,370.42857142857144,1.7428571428571429,0.0,58,5,0.15714285714285714,4.571428571428571,0.0,No
PRV55072,48,9550,198.95833333333334,0.5416666666666666,0.0,41,3,0.1875,4.5625,0.0,No
PRV55073,18,6570,365.0,0.1111111111111111,0.0,17,2,0.1111111111111111,4.388888888888889,0.0,No
PRV55077,8,390,48.75,0.0,0.0,7,1,0.0,5.5,0.0,No
PRV55079,47,10940,232.7659574468085,1.446808510638298,0.0,46,1,0.1702127659574468,4.404255319148936,0.0,No
PRV55080,8,4820,602.5,0.0,0.0,8,3,0.25,4.25,0.0,No
PRV55081,30,6950,231.66666666666666,0.6666666666666666,0.0,28,1,0.23333333333333334,3.8666666666666667,0.0,No
PRV55083,196,50470,257.5,1.3775510204081634,0.0,152,2,0.15306122448979592,4.479591836734694,0.0,No
PRV55085,24,9180,382.5,0.7916666666666666,0.0,22,5,0.3333333333333333,4.291666666666667,0.0,No
PRV55086,78,14690,188.33333333333334,2.128205128205128,0.0,60,3,0.11538461538461539,4.397435897435898,0.0,No
PRV55087,201,43770,217.76119402985074,1.6169154228855722,0.0,154,3,0.15422885572139303,4.696517412935323,0.0,No
PRV55088,31,15250,491.93548387096774,1.064516129032258,0.0,31,4,0.1935483870967742,4.064516129032258,0.0,No
PRV55091,18,4750,263.8888888888889,1.1111111111111112,0.0,18,4,0.2222222222222222,4.611111111111111,0.0,No
PRV55092,8,660,82.5,0.125,0.0,8,1,0.125,4.5,0.0,No
PRV55093,19,3380,177.89473684210526,1.263157894736842,0.0,18,2,0.10526315789473684,4.2631578947368425,0.0,No
PRV55094,19,17100,900.0,3.0526315789473686,0.0,18,3,0.2631578947368421,4.473684210526316,0.0,No
PRV55095,20,7520,376.0,1.9,0.0,20,4,0.15,5.4,0.0,No
PRV55096,27,5350,198.14814814814815,0.4444444444444444,0.0,26,1,0.07407407407407407,3.7777777777777777,0.0,No
PRV55098,27,6970,258.14814814814815,0.18518518518518517,0.0,17,1,0.07407407407407407,3.962962962962963,0.0,No
PRV55099,97,24200,249.48453608247422,0.7525773195876289,0.0,54,6,0.15463917525773196,4.824742268041237,0.0,No
PRV55103,78,15100,193.5897435897436,0.6282051282051282,0.0,74,2,0.15384615384615385,4.358974358974359,0.0,No
PRV55104,52,14880,286.15384615384613,1.3846153846153846,0.0,46,2,0.1346153846153846,5.326923076923077,0.0,No
PRV55108,223,63340,284.0358744394619,0.7488789237668162,0.0,152,5,0.14349775784753363,4.650224215246637,0.0,No
PRV55110,40,9960,249.0,1.8,0.0,23,2,0.05,5.425,0.0,No
PRV55111,29,4070,140.3448275862069,0.7586206896551724,0.0,25,2,0.10344827586206896,5.344827586206897,0.0,No
PRV55112,32,5750,179.6875,0.96875,0.0,31,2,0.3125,4.53125,0.0,No
PRV55114,13,4480,344.61538461538464,3.076923076923077,0.0,13,3,0.23076923076923078,4.769230769230769,0.0,No
PRV55116,284,81920,288.4507042253521,1.6690140845070423,0.0,143,2,0.20774647887323944,4.588028169014085,0.0,No
PRV55120,9,58200,6466.666666666667,3.5555555555555554,4.0,9,3,0.2222222222222222,5.444444444444445,0.8888888888888888,No
PRV55121,20,173070,8653.5,6.1,6.1,20,3,0.15,6.05,1.0,No
PRV55124,9,152000,16888.88888888889,7.666666666666667,7.666666666666667,8,5,0.5555555555555556,6.0,1.0,No
PRV55128,8,111000,13875.0,6.875,6.875,8,3,0.375,6.625,1.0,No
PRV55132,10,108000,10800.0,2.9,2.9,10,2,0.6,6.0,1.0,No
PRV55136,8,102000,12750.0,6.5,6.5,8,6,0.375,5.125,1.0,No
PRV55140,9,85000,9444.444444444445,3.3333333333333335,3.3333333333333335,9,1,0.6666666666666666,5.666666666666667,1.0,No
PRV55145,14,143000,10214.285714285714,5.214285714285714,5.214285714285714,14,2,0.6428571428571429,5.071428571428571,1.0,No
PRV55149,16,145000,9062.5,5.75,5.75,16,1,0.4375,5.875,1.0,No
PRV55152,10,78300,7830.0,4.3,4.3,10,3,0.2,5.3,1.0,No
PRV55155,9,68000,7555.555555555556,6.444444444444445,6.444444444444445,9,2,0.2222222222222222,4.555555555555555,1.0,No
PRV55158,698,508210,728.0945558739255,1.4154727793696276,5.206896551724138,534,11,0.166189111747851,4.637535816618911,0.04154727793696275,No
PRV55160,10,120000,12000.0,8.5,8.5,10,3,0.4,6.2,1.0,No
PRV55163,587,168750,287.4787052810903,1.8568994889267463,4.0,365,42,0.10562180579216354,4.4463373083475295,0.0017035775127768314,Yes
PRV55164,154,239760,1556.8831168831168,1.0194805194805194,6.235294117647059,113,38,0.12987012987012986,4.428571428571429,0.11038961038961038,No
PRV55165,241,329870,1368.7551867219918,2.2780082987551866,5.1,228,129,0.008298755186721992,4.634854771784233,0.12448132780082988,Yes
PRV55166,72,19740,274.1666666666667,0.875,0.0,70,28,0.125,4.597222222222222,0.0,No
PRV55167,94,33300,354.25531914893617,1.8191489361702127,0.0,80,29,0.06382978723404255,4.51063829787234,0.0,No
PRV55168,134,51960,387.76119402985074,1.5820895522388059,0.0,82,15,0.1417910447761194,4.41044776119403,0.0,No
PRV55169,721,1011760,1403.2732316227462,1.884882108183079,6.0,585,233,0.08044382801664356,4.447988904299584,0.11511789181692095,No
PRV55171,247,407360,1649.2307692307693,2.0526315789473686,5.658536585365853,110,28,0.12550607287449392,4.42914979757085,0.1659919028340081,Yes
PRV55172,114,727600,6382.456140350877,3.5526315789473686,5.6909090909090905,98,40,0.12280701754385964,4.973684210526316,0.4824561403508772,Yes
PRV55173,25,8350,334.0,1.72,0.0,24,14,0.04,4.96,0.0,No
PRV55175,304,254600,837.5,1.493421052631579,4.478260869565218,267,111,0.06907894736842106,4.473684210526316,0.0756578947368421,No
PRV55176,20,8650,432.5,1.15,2.0,20,11,0.2,4.8,0.05,No
PRV55177,327,104420,319.3272171253823,1.003058103975535,0.0,286,131,0.03669724770642202,4.428134556574924,0.0,No
PRV55178,31,18510,597.0967741935484,1.8064516129032258,2.0,29,13,0.06451612903225806,4.451612903225806,0.06451612903225806,No
PRV55179,74,178930,2417.972972972973,2.0135135135135136,4.0625,66,25,0.10810810810810811,4.986486486486487,0.21621621621621623,No
PRV55180,127,108440,853.8582677165355,1.921259842519685,5.857142857142857,112,55,0.08661417322834646,5.0,0.05511811023622047,No
PRV55181,439,413360,941.5945330296128,1.6195899772209568,6.8,332,73,0.0774487471526196,4.580865603644647,0.07972665148063782,No
PRV55182,102,25940,254.31372549019608,0.22549019607843138,0.0,78,37,0.09803921568627451,4.1568627450980395,0.0,No
PRV55183,117,257750,2202.991452991453,2.8119658119658117,5.571428571428571,90,36,0.1111111111111111,4.82051282051282,0.1794871794871795,No
PRV55184,56,15760,281.42857142857144,1.0178571428571428,4.0,45,25,0.07142857142857142,4.517857142857143,0.017857142857142856,No
PRV55185,206,112170,544.5145631067961,0.7912621359223301,2.2,70,29,0.05339805825242718,4.747572815533981,0.024271844660194174,No
PRV55187,125,29270,234.16,1.568,0.0,101,40,0.096,5.032,0.0,No
PRV55188,207,73470,354.92753623188406,1.4830917874396135,3.0,112,23,0.11594202898550725,4.36231884057971,0.01932367149758454,No
PRV55189,133,339940,2555.93984962406,1.6390977443609023,3.6666666666666665,115,68,0.11278195488721804,5.2406015037593985,0.2706766917293233,No
PRV55191,90,17290,192.11111111111111,0.9111111111111111,0.0,87,62,0.0,4.855555555555555,0.0,No
PRV55192,253,218640,864.1897233201581,1.466403162055336,4.266666666666667,234,121,0.10276679841897234,4.798418972332016,0.05928853754940711,No
PRV55193,44,444380,10099.545454545454,5.2272727272727275,6.774193548387097,38,11,0.045454545454545456,5.386363636363637,0.7045454545454546,Yes
PRV55194,421,1700900,4040.142517814727,3.294536817102138,5.201183431952662,368,120,0.28028503562945367,4.828978622327791,0.4014251781472684,Yes
PRV55195,77,246730,3204.285714285714,1.9870129870129871,6.0625,69,20,0.2857142857142857,4.87012987012987,0.2077922077922078,Yes
PRV55196,173,150790,871.6184971098265,1.439306358381503,6.5,153,84,0.08092485549132948,4.497109826589595,0.03468208092485549,No
PRV55197,73,24210,331.64383561643837,2.3424657534246576,0.0,50,17,0.1232876712328767,4.739726027397261,0.0,No
PRV55198,68,22280,327.6470588235294,2.764705882352941,4.5,60,32,0.07352941176470588,4.735294117647059,0.029411764705882353,No
PRV55200,69,20250,293.4782608695652,0.9420289855072463,0.0,55,1,0.18840579710144928,4.695652173913044,0.0,No
PRV55202,30,11980,399.3333333333333,1.4,0.0,27,12,0.26666666666666666,5.333333333333333,0.0,No
PRV55203,25,46470,1858.8,1.12,4.8,25,13,0.12,4.4,0.2,No
PRV55205,260,638060,2454.076923076923,1.6576923076923078,6.2368421052631575,240,138,0.04230769230769231,4.619230769230769,0.14615384615384616,No
PRV55206,103,33090,321.2621359223301,0.5436893203883495,0.0,92,71,0.07766990291262135,4.300970873786408,0.0,No
PRV55207,167,41510,248.562874251497,1.1017964071856288,0.0,151,85,0.07784431137724551,4.341317365269461,0.0,No
PRV55208,53,76300,1439.622641509434,2.169811320754717,6.285714285714286,50,36,0.03773584905660377,5.0,0.1320754716981132,No
PRV55209,762,2914700,3825.0656167979005,2.811023622047244,5.341818181818182,659,171,0.24540682414698162,4.868766404199475,0.36089238845144356,Yes
PRV55210,174,50480,290.11494252873564,2.0172413793103448,0.0,68,7,0.16091954022988506,4.574712643678161,0.0,No
PRV55211,32,7030,219.6875,0.6875,0.0,32,21,0.1875,4.46875,0.0,No
PRV55213,81,80390,992.4691358024692,1.8024691358024691,26.666666666666668,66,25,0.024691358024691357,4.962962962962963,0.037037037037037035,No
PRV55214,190,45880,241.47368421052633,1.1105263157894736,0.0,173,56,0.05263157894736842,4.410526315789474,0.0,No
PRV55215,3393,2284560,673.315649867374,1.6713822575891542,5.538461538461538,2638,544,0.023283230179781903,4.427350427350428,0.0421455938697318,Yes
PRV55216,80,59370,742.125,0.9375,4.8,52,24,0.1625,4.05,0.0625,No
PRV55218,94,20910,222.4468085106383,1.8404255319148937,0.0,82,34,0.06382978723404255,4.797872340425532,0.0,No
PRV55219,89,17530,196.96629213483146,1.1235955056179776,0.0,85,48,0.056179775280898875,4.235955056179775,0.0,No
PRV55220,102,23280,228.23529411764707,1.3235294117647058,0.0,89,44,0.08823529411764706,4.852941176470588,0.0,No
PRV55224,23,5800,252.17391304347825,0.0,0.0,23,9,0.21739130434782608,3.739130434782609,0.0,No
PRV55225,66,199390,3021.060606060606,1.7424242424242424,6.777777777777778,64,31,0.015151515151515152,4.803030303030303,0.13636363636363635,Yes
PRV55226,242,80690,333.4297520661157,1.2727272727272727,0.0,219,115,0.04132231404958678,4.62396694214876,0.0,No
PRV55227,46,12100,263.04347826086956,1.2391304347826086,0.0,42,20,0.08695652173913043,4.6521739130434785,0.0,No
PRV55229,243,257520,1059.7530864197531,1.617283950617284,6.75,218,107,0.024691358024691357,4.440329218106996,0.06584362139917696,No
PRV55230,565,2612740,4624.3185840707965,3.7150442477876107,6.64,515,161,0.06902654867256637,4.982300884955753,0.39823008849557523,Yes
PRV55231,126,41470,329.12698412698415,1.9841269841269842,0.0,99,39,0.1111111111111111,4.634920634920635,0.0,No
PRV55232,107,310420,2901.121495327103,2.177570093457944,4.142857142857143,95,23,0.16822429906542055,4.252336448598131,0.2616822429906542,No
PRV55233,187,54940,293.7967914438503,1.5828877005347595,3.0,99,33,0.1711229946524064,4.636363636363637,0.0053475935828877,No
PRV55234,184,94600,514.1304347826087,1.815217391304348,8.0,172,57,0.10326086956521739,4.255434782608695,0.03804347826086957,No
PRV55235,160,60920,380.75,1.16875,0.0,118,39,0.1,4.35625,0.0,No
PRV55236,54,237260,4393.7037037037035,4.944444444444445,8.8,35,18,0.1111111111111111,5.314814814814815,0.37037037037037035,No
PRV55237,117,131700,1125.6410256410256,1.7692307692307692,4.066666666666666,108,39,0.03418803418803419,4.52991452991453,0.1282051282051282,No
PRV55238,101,39250,388.61386138613864,2.3366336633663365,0.0,101,43,0.10891089108910891,4.306930693069307,0.0,No
PRV55239,161,49540,307.70186335403724,1.484472049689441,0.0,154,53,0.012422360248447204,4.770186335403727,0.0,No
PRV55240,163,119840,735.2147239263803,1.01840490797546,3.5454545454545454,145,41,0.15950920245398773,4.5030674846625764,0.06748466257668712,No
PRV55242,34,65630,1930.2941176470588,1.7352941176470589,3.8,28,20,0.058823529411764705,5.147058823529412,0.29411764705882354,No
PRV55243,257,66230,257.70428015564204,1.6186770428015564,0.0,231,113,0.11673151750972763,4.4863813229571985,0.0,No
PRV55244,25,7500,300.0,1.72,0.0,25,6,0.08,4.56,0.0,No
PRV55246,227,57290,252.37885462555067,1.669603524229075,0.0,213,88,0.05286343612334802,4.4449339207048455,0.0,No
PRV55247,355,128140,360.9577464788732,1.332394366197183,5.0,175,14,0.14647887323943662,4.650704225352112,0.008450704225352112,No
PRV55248,133,46760,351.57894736842104,1.4586466165413534,0.0,103,26,0.15789473684210525,4.30827067669173,0.0,No
PRV55250,301,343940,1142.6578073089702,1.9800664451827243,7.0,116,21,0.12956810631229235,4.700996677740863,0.07641196013289037,Yes
PRV55252,45,14220,316.0,1.0444444444444445,0.0,39,3,0.2222222222222222,3.422222222222222,0.0,No
PRV55254,15,4960,330.6666666666667,0.06666666666666667,0.0,14,10,0.13333333333333333,4.933333333333334,0.0,No
PRV55255,12,2590,215.83333333333334,0.08333333333333333,0.0,12,8,0.16666666666666666,4.666666666666667,0.0,No
PRV55256,28,34150,1219.642857142857,1.7142857142857142,6.75,27,13,0.0,5.0,0.14285714285714285,No
PRV55257,137,35840,261.6058394160584,0.9416058394160584,0.0,74,10,0.08029197080291971,4.7226277372262775,0.0,No
PRV55258,42,25200,600.0,2.857142857142857,13.0,36,17,0.09523809523809523,4.785714285714286,0.023809523809523808,No
PRV55259,42,13890,330.7142857142857,1.2142857142857142,0.0,41,19,0.14285714285714285,4.5476190476190474,0.0,No
PRV55260,57,22310,391.4035087719298,2.491228070175439,0.0,41,15,0.14035087719298245,5.052631578947368,0.0,No
PRV55261,30,4780,159.33333333333334,1.0,0.0,19,12,0.16666666666666666,4.133333333333334,0.0,No
PRV55262,397,235860,594.1057934508816,1.3375314861460956,4.75,210,18,0.1385390428211587,4.984886649874055,0.04030226700251889,No
PRV55263,319,103750,325.23510971786834,1.6489028213166144,0.0,247,32,0.1536050156739812,4.438871473354232,0.0,No
PRV55264,528,147430,279.2234848484849,1.4526515151515151,0.0,305,33,0.09659090909090909,4.59280303030303,0.0,No
PRV55265,201,43280,215.3233830845771,1.064676616915423,0.0,71,10,0.15422885572139303,3.9651741293532337,0.0,No
PRV55266,25,45740,1829.6,1.44,4.0,22,9,0.16,4.64,0.36,Yes
PRV55267,144,36020,250.13888888888889,1.4583333333333333,0.0,78,12,0.125,4.347222222222222,0.0,No
PRV55268,48,13310,277.2916666666667,1.5,0.0,20,4,0.20833333333333334,4.3125,0.0,No
PRV55269,172,53490,310.98837209302326,1.0872093023255813,4.333333333333333,124,21,0.1511627906976744,4.6395348837209305,0.01744186046511628,No
PRV55270,204,63190,309.7549019607843,1.7401960784313726,7.0,108,8,0.10294117647058823,4.21078431372549,0.004901960784313725,No
PRV55271,15,6020,401.3333333333333,0.4,0.0,12,4,0.13333333333333333,4.8,0.0,No
PRV55272,211,53340,252.7962085308057,1.2748815165876777,0.0,185,11,0.15165876777251186,4.251184834123222,0.0,No
PRV55273,18,4240,235.55555555555554,1.2222222222222223,0.0,12,10,0.0,5.0,0.0,No
PRV55274,70,20800,297.14285714285717,1.8142857142857143,0.0,45,1,0.15714285714285714,4.514285714285714,0.0,No
PRV55275,54,12370,229.07407407407408,1.1296296296296295,0.0,39,2,0.14814814814814814,4.055555555555555,0.0,No
PRV55276,58,10830,186.72413793103448,2.103448275862069,0.0,38,1,0.1206896551724138,4.241379310344827,0.0,No
PRV55277,17,4200,247.05882352941177,1.1764705882352942,0.0,16,2,0.058823529411764705,4.823529411764706,0.0,No
PRV55278,45,7200,160.0,1.3555555555555556,0.0,33,2,0.2222222222222222,3.7777777777777777,0.0,No
PRV55279,81,28610,353.2098765432099,0.9012345679012346,0.0,49,1,0.16049382716049382,4.950617283950617,0.0,No
PRV55281,190,54330,285.94736842105266,0.9631578947368421,0.0,95,1,0.15789473684210525,4.326315789473684,0.0,No
PRV55283,36,12390,344.1666666666667,2.6944444444444446,0.0,31,2,0.19444444444444445,4.472222222222222,0.0,No
PRV55289,14,3710,265.0,5.0,0.0,12,3,0.14285714285714285,4.071428571428571,0.0,No
PRV55293,33,5530,167.57575757575756,1.7272727272727273,0.0,25,2,0.18181818181818182,4.424242424242424,0.0,No
PRV55295,88,20380,231.5909090909091,1.7159090909090908,0.0,71,3,0.2159090909090909,4.318181818181818,0.0,No
PRV55296,57,12750,223.68421052631578,2.1052631578947367,0.0,50,1,0.10526315789473684,4.2105263157894735,0.0,No
PRV55297,98,21280,217.14285714285714,1.0918367346938775,0.0,44,3,0.2857142857142857,4.357142857142857,0.0,No
PRV55298,57,15740,276.140350877193,1.5263157894736843,0.0,32,2,0.17543859649122806,4.614035087719298,0.0,No
PRV55299,18,5930,329.44444444444446,1.0,0.0,17,2,0.2777777777777778,5.166666666666667,0.0,No
PRV55300,32,8320,260.0,1.125,0.0,23,1,0.25,3.84375,0.0,No
PRV55304,204,76330,374.1666666666667,1.4509803921568627,0.0,122,2,0.14705882352941177,4.421568627450981,0.0,No
PRV55306,59,16500,279.66101694915255,1.0,0.0,34,2,0.0847457627118644,4.47457627118644,0.0,No
PRV55307,110,24250,220.45454545454547,1.9181818181818182,0.0,84,4,0.11818181818181818,4.390909090909091,0.0,No
PRV55309,35,11800,337.14285714285717,0.9714285714285714,0.0,24,1,0.14285714285714285,4.171428571428572,0.0,No
PRV55312,91,17280,189.8901098901099,1.6263736263736264,0.0,77,3,0.23076923076923078,4.362637362637362,0.0,No
PRV55313,192,57410,299.0104166666667,1.0,0.0,129,1,0.16666666666666666,4.21875,0.0,No
PRV55314,89,25040,281.34831460674155,1.3370786516853932,0.0,53,4,0.19101123595505617,4.797752808988764,0.0,No
PRV55316,65,15490,238.30769230769232,1.2615384615384615,0.0,45,3,0.13846153846153847,4.076923076923077,0.0,No
PRV55318,63,26300,417.46031746031747,1.1428571428571428,0.0,45,2,0.15873015873015872,4.476190476190476,0.0,No
PRV55319,17,4570,268.8235294117647,0.17647058823529413,0.0,11,1,0.35294117647058826,4.705882352941177,0.0,No
PRV55320,34,6400,188.23529411764707,1.4411764705882353,0.0,27,2,0.058823529411764705,3.764705882352941,0.0,No
PRV55322,28,7270,259.64285714285717,1.0714285714285714,0.0,24,3,0.07142857142857142,4.464285714285714,0.0,No
PRV55323,144,36470,253.26388888888889,0.8472222222222222,0.0,108,5,0.1527777777777778,4.680555555555555,0.0,No
PRV55324,25,7530,301.2,1.76,0.0,24,3,0.12,4.52,0.0,No
PRV55325,41,14980,365.3658536585366,1.8048780487804879,0.0,20,3,0.1951219512195122,4.024390243902439,0.0,No
PRV55326,58,11700,201.72413793103448,0.6896551724137931,0.0,30,2,0.1724137931034483,3.706896551724138,0.0,No
PRV55331,23,4700,204.34782608695653,1.2173913043478262,0.0,19,2,0.043478260869565216,3.869565217391304,0.0,No
PRV55333,51,9500,186.27450980392157,0.5882352941176471,0.0,31,1,0.21568627450980393,4.647058823529412,0.0,No
PRV55335,24,1760,73.33333333333333,1.1666666666666667,0.0,16,1,0.125,4.291666666666667,0.0,No
PRV55337,13,1890,145.3846153846154,1.7692307692307692,0.0,13,2,0.07692307692307693,6.230769230769231,0.0,No
PRV55338,46,8790,191.08695652173913,1.326086956521739,0.0,44,1,0.21739130434782608,4.869565217391305,0.0,No
PRV55339,30,7880,262.6666666666667,0.0,0.0,28,1,0.26666666666666666,3.8,0.0,No
PRV55340,108,32730,303.05555555555554,2.0925925925925926,0.0,83,1,0.21296296296296297,4.5092592592592595,0.0,No
PRV55341,14,1240,88.57142857142857,0.07142857142857142,0.0,14,1,0.14285714285714285,3.7857142857142856,0.0,No
PRV55342,9,2440,271.1111111111111,0.2222222222222222,0.0,8,1,0.3333333333333333,4.444444444444445,0.0,No
PRV55343,90,23940,266.0,1.4111111111111112,0.0,74,6,0.23333333333333334,4.666666666666667,0.0,No
PRV55344,14,8320,594.2857142857143,0.5714285714285714,0.0,8,1,0.21428571428571427,4.857142857142857,0.0,No
PRV55345,15,7310,487.3333333333333,1.4666666666666666,0.0,14,2,0.0,4.6,0.0,No
PRV55350,31,4210,135.80645161290323,0.5806451612903226,0.0,23,2,0.16129032258064516,4.451612903225806,0.0,No
PRV55351,10,1650,165.0,0.2,0.0,8,1,0.3,5.2,0.0,No
PRV55352,39,12850,329.4871794871795,1.1025641025641026,0.0,27,1,0.1282051282051282,4.17948717948718,0.0,No
PRV55353,12,2970,247.5,0.08333333333333333,0.0,12,3,0.0,5.0,0.0,No
PRV55354,178,43990,247.13483146067415,1.4382022471910112,0.0,105,4,0.17415730337078653,4.769662921348314,0.0,No
PRV55356,27,5030,186.2962962962963,1.2222222222222223,0.0,27,2,0.25925925925925924,4.185185185185185,0.0,No
PRV55357,161,37270,231.49068322981367,1.0683229813664596,0.0,106,1,0.16770186335403728,4.354037267080745,0.0,No
PRV55358,37,14710,397.56756756756755,2.1621621621621623,0.0,34,1,0.13513513513513514,5.081081081081081,0.0,No
PRV55359,113,47940,424.24778761061947,1.5309734513274336,0.0,52,3,0.1504424778761062,4.336283185840708,0.0,No
PRV55360,17,4880,287.05882352941177,2.4705882352941178,0.0,17,1,0.11764705882352941,4.352941176470588,0.0,No
PRV55361,85,23420,275.52941176470586,1.776470588235294,0.0,59,5,0.23529411764705882,4.411764705882353,0.0,No
PRV55362,148,36170,244.3918918918919,1.087837837837838,0.0,101,4,0.14864864864864866,4.1891891891891895,0.0,No
PRV55363,62,24070,388.2258064516129,3.1129032258064515,0.0,32,1,0.24193548387096775,4.67741935483871,0.0,No
PRV55366,107,20310,189.81308411214954,0.7476635514018691,0.0,53,1,0.19626168224299065,4.4392523364485985,0.0,No
PRV55368,115,24770,215.3913043478261,0.6173913043478261,0.0,101,56,0.0,4.339130434782609,0.0,No
PRV55372,12,2620,218.33333333333334,0.0,0.0,7,1,0.08333333333333333,3.1666666666666665,0.0,No
PRV55374,33,335000,10151.515151515152,5.212121212121212,5.212121212121212,31,6,0.18181818181818182,6.121212121212121,1.0,Yes
PRV55375,14,147900,10564.285714285714,5.928571428571429,5.928571428571429,14,2,0.5,6.714285714285714,1.0,Yes
PRV55376,88,21470,243.97727272727272,1.0454545454545454,0.0,79,13,0.07954545454545454,4.840909090909091,0.0,No
PRV55378,14,132000,9428.57142857143,5.428571428571429,5.428571428571429,13,4,0.2857142857142857,5.857142857142857,1.0,No
PRV55381,45,173700,3860.0,2.6,3.7,40,4,0.3111111111111111,5.311111111111111,0.4444444444444444,No
PRV55382,8,129000,16125.0,7.625,7.625,8,5,0.25,5.5,1.0,No
PRV55383,8,70000,8750.0,4.125,4.125,8,2,0.25,5.5,1.0,No
PRV55385,8,70000,8750.0,2.875,2.875,7,3,0.25,6.375,1.0,No
PRV55386,82,21010,256.219512195122,1.1341463414634145,0.0,62,2,0.13414634146341464,4.2073170731707314,0.0,No
PRV55388,515,134180,260.54368932038835,1.5456310679611651,0.0,307,15,0.13398058252427184,4.5689320388349515,0.0,No
PRV55390,26,23150,890.3846153846154,3.3076923076923075,0.0,16,5,0.07692307692307693,3.4615384615384617,0.0,No
PRV55392,192,302110,1573.4895833333333,2.5104166666666665,7.086956521739131,115,27,0.09375,4.75,0.11979166666666667,No
PRV55395,12,2970,247.5,0.0,0.0,10,2,0.16666666666666666,3.1666666666666665,0.0,No
PRV55396,75,153830,2051.0666666666666,1.8666666666666667,4.133333333333334,63,47,0.06666666666666667,3.68,0.2,No
PRV55398,13,1430,110.0,0.15384615384615385,0.0,8,2,0.07692307692307693,5.615384615384615,0.0,No
PRV55399,27,35790,1325.5555555555557,1.2592592592592593,4.333333333333333,14,10,0.07407407407407407,4.481481481481482,0.1111111111111111,No
PRV55401,49,11560,235.91836734693877,1.0816326530612246,0.0,23,11,0.08163265306122448,3.510204081632653,0.0,No
PRV55402,44,17720,402.72727272727275,2.7045454545454546,0.0,21,8,0.18181818181818182,3.6363636363636362,0.0,No
PRV55404,25,2420,96.8,0.0,0.0,9,1,0.2,4.04,0.0,No
PRV55405,10,2730,273.0,0.4,0.0,1,1,0.4,7.0,0.0,No
PRV55408,16,5160,322.5,1.4375,0.0,11,2,0.0,3.5,0.0,No
PRV55410,56,15380,274.64285714285717,2.625,0.0,33,8,0.125,3.392857142857143,0.0,No
PRV55411,39,11990,307.43589743589746,1.6666666666666667,0.0,23,2,0.07692307692307693,4.410256410256411,0.0,No
PRV55412,11,1940,176.36363636363637,2.3636363636363638,0.0,4,3,0.18181818181818182,4.545454545454546,0.0,No
PRV55414,12,13670,1139.1666666666667,2.0,2.0,12,4,0.08333333333333333,3.5833333333333335,0.16666666666666666,No
PRV55416,73,20330,278.4931506849315,1.4931506849315068,11.0,40,21,0.0684931506849315,3.863013698630137,0.0273972602739726,No
PRV55417,30,3710,123.66666666666667,2.8666666666666667,0.0,12,1,0.1,4.6,0.0,No
PRV55418,9,20190,2243.3333333333335,2.5555555555555554,7.666666666666667,6,2,0.4444444444444444,5.111111111111111,0.3333333333333333,No
PRV55419,8,4430,553.75,2.5,0.0,6,1,0.0,3.25,0.0,No
PRV55423,25,4710,188.4,1.6,0.0,11,5,0.16,3.92,0.0,No
PRV55424,10,830,83.0,0.0,0.0,6,1,0.1,3.0,0.0,No
PRV55425,26,3880,149.23076923076923,0.2692307692307692,0.0,6,3,0.15384615384615385,3.8076923076923075,0.0,No
PRV55426,77,22110,287.14285714285717,1.0649350649350648,0.0,38,2,0.06493506493506493,4.532467532467533,0.0,No
PRV55432,29,7430,256.2068965517241,0.8275862068965517,0.0,22,21,0.06896551724137931,4.275862068965517,0.0,No
PRV55433,87,342020,3931.264367816092,2.6091954022988504,4.5625,77,48,0.06896551724137931,4.517241379310345,0.367816091954023,Yes
PRV55434,40,69800,1745.0,1.75,5.5,39,28,0.0,4.475,0.2,No
PRV55435,151,1250050,8278.476821192053,5.344370860927152,6.046875,133,16,0.423841059602649,5.6490066225165565,0.847682119205298,Yes
PRV55436,11,2430,220.9090909090909,2.6363636363636362,0.0,11,10,0.09090909090909091,5.818181818181818,0.0,No
PRV55437,106,400250,3775.943396226415,2.7264150943396226,7.607142857142857,102,69,0.05660377358490566,4.726415094339623,0.2641509433962264,Yes
PRV55438,219,70190,320.50228310502285,1.3424657534246576,0.0,73,4,0.1598173515981735,4.894977168949771,0.0,No
PRV55439,224,96290,429.86607142857144,1.4508928571428572,0.0,188,5,0.10267857142857142,4.544642857142857,0.0,No
PRV55441,32,67910,2122.1875,3.59375,4.571428571428571,30,16,0.03125,4.6875,0.21875,No
PRV55442,61,119850,1964.7540983606557,2.8688524590163933,4.4,55,24,0.04918032786885246,4.622950819672131,0.2459016393442623,No
PRV55443,38,341390,8983.947368421053,5.842105263157895,6.8,34,7,0.05263157894736842,5.2631578947368425,0.7894736842105263,No
PRV55444,128,1313260,10259.84375,5.234375,5.7368421052631575,109,15,0.6015625,5.8125,0.890625,Yes
PRV55445,133,56500,424.812030075188,1.263157894736842,0.0,39,20,0.08270676691729323,4.593984962406015,0.0,No
PRV55446,98,23140,236.12244897959184,1.1326530612244898,0.0,87,73,0.04081632653061224,4.959183673469388,0.0,No
PRV55447,66,22990,348.3333333333333,2.0606060606060606,0.0,60,39,0.045454545454545456,4.378787878787879,0.0,No
PRV55448,40,9000,225.0,0.65,0.0,39,32,0.025,4.95,0.0,No
PRV55449,21,6480,308.57142857142856,0.0,0.0,20,20,0.047619047619047616,4.142857142857143,0.0,No
PRV55450,201,57610,286.6169154228856,1.572139303482587,9.0,123,13,0.13930348258706468,4.3283582089552235,0.004975124378109453,No
PRV55451,11,860,78.18181818181819,1.8181818181818181,0.0,11,10,0.09090909090909091,4.363636363636363,0.0,No
PRV55452,60,372430,6207.166666666667,3.7666666666666666,7.258064516129032,49,15,0.08333333333333333,4.733333333333333,0.5166666666666667,No
PRV55453,795,294610,370.57861635220127,1.2628930817610062,4.230769230769231,333,16,0.04654088050314465,4.847798742138365,0.016352201257861635,Yes
PRV55454,368,134960,366.7391304347826,2.0625,10.0,156,6,0.16576086956521738,4.809782608695652,0.01358695652173913,No
PRV55455,373,95350,255.63002680965147,1.3324396782841823,0.0,145,3,0.16085790884718498,4.461126005361931,0.0,No
PRV55458,35,11830,338.0,0.8571428571428571,0.0,34,29,0.02857142857142857,4.485714285714286,0.0,No
PRV55459,344,114890,333.9825581395349,1.755813953488372,0.0,270,19,0.055232558139534885,4.438953488372093,0.0,No
PRV55460,18,3430,190.55555555555554,3.111111111111111,0.0,16,14,0.16666666666666666,4.444444444444445,0.0,No
PRV55462,1907,4713830,2471.85631882538,2.467750393287887,5.948186528497409,969,46,0.061352910330361825,4.670686942842161,0.20241216570529627,Yes
PRV55463,257,73500,285.9922178988327,1.7431906614785992,0.0,220,138,0.10894941634241245,4.766536964980545,0.0,No
PRV55464,29,6540,225.51724137931035,1.5862068965517242,0.0,28,15,0.13793103448275862,4.586206896551724,0.0,No
PRV55465,339,205830,607.1681415929204,2.15929203539823,6.888888888888889,121,36,0.10324483775811209,4.525073746312684,0.02654867256637168,No
PRV55467,1896,569280,300.253164556962,1.3333333333333333,4.5,703,14,0.08702531645569621,4.401371308016878,0.0031645569620253164,Yes
PRV55468,27,10030,371.48148148148147,2.740740740740741,0.0,25,12,0.0,4.7407407407407405,0.0,No
PRV55469,10,2110,211.0,0.0,0.0,10,10,0.2,5.2,0.0,No
PRV55470,470,135060,287.36170212765956,1.5702127659574467,0.0,204,6,0.0,4.812765957446809,0.0,No
PRV55471,13,1670,128.46153846153845,1.4615384615384615,0.0,13,9,0.07692307692307693,4.769230769230769,0.0,No
PRV55472,23,255090,11090.869565217392,7.6521739130434785,8.380952380952381,19,3,0.0,5.217391304347826,0.9130434782608695,Yes
PRV55474,80,17430,217.875,1.4125,0.0,74,53,0.075,4.2375,0.0,No
PRV55475,17,3700,217.64705882352942,0.5882352941176471,0.0,17,16,0.0,4.352941176470588,0.0,No
PRV55477,46,17290,375.8695652173913,1.5217391304347827,0.0,43,26,0.06521739130434782,4.391304347826087,0.0,No
PRV55479,672,162410,241.68154761904762,1.2083333333333333,0.0,317,2,0.16517857142857142,4.244047619047619,0.0,No
PRV55480,42,14640,348.57142857142856,1.880952380952381,0.0,42,32,0.07142857142857142,4.571428571428571,0.0,No
PRV55481,52,20310,390.5769230769231,1.6346153846153846,1.0,27,11,0.057692307692307696,3.4615384615384617,0.019230769230769232,No
PRV55482,83,509250,6135.542168674699,4.530120481927711,7.365853658536586,72,40,0.08433734939759036,4.855421686746988,0.4939759036144578,Yes
PRV55483,76,778040,10237.368421052632,5.0,5.846153846153846,60,13,0.19736842105263158,5.5394736842105265,0.8552631578947368,Yes
PRV55486,15,5170,344.6666666666667,0.0,0.0,15,12,0.13333333333333333,4.466666666666667,0.0,No
PRV55487,78,27000,346.15384615384613,2.1538461538461537,0.0,42,5,0.07692307692307693,4.0,0.0,No
PRV55489,361,111740,309.52908587257616,1.4764542936288088,0.0,217,3,0.19113573407202217,4.299168975069252,0.0,No
PRV55490,50,160900,3218.0,3.06,5.526315789473684,46,40,0.0,4.96,0.38,No
PRV55491,355,115770,326.11267605633805,1.7211267605633802,0.0,180,8,0.11267605633802817,4.79718309859155,0.0,No
PRV55492,42,281980,6713.809523809524,4.595238095238095,6.24,40,31,0.047619047619047616,4.690476190476191,0.5952380952380952,Yes
PRV55493,39,6270,160.76923076923077,1.2564102564102564,0.0,39,18,0.10256410256410256,4.666666666666667,0.0,No
PRV55495,51,282660,5542.35294117647,2.450980392156863,4.958333333333333,51,36,0.058823529411764705,4.9411764705882355,0.47058823529411764,Yes
PRV55496,86,277440,3226.046511627907,3.0232558139534884,4.975609756097561,78,27,0.10465116279069768,4.8023255813953485,0.47674418604651164,Yes
PRV55498,27,2830,104.81481481481481,1.8518518518518519,0.0,26,20,0.07407407407407407,4.148148148148148,0.0,No
PRV55499,33,7900,239.3939393939394,1.9090909090909092,0.0,29,17,0.15151515151515152,4.9393939393939394,0.0,No
PRV55500,38,15060,396.3157894736842,1.236842105263158,0.0,37,23,0.21052631578947367,4.078947368421052,0.0,No
PRV55501,13,12940,995.3846153846154,0.3076923076923077,4.0,13,6,0.0,4.6923076923076925,0.07692307692307693,No
PRV55503,604,188780,312.5496688741722,1.8559602649006623,4.0,299,20,0.039735099337748346,4.586092715231788,0.0016556291390728477,No
PRV55505,480,128250,267.1875,1.1458333333333333,0.0,276,6,0.12708333333333333,4.545833333333333,0.0,No
PRV55506,14,124940,8924.285714285714,6.357142857142857,7.416666666666667,11,5,0.07142857142857142,5.071428571428571,0.8571428571428571,Yes
PRV55507,87,44350,509.7701149425287,1.735632183908046,7.333333333333333,32,13,0.04597701149425287,4.954022988505747,0.034482758620689655,No
PRV55508,16,9310,581.875,2.1875,0.0,14,10,0.125,4.375,0.0,No
PRV55509,39,362510,9295.128205128205,4.897435897435898,5.928571428571429,38,28,0.07692307692307693,5.205128205128205,0.717948717948718,Yes
PRV55510,861,255210,296.411149825784,1.4819976771196284,0.0,791,418,0.011614401858304297,4.495934959349594,0.0,No
PRV55512,128,32330,252.578125,0.9140625,0.0,55,2,0.140625,4.421875,0.0,No
PRV55513,38,12550,330.2631578947368,0.10526315789473684,0.0,36,29,0.07894736842105263,4.684210526315789,0.0,No
PRV55514,295,158330,536.7118644067797,1.8610169491525423,3.0,153,13,0.1864406779661017,4.759322033898305,0.023728813559322035,Yes
PRV55515,459,130860,285.0980392156863,1.6427015250544663,0.0,181,13,0.08061002178649238,4.355119825708061,0.0,No
PRV55516,158,254930,1613.4810126582279,1.8417721518987342,4.954545454545454,108,45,0.1518987341772152,4.556962025316456,0.13924050632911392,No
PRV55518,235,205770,875.6170212765958,1.9319148936170212,6.181818181818182,199,57,0.07659574468085106,4.868085106382979,0.04680851063829787,No
PRV55519,23,94710,4117.826086956522,3.869565217391304,5.571428571428571,20,16,0.13043478260869565,5.173913043478261,0.30434782608695654,Yes
PRV55520,287,95890,334.11149825783974,1.5261324041811846,0.0,118,14,0.13588850174216027,4.571428571428571,0.0,No
PRV55521,615,157650,256.3414634146341,1.3121951219512196,0.0,258,5,0.16585365853658537,4.302439024390244,0.0,No
PRV55522,248,69570,280.5241935483871,1.4516129032258065,0.0,192,10,0.08870967741935484,4.778225806451613,0.0,No
PRV55523,303,83320,274.983498349835,1.2805280528052805,0.0,158,16,0.13861386138613863,4.105610561056106,0.0,No
PRV55525,933,294250,315.3804930332262,1.894962486602358,0.0,280,3,0.17256162915326903,4.469453376205788,0.0,No
PRV55530,71,17730,249.71830985915494,1.8169014084507042,0.0,67,35,0.09859154929577464,4.112676056338028,0.0,No
PRV55531,122,886130,7263.360655737705,5.032786885245901,5.685185185185185,111,11,0.04918032786885246,5.655737704918033,0.8852459016393442,Yes
PRV55534,146,35080,240.27397260273972,1.047945205479452,0.0,72,9,0.11643835616438356,4.335616438356165,0.0,No
PRV55535,42,9690,230.71428571428572,1.4047619047619047,0.0,35,25,0.11904761904761904,3.9285714285714284,0.0,No
PRV55536,222,148350,668.2432432432432,1.2252252252252251,5.454545454545454,106,11,0.06756756756756757,4.59009009009009,0.04954954954954955,No
PRV55537,15,4810,320.6666666666667,2.466666666666667,0.0,13,12,0.0,4.666666666666667,0.0,No
PRV55540,31,221040,7130.322580645161,5.161290322580645,5.434782608695652,27,7,0.3225806451612903,6.0,0.7419354838709677,No
PRV55541,134,30380,226.71641791044777,0.7985074626865671,0.0,65,2,0.06716417910447761,4.507462686567164,0.0,No
PRV55543,141,92600,656.7375886524823,0.7163120567375887,2.25,95,6,0.1773049645390071,4.886524822695035,0.028368794326241134,No
PRV55547,27,139420,5163.7037037037035,2.925925925925926,8.333333333333334,26,20,0.037037037037037035,5.185185185185185,0.3333333333333333,No
PRV55548,562,159660,284.0925266903915,1.0355871886120998,0.0,289,7,0.16370106761565836,4.398576512455516,0.0,No
PRV55549,28,7300,260.7142857142857,0.0,0.0,11,5,0.0,4.892857142857143,0.0,No
PRV55550,58,453200,7813.793103448276,4.551724137931035,6.621621621621622,54,13,0.43103448275862066,5.224137931034483,0.6379310344827587,Yes
PRV55551,91,29760,327.032967032967,1.5384615384615385,0.0,74,40,0.13186813186813187,4.2967032967032965,0.0,No
PRV55552,1206,436740,362.1393034825871,1.7412935323383085,9.5,547,20,0.024875621890547265,4.649253731343284,0.003316749585406302,No
PRV55554,78,16180,207.43589743589743,1.1025641025641026,0.0,66,3,0.14102564102564102,4.628205128205129,0.0,No
PRV55555,50,55450,1109.0,3.6,6.428571428571429,45,25,0.12,4.72,0.14,No
PRV55556,206,54080,262.5242718446602,0.8786407766990292,0.0,181,59,0.13592233009708737,4.70873786407767,0.0,No
PRV55557,68,60450,888.9705882352941,1.5441176470588236,3.5,63,23,0.0,4.529411764705882,0.058823529411764705,No
PRV55558,36,11330,314.72222222222223,2.361111111111111,0.0,33,2,0.08333333333333333,4.666666666666667,0.0,No
PRV55560,21,5170,246.1904761904762,1.0,0.0,19,14,0.14285714285714285,4.380952380952381,0.0,No
PRV55561,24,8360,348.3333333333333,1.0,0.0,23,14,0.16666666666666666,5.041666666666667,0.0,No
PRV55562,17,2950,173.52941176470588,3.0588235294117645,0.0,14,13,0.0,4.117647058823529,0.0,No
PRV55563,18,4690,260.55555555555554,1.2222222222222223,0.0,17,8,0.1111111111111111,4.888888888888889,0.0,No
PRV55565,23,6440,280.0,2.652173913043478,0.0,22,18,0.17391304347826086,5.086956521739131,0.0,No
PRV55566,53,17310,326.60377358490564,0.5471698113207547,0.0,47,4,0.1509433962264151,4.39622641509434,0.0,No
PRV55567,70,213870,3055.285714285714,2.0714285714285716,6.428571428571429,66,26,0.15714285714285714,4.185714285714286,0.3,No
PRV55569,9,1480,164.44444444444446,0.2222222222222222,0.0,7,5,0.0,4.555555555555555,0.0,No
PRV55570,10,4900,490.0,3.6,0.0,9,8,0.0,5.1,0.0,No
PRV55571,61,13560,222.29508196721312,0.9672131147540983,0.0,51,13,0.11475409836065574,4.868852459016393,0.0,No
PRV55573,11,29630,2693.6363636363635,2.5454545454545454,6.75,11,7,0.09090909090909091,5.0,0.36363636363636365,No
PRV55574,15,2340,156.0,2.933333333333333,0.0,12,1,0.26666666666666666,4.6,0.0,No
PRV55576,60,26830,447.1666666666667,0.95,3.6666666666666665,49,10,0.1,4.166666666666667,0.05,No
PRV55579,174,37570,215.91954022988506,2.0,0.0,82,2,0.06896551724137931,4.35632183908046,0.0,No
PRV55580,66,19380,293.6363636363636,1.121212121212121,0.0,26,21,0.13636363636363635,4.106060606060606,0.0,No
PRV55582,24,7870,327.9166666666667,2.625,0.0,22,12,0.20833333333333334,5.833333333333333,0.0,No
PRV55583,12,18820,1568.3333333333333,0.6666666666666666,2.6666666666666665,11,10,0.16666666666666666,4.5,0.25,No
PRV55585,114,32500,285.0877192982456,1.368421052631579,0.0,85,16,0.08771929824561403,4.43859649122807,0.0,No
PRV55589,20,2240,112.0,2.4,0.0,18,15,0.05,4.3,0.0,No
PRV55592,117,22140,189.23076923076923,0.9401709401709402,0.0,52,8,0.1452991452991453,4.0,0.0,No
PRV55593,147,39820,270.8843537414966,1.4081632653061225,0.0,53,12,0.17006802721088435,4.891156462585034,0.0,No
PRV55595,17,2610,153.52941176470588,1.8823529411764706,0.0,16,8,0.23529411764705882,4.0588235294117645,0.0,No
PRV55596,32,12720,397.5,2.0,0.0,24,7,0.1875,5.28125,0.0,No
PRV55598,167,46190,276.58682634730536,1.1676646706586826,0.0,84,1,0.16167664670658682,4.730538922155689,0.0,No
PRV55601,8,1540,192.5,3.625,0.0,8,6,0.25,4.25,0.0,No
PRV55604,17,130000,7647.058823529412,6.352941176470588,6.352941176470588,17,1,0.5294117647058824,4.9411764705882355,1.0,No
PRV55608,18,7400,411.1111111111111,1.8333333333333333,0.0,18,1,0.16666666666666666,4.833333333333333,0.0,No
PRV55609,10,6850,685.0,0.0,0.0,10,1,0.4,6.0,0.0,No
PRV55614,73,29530,404.52054794520546,0.5753424657534246,0.0,68,2,0.1643835616438356,4.1506849315068495,0.0,No
PRV55618,13,1410,108.46153846153847,0.0,0.0,11,1,0.07692307692307693,3.230769230769231,0.0,No
PRV55620,15,1840,122.66666666666667,0.0,0.0,14,1,0.2,4.133333333333334,0.0,No
PRV55621,62,13030,210.16129032258064,0.5967741935483871,0.0,59,2,0.14516129032258066,4.258064516129032,0.0,No
PRV55623,9,2950,327.77777777777777,2.2222222222222223,0.0,8,2,0.2222222222222222,3.888888888888889,0.0,No
PRV55625,21,5910,281.42857142857144,0.047619047619047616,0.0,16,3,0.14285714285714285,4.476190476190476,0.0,No
PRV55626,9,810,90.0,0.0,0.0,9,4,0.2222222222222222,4.444444444444445,0.0,No
PRV55627,38,5980,157.3684210526316,0.7105263157894737,0.0,32,4,0.10526315789473684,4.421052631578948,0.0,No
PRV55633,358,91690,256.1173184357542,1.1396648044692737,0.0,209,4,0.14804469273743018,4.184357541899441,0.0,No
PRV55635,59,13490,228.64406779661016,1.9661016949152543,0.0,58,3,0.1016949152542373,4.186440677966102,0.0,No
PRV55640,64,11900,185.9375,0.390625,0.0,49,3,0.171875,4.0,0.0,No
PRV55644,29,5060,174.48275862068965,0.7586206896551724,0.0,26,3,0.3448275862068966,4.068965517241379,0.0,No
PRV55652,28,6140,219.28571428571428,1.5357142857142858,0.0,27,6,0.03571428571428571,4.357142857142857,0.0,No
PRV55653,25,6400,256.0,0.8,0.0,25,5,0.12,3.64,0.0,No
PRV55654,578,195200,337.71626297577853,1.9186851211072664,0.0,374,6,0.09515570934256055,4.380622837370242,0.0,No
PRV55656,30,10170,339.0,2.2333333333333334,0.0,26,2,0.13333333333333333,4.7,0.0,No
PRV55658,15,196400,13093.333333333334,9.266666666666667,9.266666666666667,14,6,0.0,5.533333333333333,1.0,No
PRV55659,20,227000,11350.0,5.8,5.8,18,2,0.0,6.05,1.0,Yes
PRV55661,14,202000,14428.57142857143,4.285714285714286,4.285714285714286,11,2,0.42857142857142855,5.214285714285714,1.0,No
PRV55662,28,233000,8321.42857142857,6.714285714285714,6.714285714285714,27,1,0.5714285714285714,5.25,1.0,No
PRV55664,20,205000,10250.0,5.75,5.75,17,2,0.6,5.8,1.0,No
PRV55666,19,125000,6578.9473684210525,6.631578947368421,6.631578947368421,19,3,0.0,5.684210526315789,1.0,No
PRV55667,38,382180,10057.368421052632,6.473684210526316,6.473684210526316,33,4,0.3157894736842105,5.815789473684211,1.0,Yes
PRV55670,9,98000,10888.888888888889,5.666666666666667,5.666666666666667,8,3,0.4444444444444444,6.111111111111111,1.0,Yes
PRV55673,60,110000,1833.3333333333333,2.3333333333333335,4.777777777777778,56,31,0.03333333333333333,4.433333333333334,0.15,Yes
PRV55674,9,4990,554.4444444444445,4.444444444444445,0.0,8,8,0.3333333333333333,5.444444444444445,0.0,No
PRV55675,83,98840,1190.8433734939758,1.3975903614457832,3.5,53,18,0.0963855421686747,4.457831325301205,0.024096385542168676,No
PRV55676,167,1040300,6229.34131736527,3.311377245508982,4.443478260869565,150,64,0.07784431137724551,5.1437125748503,0.688622754491018,Yes
PRV55677,84,17200,204.76190476190476,0.9047619047619048,0.0,79,31,0.07142857142857142,3.9642857142857144,0.0,No
PRV55678,16,129290,8080.625,3.5,4.0,16,12,0.0625,4.875,0.5625,No
PRV55679,229,147280,643.1441048034934,1.4890829694323144,4.0,89,13,0.10480349344978165,4.275109170305677,0.039301310043668124,No
PRV55680,206,68060,330.3883495145631,1.4854368932038835,2.8,72,32,0.03398058252427184,4.441747572815534,0.024271844660194174,No
PRV55682,23,62740,2727.8260869565215,2.260869565217391,8.0,19,11,0.13043478260869565,5.217391304347826,0.2608695652173913,No
PRV55683,28,4100,146.42857142857142,1.2142857142857142,0.0,10,6,0.0,5.035714285714286,0.0,No
PRV55687,81,61240,756.0493827160494,1.5308641975308641,3.2,48,25,0.24691358024691357,5.111111111111111,0.06172839506172839,No
PRV55688,47,23600,502.1276595744681,1.8297872340425532,8.0,29,18,0.14893617021276595,4.25531914893617,0.02127659574468085,No
PRV55689,577,1226770,2126.117850953206,2.169844020797227,5.836538461538462,361,42,0.09358752166377816,4.675909878682842,0.18024263431542462,Yes
PRV55690,91,168510,1851.7582417582419,1.7142857142857142,5.266666666666667,75,46,0.054945054945054944,4.417582417582418,0.16483516483516483,No
PRV55691,40,22060,551.5,1.525,7.0,15,14,0.075,4.275,0.075,No
PRV55692,152,48480,318.94736842105266,1.0263157894736843,6.0,79,12,0.07894736842105263,3.9407894736842106,0.019736842105263157,No
PRV55695,73,15150,207.53424657534248,2.315068493150685,0.0,51,6,0.0958904109589041,4.589041095890411,0.0,No
PRV55697,26,7430,285.7692307692308,0.38461538461538464,0.0,24,17,0.07692307692307693,3.3846153846153846,0.0,No
PRV55699,30,22960,765.3333333333334,1.9666666666666666,3.0,7,8,0.23333333333333334,4.8,0.03333333333333333,No
PRV55700,30,83030,2767.6666666666665,1.3333333333333333,6.0,26,16,0.1,4.533333333333333,0.1,No
PRV55701,186,50800,273.1182795698925,1.118279569892473,0.0,70,4,0.08064516129032258,4.155913978494624,0.0,No
PRV55702,14,3640,260.0,0.9285714285714286,0.0,14,8,0.14285714285714285,4.785714285714286,0.0,No
PRV55703,58,34700,598.2758620689655,2.310344827586207,4.666666666666667,45,14,0.06896551724137931,3.706896551724138,0.05172413793103448,No
PRV55704,38,28110,739.7368421052631,1.631578947368421,3.5,32,20,0.05263157894736842,5.0,0.10526315789473684,No
PRV55705,253,63920,252.64822134387353,0.7549407114624506,0.0,115,1,0.16996047430830039,4.339920948616601,0.0,No
PRV55707,33,55020,1667.2727272727273,1.6666666666666667,3.142857142857143,24,15,0.06060606060606061,4.818181818181818,0.21212121212121213,No
PRV55709,43,160590,3734.6511627906975,3.1627906976744184,5.75,42,26,0.06976744186046512,4.3023255813953485,0.37209302325581395,No
PRV55710,40,48680,1217.0,3.575,8.333333333333334,37,22,0.05,4.525,0.15,No
PRV55712,26,9880,380.0,1.0769230769230769,0.0,25,10,0.15384615384615385,4.423076923076923,0.0,No
PRV55714,22,29640,1347.2727272727273,2.909090909090909,5.333333333333333,17,7,0.2727272727272727,5.318181818181818,0.13636363636363635,No
PRV55715,864,730210,845.1504629629629,1.9039351851851851,6.0,421,19,0.125,4.568287037037037,0.06597222222222222,Yes
PRV55716,25,6620,264.8,1.64,0.0,23,16,0.12,4.08,0.0,No
PRV55717,73,25360,347.3972602739726,1.7671232876712328,0.0,27,5,0.2054794520547945,4.2465753424657535,0.0,No
PRV55719,23,6600,286.95652173913044,0.9130434782608695,0.0,11,5,0.0,3.5652173913043477,0.0,No
PRV55720,11,27330,2484.5454545454545,1.0,2.75,10,5,0.09090909090909091,4.2727272727272725,0.36363636363636365,No
PRV55723,47,14500,308.51063829787233,3.021276595744681,0.0,25,6,0.1276595744680851,3.765957446808511,0.0,No
PRV55724,31,12550,404.83870967741933,1.5483870967741935,0.0,31,7,0.06451612903225806,4.193548387096774,0.0,No
PRV55726,36,9690,269.1666666666667,0.7777777777777778,0.0,16,5,0.2222222222222222,3.5833333333333335,0.0,No
PRV55727,68,16630,244.55882352941177,0.7058823529411765,0.0,35,3,0.20588235294117646,4.323529411764706,0.0,No
PRV55729,114,20910,183.42105263157896,1.8771929824561404,0.0,39,7,0.07894736842105263,3.956140350877193,0.0,No
PRV55731,135,32410,240.07407407407408,1.4592592592592593,0.0,52,15,0.037037037037037035,4.518518518518518,0.0,No
PRV55732,111,178660,1609.5495495495495,2.2162162162162162,5.75,65,8,0.1981981981981982,5.243243243243243,0.10810810810810811,No
PRV55733,46,14670,318.9130434782609,2.0434782608695654,0.0,43,4,0.15217391304347827,4.826086956521739,0.0,No
PRV55734,310,71190,229.6451612903226,0.8903225806451613,0.0,132,14,0.09032258064516129,4.65483870967742,0.0,No
PRV55735,93,32230,346.55913978494624,1.096774193548387,0.0,83,8,0.15053763440860216,4.279569892473118,0.0,No
PRV55736,230,107940,469.30434782608694,1.4173913043478261,9.25,114,20,0.1,4.1347826086956525,0.017391304347826087,No
PRV55737,257,261570,1017.7821011673152,1.622568093385214,5.578947368421052,175,35,0.06614785992217899,4.249027237354086,0.07392996108949416,No
PRV55739,86,234640,2728.3720930232557,2.3255813953488373,4.578947368421052,75,18,0.22093023255813954,4.825581395348837,0.22093023255813954,No
PRV55740,21,4510,214.76190476190476,0.9523809523809523,0.0,18,12,0.14285714285714285,4.428571428571429,0.0,No
PRV55742,75,70050,934.0,1.7733333333333334,4.0,36,12,0.06666666666666667,4.1066666666666665,0.08,No
PRV55743,69,64530,935.2173913043479,1.1884057971014492,4.6,61,5,0.13043478260869565,4.217391304347826,0.07246376811594203,No
PRV55745,81,14410,177.90123456790124,0.037037037037037035,0.0,74,6,0.16049382716049382,4.530864197530864,0.0,No
PRV55748,10,3470,347.0,2.8,0.0,10,6,0.1,5.1,0.0,No
PRV55752,563,156720,278.3658969804618,1.5879218472468917,0.0,347,44,0.1349911190053286,4.301953818827709,0.0,No
PRV55753,40,93000,2325.0,0.975,3.5,36,14,0.3,4.6,0.2,No
PRV55754,22,5210,236.8181818181818,1.8181818181818181,0.0,21,13,0.13636363636363635,4.2272727272727275,0.0,No
PRV55755,86,155920,1813.0232558139535,1.744186046511628,7.363636363636363,74,31,0.22093023255813954,4.627906976744186,0.12790697674418605,No
PRV55762,9,1140,126.66666666666667,1.2222222222222223,0.0,9,2,0.1111111111111111,4.0,0.0,No
PRV55763,10,1480,148.0,0.5,0.0,8,4,0.1,3.1,0.0,No
PRV55764,29,9830,338.9655172413793,1.5862068965517242,6.0,28,10,0.13793103448275862,4.620689655172414,0.034482758620689655,No
PRV55765,20,20790,1039.5,1.85,2.0,8,1,0.15,5.15,0.1,No
PRV55768,64,24570,383.90625,1.703125,0.0,34,1,0.171875,3.125,0.0,No
PRV55769,15,18000,1200.0,4.8,5.5,8,2,0.2,4.133333333333334,0.13333333333333333,No
PRV55770,19,1870,98.42105263157895,0.0,0.0,14,1,0.10526315789473684,3.789473684210526,0.0,No
PRV55771,73,18120,248.21917808219177,0.9315068493150684,0.0,29,5,0.1095890410958904,3.808219178082192,0.0,No
PRV55774,14,49930,3566.4285714285716,4.142857142857143,4.5,12,11,0.0,5.428571428571429,0.2857142857142857,No
PRV55775,14,11610,829.2857142857143,2.0,11.0,14,7,0.07142857142857142,4.0,0.07142857142857142,No
PRV55777,17,4620,271.7647058823529,0.8823529411764706,0.0,11,8,0.058823529411764705,2.9411764705882355,0.0,No
PRV55780,52,109220,2100.3846153846152,2.4038461538461537,6.666666666666667,34,10,0.057692307692307696,4.6923076923076925,0.11538461538461539,No
PRV55785,9,4570,507.77777777777777,0.1111111111111111,0.0,8,5,0.0,4.0,0.0,No
PRV55786,11,2120,192.72727272727272,1.8181818181818181,0.0,10,6,0.2727272727272727,4.545454545454546,0.0,No
PRV55788,19,2770,145.78947368421052,0.0,0.0,16,4,0.21052631578947367,4.2631578947368425,0.0,No
PRV55789,23,6860,298.2608695652174,0.0,0.0,17,1,0.2608695652173913,4.826086956521739,0.0,No
PRV55791,10,129000,12900.0,5.6,5.6,10,3,0.6,5.1,1.0,No
PRV55794,11,2560,232.72727272727272,0.0,0.0,11,3,0.18181818181818182,5.2727272727272725,0.0,No
PRV55795,10,4050,405.0,2.0,0.0,9,4,0.1,4.7,0.0,No
PRV55804,9,2570,285.55555555555554,0.0,0.0,9,3,0.1111111111111111,2.6666666666666665,0.0,No
PRV55805,8,3850,481.25,2.375,0.0,7,1,0.5,5.0,0.0,No
PRV55806,16,5090,318.125,1.375,0.0,16,2,0.25,3.75,0.0,No
PRV55807,17,6080,357.6470588235294,0.0,0.0,16,2,0.17647058823529413,4.705882352941177,0.0,No
PRV55808,22,4690,213.1818181818182,1.6818181818181819,0.0,10,4,0.13636363636363635,3.9545454545454546,0.0,No
PRV55809,10,62000,6200.0,5.9,5.9,9,3,0.1,6.8,1.0,No
PRV55812,17,161000,9470.588235294117,6.882352941176471,6.882352941176471,16,2,0.4117647058823529,5.588235294117647,1.0,Yes
PRV55817,25,222000,8880.0,4.8,4.8,23,4,0.12,6.68,1.0,No
PRV55818,10,5620,562.0,0.4,2.0,10,6,0.0,5.0,0.2,No
PRV55819,198,48390,244.3939393939394,1.02020202020202,0.0,89,23,0.10606060606060606,3.9444444444444446,0.0,No
PRV55820,477,120350,252.30607966457023,1.2410901467505242,0.0,332,13,0.09643605870020965,4.40461215932914,0.0,No
PRV55821,195,207970,1066.5128205128206,1.6512820512820512,6.230769230769231,135,5,0.20512820512820512,4.148717948717949,0.06666666666666667,Yes
PRV55822,384,112770,293.671875,1.765625,0.0,196,25,0.12239583333333333,4.171875,0.0,No
PRV55826,26,106390,4091.923076923077,2.1538461538461537,7.0,25,14,0.0,5.346153846153846,0.15384615384615385,No
PRV55828,24,26970,1123.75,2.375,7.0,24,21,0.0,4.291666666666667,0.2916666666666667,No
PRV55830,10,103120,10312.0,3.9,4.875,8,9,0.3,4.8,0.8,No
PRV55831,810,235090,290.2345679012346,1.625925925925926,0.0,471,6,0.08888888888888889,4.529629629629629,0.0,No
PRV55832,284,481100,1694.0140845070423,2.5211267605633805,7.4222222222222225,259,118,0.03169014084507042,4.545774647887324,0.15845070422535212,No
PRV55833,144,94850,658.6805555555555,2.1319444444444446,2.5,84,7,0.16666666666666666,4.5625,0.027777777777777776,No
PRV55834,453,197250,435.43046357615896,1.7682119205298013,5.777777777777778,207,29,0.011037527593818985,4.545253863134658,0.019867549668874173,No
PRV55835,269,139590,518.9219330855019,1.7174721189591078,7.428571428571429,139,22,0.01486988847583643,3.9814126394052045,0.026022304832713755,Yes
PRV55836,82,122790,1497.439024390244,1.7073170731707317,5.533333333333333,72,39,0.04878048780487805,4.463414634146342,0.18292682926829268,No
PRV55837,45,155370,3452.6666666666665,2.311111111111111,6.875,44,23,0.0,3.9555555555555557,0.17777777777777778,No
PRV55839,186,76630,411.98924731182797,1.4516129032258065,3.0,115,7,0.021505376344086023,4.446236559139785,0.016129032258064516,No
PRV55842,122,49540,406.0655737704918,1.1967213114754098,0.0,43,21,0.05737704918032787,3.8360655737704916,0.0,Yes
PRV55843,213,46740,219.43661971830986,1.2629107981220657,0.0,106,22,0.07042253521126761,4.0,0.0,No
PRV55846,127,511670,4028.8976377952754,2.8976377952755907,5.586956521739131,125,86,0.09448818897637795,5.21259842519685,0.36220472440944884,No
PRV55847,185,40460,218.7027027027027,1.4054054054054055,0.0,105,5,0.14054054054054055,4.075675675675676,0.0,No
PRV55848,39,34010,872.0512820512821,1.8717948717948718,10.0,32,22,0.02564102564102564,4.641025641025641,0.07692307692307693,No
PRV55849,176,1283730,7293.920454545455,3.75,4.8828125,167,62,0.03409090909090909,5.0227272727272725,0.7272727272727273,Yes
PRV55850,236,416040,1762.8813559322034,1.5338983050847457,4.277777777777778,153,27,0.0847457627118644,4.101694915254237,0.07627118644067797,No
PRV55851,45,43640,969.7777777777778,0.6444444444444445,4.166666666666667,35,15,0.13333333333333333,4.622222222222222,0.13333333333333333,No
PRV55852,60,31730,528.8333333333334,2.5833333333333335,5.666666666666667,32,11,0.1,5.366666666666666,0.05,Yes
PRV55855,114,23150,203.0701754385965,1.3859649122807018,0.0,77,3,0.10526315789473684,4.271929824561403,0.0,No
PRV55856,54,12120,224.44444444444446,0.6111111111111112,0.0,40,6,0.05555555555555555,4.703703703703703,0.0,No
PRV55858,8,710,88.75,0.125,0.0,5,6,0.25,1.25,0.0,No
PRV55859,15,4880,325.3333333333333,1.3333333333333333,0.0,6,5,0.26666666666666666,5.666666666666667,0.0,No
PRV55862,8,3230,403.75,0.0,0.0,8,5,0.0,4.25,0.0,No
PRV55864,89,85400,959.5505617977528,1.0112359550561798,12.25,42,4,0.15730337078651685,4.213483146067416,0.0449438202247191,No
PRV55865,325,91750,282.3076923076923,1.1415384615384616,0.0,163,12,0.1076923076923077,4.003076923076923,0.0,No
PRV55866,115,31370,272.7826086956522,1.191304347826087,0.0,75,11,0.0782608695652174,4.565217391304348,0.0,No
PRV55867,88,39460,448.40909090909093,2.147727272727273,0.0,43,15,0.18181818181818182,4.284090909090909,0.0,No
PRV55868,85,16470,193.76470588235293,1.2117647058823529,0.0,39,5,0.18823529411764706,4.529411764705882,0.0,No
PRV55869,346,152590,441.0115606936416,1.638728323699422,3.375,175,29,0.10404624277456648,4.031791907514451,0.023121387283236993,No
PRV55870,56,22030,393.39285714285717,0.7678571428571429,0.0,38,15,0.17857142857142858,3.6964285714285716,0.0,No
PRV55871,12,4480,373.3333333333333,3.3333333333333335,0.0,5,2,0.16666666666666666,5.666666666666667,0.0,No
PRV55872,139,34120,245.46762589928056,1.3741007194244603,0.0,42,17,0.1366906474820144,4.956834532374101,0.0,No
PRV55873,57,51670,906.4912280701755,1.3157894736842106,3.8333333333333335,37,20,0.03508771929824561,4.754385964912281,0.10526315789473684,No
PRV55874,10,1380,138.0,0.0,0.0,10,7,0.1,5.3,0.0,No
PRV55875,26,4450,171.15384615384616,1.8076923076923077,0.0,25,2,0.2692307692307692,4.576923076923077,0.0,No
PRV55876,19,4380,230.52631578947367,0.15789473684210525,0.0,18,3,0.10526315789473684,4.421052631578948,0.0,No
PRV55880,15,7180,478.6666666666667,3.3333333333333335,0.0,13,3,0.3333333333333333,5.0,0.0,No
PRV55882,23,6440,280.0,0.8695652173913043,0.0,22,2,0.2608695652173913,4.565217391304348,0.0,No
PRV55883,8,5480,685.0,0.0,0.0,8,1,0.125,4.25,0.0,No
PRV55884,27,2880,106.66666666666667,0.1111111111111111,0.0,16,4,0.07407407407407407,3.5185185185185186,0.0,No
PRV55885,8,1610,201.25,0.0,0.0,8,1,0.125,3.75,0.0,No
PRV55891,51,312730,6131.9607843137255,3.392156862745098,5.884615384615385,45,33,0.09803921568627451,4.529411764705882,0.5098039215686274,No
PRV55892,449,118910,264.8329621380846,1.5634743875278396,0.0,235,9,0.11804008908685969,4.240534521158129,0.0,No
PRV55893,615,373630,607.5284552845528,1.5967479674796747,5.076923076923077,297,34,0.01788617886178862,4.59349593495935,0.04227642276422764,Yes
PRV55896,105,204310,1945.8095238095239,3.019047619047619,7.095238095238095,97,48,0.06666666666666667,5.085714285714285,0.2,Yes
PRV55897,482,249890,518.4439834024896,1.6244813278008299,9.0,180,17,0.07883817427385892,4.182572614107884,0.01867219917012448,Yes
PRV55898,27,6220,230.37037037037038,0.7407407407407407,0.0,26,14,0.1111111111111111,4.814814814814815,0.0,No
PRV55900,19,113810,5990.0,1.4210526315789473,3.375,19,15,0.05263157894736842,4.421052631578948,0.42105263157894735,No
PRV55901,101,25300,250.4950495049505,1.0396039603960396,0.0,50,21,0.13861386138613863,5.366336633663367,0.0,No
PRV55902,69,13230,191.7391304347826,1.8695652173913044,0.0,57,38,0.18840579710144928,4.898550724637682,0.0,No
PRV55903,50,197820,3956.4,2.56,4.956521739130435,44,44,0.06,5.76,0.46,No
PRV55904,28,6190,221.07142857142858,1.1071428571428572,0.0,27,16,0.14285714285714285,4.214285714285714,0.0,No
PRV55905,95,789760,8313.263157894737,4.947368421052632,5.475609756097561,84,12,0.5578947368421052,5.368421052631579,0.8631578947368421,Yes
PRV55906,21,4130,196.66666666666666,1.3333333333333333,0.0,20,14,0.09523809523809523,4.238095238095238,0.0,No
PRV55907,243,598180,2461.6460905349795,2.7160493827160495,5.766666666666667,204,81,0.024691358024691357,5.111111111111111,0.24691358024691357,No
PRV55908,55,294790,5359.818181818182,3.2545454545454544,5.7727272727272725,48,30,0.12727272727272726,4.781818181818182,0.4,No
PRV55909,107,23750,221.9626168224299,1.355140186915888,0.0,91,39,0.056074766355140186,4.149532710280374,0.0,No
PRV55910,372,98770,265.51075268817203,1.3118279569892473,0.0,149,1,0.19086021505376344,4.564516129032258,0.0,No
PRV55911,239,465440,1947.44769874477,2.903765690376569,6.6521739130434785,136,15,0.1589958158995816,4.552301255230126,0.19246861924686193,Yes
PRV55912,107,750080,7010.093457943925,4.383177570093458,6.466666666666667,100,68,0.07476635514018691,5.205607476635514,0.5607476635514018,Yes
PRV55913,1267,373270,294.6093133385951,1.4388318863456986,0.0,587,12,0.09944751381215469,4.734017363851618,0.0,Yes
PRV55914,63,170660,2708.8888888888887,2.9523809523809526,6.0,62,40,0.07936507936507936,4.650793650793651,0.3333333333333333,Yes
PRV55915,32,8870,277.1875,0.65625,0.0,27,13,0.125,5.0625,0.0,No
PRV55916,127,1311040,10323.149606299212,5.866141732283465,6.539130434782609,106,15,0.007874015748031496,5.7952755905511815,0.905511811023622,No
PRV55917,50,14150,283.0,1.74,0.0,50,43,0.06,4.28,0.0,No
PRV55918,10,17760,1776.0,1.0,4.5,10,8,0.1,4.7,0.2,No
PRV55919,21,6050,288.0952380952381,0.3333333333333333,0.0,19,9,0.0,4.380952380952381,0.0,No
PRV55920,110,25550,232.27272727272728,1.4727272727272727,0.0,102,64,0.08181818181818182,4.790909090909091,0.0,No
PRV55921,59,21140,358.3050847457627,1.4067796610169492,0.0,56,40,0.1016949152542373,4.440677966101695,0.0,No
PRV55925,21,50810,2419.5238095238096,2.619047619047619,7.0,20,15,0.23809523809523808,5.095238095238095,0.19047619047619047,No
PRV55926,26,6930,266.53846153846155,2.076923076923077,0.0,26,12,0.038461538461538464,4.115384615384615,0.0,No
PRV55927,212,72180,340.47169811320754,1.4858490566037736,0.0,167,38,0.07075471698113207,4.882075471698113,0.0,No
PRV55928,12,6410,534.1666666666666,1.5833333333333333,0.0,11,5,0.16666666666666666,3.4166666666666665,0.0,No
PRV55929,287,68790,239.68641114982577,1.529616724738676,0.0,215,13,0.08362369337979095,4.54006968641115,0.0,No
PRV55930,45,84580,1879.5555555555557,2.422222222222222,6.285714285714286,34,16,0.06666666666666667,3.911111111111111,0.15555555555555556,No
PRV55931,295,85700,290.50847457627117,1.271186440677966,0.0,108,19,0.07796610169491526,3.989830508474576,0.0,No
PRV55933,498,496430,996.847389558233,1.7690763052208835,5.266666666666667,356,32,0.03815261044176707,4.399598393574297,0.09036144578313253,No
PRV55934,653,254220,389.31087289433384,1.9494640122511486,6.833333333333333,218,33,0.09647779479326186,4.488514548238897,0.009188361408882083,Yes
PRV55935,550,125030,227.3272727272727,1.08,0.0,393,117,0.12,4.336363636363636,0.0,No
PRV55936,24,5750,239.58333333333334,0.875,0.0,24,16,0.041666666666666664,4.333333333333333,0.0,No
PRV55937,382,165910,434.3193717277487,1.1884816753926701,4.142857142857143,201,26,0.09424083769633508,4.777486910994765,0.01832460732984293,No
PRV55938,9,1400,155.55555555555554,4.333333333333333,0.0,9,7,0.2222222222222222,4.888888888888889,0.0,No
PRV55939,51,301760,5916.862745098039,3.3529411764705883,5.928571428571429,40,32,0.09803921568627451,5.1568627450980395,0.5490196078431373,No
PRV55940,32,7690,240.3125,0.0,0.0,29,21,0.09375,4.0625,0.0,No
PRV55941,57,14730,258.42105263157896,0.9473684210526315,0.0,56,45,0.10526315789473684,3.719298245614035,0.0,No
PRV55942,82,23270,283.780487804878,1.2073170731707317,4.5,78,12,0.024390243902439025,4.548780487804878,0.024390243902439025,No
PRV55943,721,484070,671.3869625520111,1.5714285714285714,4.970588235294118,519,29,0.1317614424410541,4.260748959778086,0.047156726768377254,No
PRV55944,26,97870,3764.230769230769,2.6153846153846154,4.363636363636363,25,13,0.0,4.923076923076923,0.4230769230769231,No
PRV55945,20,5050,252.5,1.7,0.0,19,10,0.2,4.45,0.0,No
PRV55946,50,22600,452.0,1.52,0.0,50,35,0.08,4.48,0.0,No
PRV55948,28,75960,2712.8571428571427,2.107142857142857,6.0,28,21,0.10714285714285714,4.035714285714286,0.14285714285714285,No
PRV55950,11,7470,679.0909090909091,1.8181818181818181,0.0,11,9,0.0,3.5454545454545454,0.0,No
PRV55951,448,421000,939.7321428571429,2.1339285714285716,5.684210526315789,355,77,0.11607142857142858,4.339285714285714,0.08482142857142858,Yes
PRV55953,13,5630,433.0769230769231,3.769230769230769,0.0,13,5,0.07692307692307693,5.230769230769231,0.0,No
PRV55955,246,63250,257.1138211382114,1.3414634146341464,0.0,235,158,0.1016260162601626,4.434959349593496,0.0,No
PRV55956,22,64190,2917.7272727272725,2.227272727272727,6.125,18,11,0.09090909090909091,5.090909090909091,0.36363636363636365,No
PRV55957,107,243440,2275.1401869158876,1.7476635514018692,4.909090909090909,100,78,0.07476635514018691,4.635514018691588,0.205607476635514,Yes
PRV55958,30,8020,267.3333333333333,2.2666666666666666,0.0,28,15,0.13333333333333333,4.766666666666667,0.0,No
PRV55959,324,74710,230.58641975308643,1.0,0.0,160,6,0.08333333333333333,4.5246913580246915,0.0,Yes
PRV55963,47,8530,181.48936170212767,0.7021276595744681,0.0,43,41,0.19148936170212766,4.0,0.0,No
PRV55964,37,8180,221.0810810810811,0.7297297297297297,0.0,33,24,0.02702702702702703,4.081081081081081,0.0,No
PRV55965,33,9180,278.1818181818182,2.484848484848485,0.0,30,12,0.09090909090909091,4.242424242424242,0.0,No
PRV55966,21,7620,362.85714285714283,1.9047619047619047,0.0,21,10,0.09523809523809523,3.857142857142857,0.0,No
PRV55968,148,53460,361.2162162162162,1.7432432432432432,0.0,75,16,0.13513513513513514,4.128378378378378,0.0,No
PRV55969,688,204140,296.7151162790698,1.498546511627907,0.0,527,1,0.17587209302325582,4.571220930232558,0.0,No
PRV55970,40,221400,5535.0,2.1,4.375,38,25,0.05,4.675,0.4,No
PRV55971,620,1212000,1954.8387096774193,2.164516129032258,5.99009900990099,317,13,0.1435483870967742,4.764516129032258,0.1629032258064516,Yes
PRV55972,110,152520,1386.5454545454545,1.7454545454545454,4.052631578947368,107,85,0.03636363636363636,4.754545454545455,0.17272727272727273,No
PRV55974,175,69110,394.9142857142857,1.9085714285714286,0.0,51,1,0.06857142857142857,4.8742857142857146,0.0,No
PRV55977,1302,371100,285.0230414746544,1.424731182795699,0.0,762,15,0.14208909370199693,4.359447004608295,0.0,Yes
PRV55978,401,957490,2387.755610972569,2.478802992518703,6.065217391304348,342,166,0.06733167082294264,4.7730673316708225,0.22942643391521197,No
PRV55980,17,8700,511.7647058823529,2.5294117647058822,0.0,17,14,0.058823529411764705,3.6470588235294117,0.0,No
PRV55981,54,110140,2039.6296296296296,1.7777777777777777,3.533333333333333,54,29,0.14814814814814814,4.87037037037037,0.2777777777777778,No
PRV55983,22,119670,5439.545454545455,3.590909090909091,4.875,21,18,0.045454545454545456,5.0,0.36363636363636365,No
PRV55984,392,126120,321.734693877551,1.288265306122449,0.0,282,40,0.1096938775510204,4.678571428571429,0.0,No
PRV55985,58,19270,332.2413793103448,3.189655172413793,0.0,52,40,0.05172413793103448,4.362068965517241,0.0,No
PRV55986,232,65390,281.8534482758621,1.3405172413793103,0.0,212,167,0.09482758620689655,4.275862068965517,0.0,No
PRV55990,231,251100,1087.012987012987,1.8095238095238095,6.2727272727272725,131,10,0.2077922077922078,4.766233766233766,0.09523809523809523,No
PRV55991,32,6570,205.3125,1.875,0.0,31,21,0.0,5.03125,0.0,No
PRV55993,32,5360,167.5,0.0,0.0,28,15,0.15625,4.625,0.0,No
PRV55995,46,19840,431.30434782608694,0.9782608695652174,0.0,42,31,0.043478260869565216,4.260869565217392,0.0,No
PRV55996,98,264130,2695.204081632653,2.204081632653061,4.379310344827586,90,20,0.23469387755102042,4.448979591836735,0.29591836734693877,Yes
PRV55997,326,79640,244.29447852760737,1.656441717791411,0.0,243,1,0.1901840490797546,4.4447852760736195,0.0,No
PRV55999,306,74190,242.45098039215685,0.9934640522875817,0.0,120,10,0.17320261437908496,4.473856209150327,0.0,No
PRV56001,70,528570,7551.0,5.614285714285714,6.543859649122807,67,31,0.05714285714285714,5.085714285714285,0.8142857142857143,No
PRV56002,32,177810,5556.5625,2.71875,5.7272727272727275,31,21,0.0625,4.8125,0.34375,No
PRV56003,12,77180,6431.666666666667,4.75,7.125,12,8,0.08333333333333333,4.416666666666667,0.6666666666666666,No
PRV56005,74,31660,427.8378378378378,1.2837837837837838,2.0,55,13,0.14864864864864866,4.486486486486487,0.02702702702702703,No
PRV56006,1090,289380,265.48623853211006,1.3642201834862386,0.0,531,12,0.0779816513761468,4.309174311926606,0.0,No
PRV56007,81,836930,10332.469135802468,4.950617283950617,5.811594202898551,67,22,0.037037037037037035,5.135802469135802,0.8518518518518519,Yes
PRV56008,1370,476600,347.88321167883214,1.5167883211678832,0.0,686,4,0.16204379562043797,4.413138686131387,0.0,Yes
PRV56010,83,21600,260.2409638554217,1.0,0.0,82,44,0.13253012048192772,3.855421686746988,0.0,No
PRV56011,2833,741640,261.7860924814684,1.3053300388280975,0.0,1164,36,0.016237204376985528,4.332156724320508,0.0,Yes
PRV56012,44,325870,7406.136363636364,4.840909090909091,6.862068965517241,41,23,0.09090909090909091,5.636363636363637,0.6590909090909091,Yes
PRV56013,90,27360,304.0,2.3777777777777778,0.0,86,36,0.1111111111111111,4.522222222222222,0.0,No
PRV56014,34,145050,4266.176470588235,3.6470588235294117,5.421052631578948,34,14,0.029411764705882353,4.676470588235294,0.5588235294117647,No
PRV56015,149,92600,621.4765100671141,1.832214765100671,4.666666666666667,115,74,0.0738255033557047,4.348993288590604,0.040268456375838924,No
PRV56016,12,6350,529.1666666666666,2.3333333333333335,0.0,12,10,0.16666666666666666,4.75,0.0,No
PRV56017,13,210060,16158.461538461539,10.384615384615385,12.272727272727273,12,10,0.07692307692307693,5.3076923076923075,0.8461538461538461,No
PRV56018,72,240840,3345.0,3.4166666666666665,6.6,71,50,0.041666666666666664,4.555555555555555,0.3472222222222222,No
PRV56019,659,186820,283.49013657056145,1.5811836115326252,0.0,268,6,0.17905918057663125,4.6600910470409715,0.0,No
PRV56020,155,195770,1263.032258064516,2.4,6.466666666666667,148,54,0.12258064516129032,4.72258064516129,0.0967741935483871,No
PRV56021,128,39920,311.875,1.0234375,0.0,124,61,0.0234375,4.453125,0.0,No
PRV56023,42,88070,2096.904761904762,3.9761904761904763,7.142857142857143,40,31,0.07142857142857142,4.309523809523809,0.16666666666666666,Yes
PRV56025,153,44660,291.8954248366013,1.5686274509803921,0.0,148,67,0.0457516339869281,4.542483660130719,0.0,No
PRV56026,44,29650,673.8636363636364,1.9772727272727273,0.0,43,33,0.045454545454545456,4.136363636363637,0.0,No
PRV56027,25,8840,353.6,0.92,0.0,24,11,0.08,5.16,0.0,No
PRV56028,201,66770,332.18905472636817,1.4577114427860696,12.25,180,4,0.0,4.3681592039801,0.01990049751243781,No
PRV56030,204,60370,295.9313725490196,1.3676470588235294,0.0,102,2,0.15196078431372548,4.583333333333333,0.0,No
PRV56031,19,61570,3240.5263157894738,3.6842105263157894,5.333333333333333,19,11,0.2631578947368421,6.368421052631579,0.47368421052631576,No
PRV56032,9,3000,333.3333333333333,3.3333333333333335,0.0,9,2,0.2222222222222222,3.6666666666666665,0.0,No
PRV56033,8,50160,6270.0,6.0,12.0,8,3,0.125,4.75,0.5,No
PRV56034,13,1530,117.6923076923077,0.23076923076923078,0.0,13,7,0.15384615384615385,5.0,0.0,No
PRV56036,49,13140,268.16326530612247,1.2244897959183674,0.0,48,6,0.12244897959183673,5.081632653061225,0.0,No
PRV56039,97,26020,268.2474226804124,2.1649484536082473,0.0,34,6,0.15463917525773196,4.835051546391752,0.0,No
PRV56040,13,22850,1757.6923076923076,3.1538461538461537,0.0,11,9,0.15384615384615385,3.769230769230769,0.0,No
PRV56041,55,32040,582.5454545454545,2.7818181818181817,0.0,19,1,0.18181818181818182,3.581818181818182,0.0,No
PRV56044,260,350770,1349.1153846153845,1.4384615384615385,4.8125,76,16,0.08846153846153847,3.753846153846154,0.06153846153846154,No
PRV56045,120,27980,233.16666666666666,0.6666666666666666,0.0,49,19,0.11666666666666667,3.8666666666666667,0.0,No
PRV56046,20,121680,6084.0,3.6,5.142857142857143,17,5,0.15,5.95,0.7,No
PRV56048,16,7380,461.25,4.3125,0.0,16,11,0.0625,4.5,0.0,No
PRV56049,149,32580,218.65771812080536,0.9328859060402684,0.0,101,1,0.15436241610738255,4.147651006711409,0.0,No
PRV56052,12,2950,245.83333333333334,1.0,0.0,10,3,0.25,4.666666666666667,0.0,No
PRV56054,45,18830,418.44444444444446,2.2,0.0,26,1,0.17777777777777778,4.666666666666667,0.0,No
PRV56055,9,4470,496.6666666666667,2.2222222222222223,0.0,8,4,0.3333333333333333,3.5555555555555554,0.0,No
PRV56057,9,97000,10777.777777777777,6.222222222222222,6.222222222222222,9,4,0.0,5.333333333333333,1.0,No
PRV56058,11,90000,8181.818181818182,7.7272727272727275,7.7272727272727275,11,5,0.09090909090909091,5.7272727272727275,1.0,No
PRV56062,25,6290,251.6,1.72,0.0,24,4,0.16,4.56,0.0,No
PRV56063,11,1670,151.8181818181818,1.8181818181818181,0.0,11,1,0.18181818181818182,5.363636363636363,0.0,No
PRV56066,8,4010,501.25,0.0,0.0,8,3,0.25,6.0,0.0,No
PRV56068,41,15780,384.8780487804878,1.0731707317073171,0.0,38,1,0.12195121951219512,4.536585365853658,0.0,No
PRV56073,12,2440,203.33333333333334,0.0,0.0,12,1,0.16666666666666666,4.083333333333333,0.0,No
PRV56075,12,3020,251.66666666666666,0.08333333333333333,0.0,12,1,0.08333333333333333,4.5,0.0,No
PRV56086,16,4280,267.5,0.25,0.0,14,1,0.0625,3.625,0.0,No
PRV56088,85,25150,295.88235294117646,2.823529411764706,0.0,74,4,0.03529411764705882,4.094117647058823,0.0,No
PRV56090,12,1580,131.66666666666666,1.6666666666666667,0.0,11,5,0.16666666666666666,4.5,0.0,No
PRV56094,25,7510,300.4,3.56,0.0,24,1,0.24,4.32,0.0,No
PRV56095,11,4910,446.3636363636364,1.8181818181818181,0.0,10,1,0.09090909090909091,4.7272727272727275,0.0,No
PRV56098,21,2840,135.23809523809524,1.0,0.0,18,1,0.09523809523809523,4.904761904761905,0.0,No
PRV56102,36,86790,2410.8333333333335,2.1944444444444446,4.0,35,5,0.1111111111111111,4.75,0.2222222222222222,No
PRV56103,116,691860,5964.310344827586,4.586206896551724,6.367647058823529,89,4,0.07758620689655173,5.060344827586207,0.5862068965517241,Yes
PRV56104,483,116260,240.703933747412,1.0331262939958592,0.0,232,4,0.0,4.345755693581781,0.0,Yes
PRV56105,32,264570,8267.8125,5.3125,5.862068965517241,29,6,0.15625,5.78125,0.90625,No
PRV56108,15,7360,490.6666666666667,1.0666666666666667,0.0,11,1,0.06666666666666667,5.066666666666666,0.0,No
PRV56109,12,2320,193.33333333333334,0.08333333333333333,0.0,11,1,0.08333333333333333,4.166666666666667,0.0,No
PRV56111,93,20060,215.69892473118279,1.7956989247311828,0.0,50,1,0.15053763440860216,4.806451612903226,0.0,No
PRV56113,45,16260,361.3333333333333,2.6444444444444444,0.0,30,2,0.1111111111111111,4.155555555555556,0.0,No
PRV56114,41,13180,321.4634146341463,1.6341463414634145,0.0,26,2,0.21951219512195122,5.341463414634147,0.0,No
PRV56116,35,9790,279.7142857142857,1.457142857142857,0.0,34,22,0.14285714285714285,4.371428571428571,0.0,No
PRV56117,14,1420,101.42857142857143,0.07142857142857142,0.0,12,2,0.14285714285714285,4.0,0.0,No
PRV56118,14,116000,8285.714285714286,7.5,7.5,14,1,0.0,4.857142857142857,1.0,No
PRV56119,11,120000,10909.09090909091,5.636363636363637,5.636363636363637,11,2,0.6363636363636364,5.454545454545454,1.0,No
PRV56121,16,229000,14312.5,8.6875,8.6875,16,3,0.25,6.875,1.0,No
PRV56123,40,498000,12450.0,5.05,5.05,38,2,0.575,5.725,1.0,No
PRV56129,23,256000,11130.434782608696,5.565217391304348,5.565217391304348,21,1,0.6086956521739131,5.3478260869565215,1.0,No
PRV56130,17,120000,7058.823529411765,3.7058823529411766,3.7058823529411766,16,1,0.0,6.0588235294117645,1.0,No
PRV56131,15,141000,9400.0,4.533333333333333,4.533333333333333,13,3,0.4666666666666667,6.0,1.0,No
PRV56133,15,144000,9600.0,4.933333333333334,4.933333333333334,14,1,0.0,6.0,1.0,No
PRV56134,62,768000,12387.09677419355,5.919354838709677,5.919354838709677,58,1,0.0,5.32258064516129,1.0,Yes
PRV56135,22,57230,2601.3636363636365,3.3636363636363638,17.0,16,4,0.22727272727272727,3.6818181818181817,0.13636363636363635,No
PRV56136,8,7120,890.0,0.375,3.0,8,6,0.125,3.375,0.125,No
PRV56137,48,16150,336.4583333333333,2.25,0.0,30,14,0.125,3.8333333333333335,0.0,No
PRV56138,36,13160,365.55555555555554,2.0,0.0,22,17,0.05555555555555555,4.916666666666667,0.0,No
PRV56139,21,45010,2143.3333333333335,2.0,7.333333333333333,14,6,0.23809523809523808,4.333333333333333,0.14285714285714285,No
PRV56140,31,130600,4212.903225806452,3.6774193548387095,5.875,30,16,0.12903225806451613,4.483870967741935,0.5161290322580645,No
PRV56141,39,14540,372.8205128205128,0.9487179487179487,0.0,28,7,0.10256410256410256,3.5384615384615383,0.0,No
PRV56142,53,131590,2482.830188679245,2.641509433962264,14.8,51,29,0.07547169811320754,4.679245283018868,0.09433962264150944,No
PRV56143,29,5220,180.0,0.034482758620689655,0.0,24,6,0.0,3.9655172413793105,0.0,No
PRV56145,52,22650,435.5769230769231,1.6538461538461537,0.0,40,3,0.25,4.115384615384615,0.0,No
PRV56146,21,11600,552.3809523809524,1.9047619047619047,0.0,14,4,0.047619047619047616,3.2857142857142856,0.0,No
PRV56147,8,18470,2308.75,2.75,11.0,8,6,0.125,4.875,0.25,No
PRV56148,143,23950,167.4825174825175,0.951048951048951,0.0,70,8,0.16083916083916083,3.7482517482517483,0.0,No
PRV56149,27,6130,227.03703703703704,0.037037037037037035,0.0,16,18,0.1111111111111111,4.074074074074074,0.0,No
PRV56151,87,17780,204.367816091954,0.7471264367816092,0.0,42,4,0.08045977011494253,2.9310344827586206,0.0,No
PRV56152,18,6620,367.77777777777777,1.2777777777777777,0.0,15,9,0.1111111111111111,3.4444444444444446,0.0,No
PRV56153,9,1410,156.66666666666666,0.0,0.0,9,6,0.0,4.666666666666667,0.0,No
PRV56154,19,4350,228.94736842105263,3.473684210526316,0.0,19,6,0.21052631578947367,4.157894736842105,0.0,No
PRV56156,69,46620,675.6521739130435,1.5072463768115942,5.0,46,16,0.014492753623188406,4.391304347826087,0.07246376811594203,No
PRV56157,38,13840,364.2105263157895,0.10526315789473684,0.0,32,5,0.13157894736842105,3.473684210526316,0.0,No
PRV56158,38,5930,156.05263157894737,0.2631578947368421,0.0,24,16,0.05263157894736842,3.6052631578947367,0.0,No
PRV56159,30,7160,238.66666666666666,1.0666666666666667,0.0,29,2,0.16666666666666666,4.0,0.0,No
PRV56161,47,105640,2247.659574468085,2.617021276595745,6.6923076923076925,37,15,0.0425531914893617,5.042553191489362,0.2765957446808511,Yes
PRV56164,27,5570,206.2962962962963,0.5185185185185185,0.0,27,22,0.1111111111111111,4.0,0.0,No
PRV56165,19,12810,674.2105263157895,2.6842105263157894,0.0,13,5,0.05263157894736842,3.6842105263157894,0.0,No
PRV56166,8,8720,1090.0,0.5,2.0,8,7,0.125,4.25,0.25,No
PRV56169,22,7350,334.09090909090907,0.8181818181818182,0.0,17,19,0.045454545454545456,3.772727272727273,0.0,No
PRV56170,18,73370,4076.1111111111113,2.8333333333333335,3.75,16,11,0.05555555555555555,4.222222222222222,0.4444444444444444,No
PRV56171,15,1140,76.0,2.7333333333333334,0.0,12,4,0.06666666666666667,4.933333333333334,0.0,No
PRV56172,11,31140,2830.909090909091,4.363636363636363,2.6666666666666665,11,8,0.36363636363636365,2.5454545454545454,0.2727272727272727,No
PRV56173,44,106720,2425.4545454545455,3.3181818181818183,6.833333333333333,37,26,0.022727272727272728,4.5,0.13636363636363635,No
PRV56174,10,3550,355.0,3.4,3.0,10,7,0.1,4.6,0.1,No
PRV56176,21,7960,379.04761904761904,2.857142857142857,0.0,15,5,0.09523809523809523,4.476190476190476,0.0,No
PRV56177,18,2600,144.44444444444446,1.1666666666666667,0.0,10,6,0.0,4.333333333333333,0.0,No
PRV56179,8,9950,1243.75,6.875,33.0,8,3,0.375,5.75,0.125,No
PRV56181,12,4550,379.1666666666667,1.6666666666666667,0.0,9,1,0.08333333333333333,5.0,0.0,No
PRV56182,51,13590,266.47058823529414,2.3137254901960786,0.0,44,6,0.09803921568627451,4.745098039215686,0.0,No
PRV56183,23,4240,184.34782608695653,1.9565217391304348,0.0,19,4,0.17391304347826086,4.130434782608695,0.0,No
PRV56184,18,2730,151.66666666666666,1.6666666666666667,0.0,9,5,0.05555555555555555,4.777777777777778,0.0,No
PRV56186,12,2660,221.66666666666666,0.9166666666666666,0.0,10,2,0.4166666666666667,4.666666666666667,0.0,No
PRV56187,18,4970,276.1111111111111,1.6666666666666667,0.0,14,2,0.16666666666666666,3.4444444444444446,0.0,No
PRV56191,62,20710,334.03225806451616,1.967741935483871,0.0,37,4,0.24193548387096775,3.2419354838709675,0.0,No
PRV56193,14,4880,348.57142857142856,0.0,0.0,12,4,0.35714285714285715,4.642857142857143,0.0,No
PRV56194,8,2170,271.25,0.375,0.0,5,3,0.0,4.875,0.0,No
PRV56198,21,6500,309.5238095238095,0.0,0.0,12,2,0.23809523809523808,4.0,0.0,No
PRV56199,16,2600,162.5,1.3125,0.0,13,1,0.0625,4.5,0.0,No
PRV56200,58,12600,217.24137931034483,1.603448275862069,0.0,41,3,0.25862068965517243,4.844827586206897,0.0,No
PRV56206,31,6240,201.29032258064515,2.064516129032258,0.0,30,19,0.16129032258064516,3.967741935483871,0.0,No
PRV56207,95,89520,942.3157894736842,1.4526315789473685,9.333333333333334,92,47,0.07368421052631578,4.705263157894737,0.031578947368421054,No
PRV56208,67,25610,382.23880597014926,1.507462686567164,0.0,66,26,0.1044776119402985,4.507462686567164,0.0,No
PRV56209,189,57370,303.5449735449736,1.5396825396825398,0.0,186,114,0.0582010582010582,4.666666666666667,0.0,No
PRV56210,150,254720,1698.1333333333334,1.5466666666666666,4.967741935483871,144,40,0.10666666666666667,4.773333333333333,0.20666666666666667,No
PRV56211,83,23700,285.5421686746988,2.0481927710843375,0.0,83,60,0.0963855421686747,4.120481927710843,0.0,No
PRV56212,17,5360,315.29411764705884,4.411764705882353,0.0,17,14,0.0,4.588235294117647,0.0,No
PRV56213,643,161060,250.48211508553655,1.5303265940902022,0.0,355,21,0.1290824261275272,4.010886469673406,0.0,No
PRV56216,481,157910,328.2952182952183,1.3846153846153846,0.0,352,60,0.12681912681912683,4.511434511434511,0.0,No
PRV56217,45,9920,220.44444444444446,0.5333333333333333,0.0,37,27,0.1111111111111111,3.6222222222222222,0.0,No
PRV56218,118,59160,501.35593220338984,1.9830508474576272,7.666666666666667,103,49,0.059322033898305086,4.4576271186440675,0.05084745762711865,No
PRV56219,277,116970,422.27436823104694,1.2346570397111913,9.25,98,6,0.20577617328519857,4.671480144404332,0.01444043321299639,No
PRV56220,15,18610,1240.6666666666667,1.8666666666666667,4.333333333333333,14,11,0.06666666666666667,4.666666666666667,0.2,No
PRV56221,305,228340,748.655737704918,1.2819672131147541,4.611111111111111,213,49,0.10163934426229508,4.340983606557377,0.05901639344262295,No
PRV56222,101,24770,245.24752475247524,1.9504950495049505,0.0,72,7,0.18811881188118812,4.772277227722772,0.0,No
PRV56224,111,68950,621.1711711711712,1.5225225225225225,2.25,101,64,0.036036036036036036,4.468468468468468,0.036036036036036036,No
PRV56225,588,761100,1294.3877551020407,1.9285714285714286,6.68,312,9,0.11054421768707483,4.2687074829931975,0.08503401360544217,Yes
PRV56227,26,8820,339.2307692307692,1.8076923076923077,2.0,24,13,0.23076923076923078,5.038461538461538,0.038461538461538464,No
PRV56228,262,65670,250.64885496183206,1.6908396946564885,0.0,149,48,0.09541984732824428,4.347328244274809,0.0,No
PRV56229,13,4440,341.53846153846155,0.0,0.0,12,5,0.3076923076923077,4.3076923076923075,0.0,No
PRV56231,270,408720,1513.7777777777778,1.3222222222222222,4.59375,198,23,0.1,4.5,0.11851851851851852,Yes
PRV56232,35,9780,279.42857142857144,1.0285714285714285,0.0,34,27,0.08571428571428572,4.4,0.0,No
PRV56233,98,32890,335.61224489795916,2.6122448979591835,0.0,42,3,0.1836734693877551,4.6020408163265305,0.0,No
PRV56234,70,21720,310.2857142857143,2.142857142857143,0.0,56,32,0.05714285714285714,5.114285714285714,0.0,No
PRV56235,171,178900,1046.1988304093568,1.8128654970760234,7.357142857142857,153,76,0.04093567251461988,4.514619883040936,0.08187134502923976,No
PRV56236,36,56080,1557.7777777777778,1.6944444444444444,4.428571428571429,35,28,0.08333333333333333,4.638888888888889,0.19444444444444445,No
PRV56237,198,35030,176.91919191919192,1.0,0.0,131,22,0.11616161616161616,4.03030303030303,0.0,No
PRV56238,31,73690,2377.0967741935483,1.096774193548387,7.25,30,14,0.12903225806451613,4.903225806451613,0.12903225806451613,No
PRV56239,125,54830,438.64,2.696,0.0,55,6,0.184,3.872,0.0,No
PRV56241,140,31640,226.0,0.7642857142857142,0.0,98,67,0.02142857142857143,4.757142857142857,0.0,No
PRV56242,136,50420,370.7352941176471,2.0220588235294117,0.0,75,12,0.22794117647058823,4.330882352941177,0.007352941176470588,No
PRV56243,909,922780,1015.1595159515952,1.6413641364136413,4.756410256410256,604,122,0.0517051705170517,4.484048404840484,0.0858085808580858,No
PRV56245,76,13720,180.52631578947367,1.263157894736842,0.0,44,7,0.10526315789473684,4.421052631578948,0.0,No
PRV56247,26,20410,785.0,1.9230769230769231,1.0,21,10,0.15384615384615385,3.730769230769231,0.07692307692307693,No
PRV56248,934,283190,303.2012847965739,1.335117773019272,0.0,477,10,0.0,4.37152034261242,0.0,No
PRV56249,1110,875110,788.3873873873874,1.6063063063063063,6.464285714285714,666,33,0.02702702702702703,4.341441441441441,0.05045045045045045,Yes
PRV56251,30,8950,298.3333333333333,0.8333333333333334,0.0,16,9,0.13333333333333333,3.9,0.0,No
PRV56252,18,5210,289.44444444444446,1.6666666666666667,0.0,18,13,0.0,5.222222222222222,0.0,No
PRV56253,311,636680,2047.2025723472668,2.102893890675241,5.809523809523809,228,28,0.06430868167202572,4.459807073954984,0.20257234726688103,Yes
PRV56255,102,38510,377.54901960784315,1.4509803921568627,0.0,68,13,0.20588235294117646,4.215686274509804,0.0,No
PRV56256,55,90650,1648.1818181818182,1.6545454545454545,4.090909090909091,53,17,0.07272727272727272,4.4363636363636365,0.2,No
PRV56257,52,157440,3027.6923076923076,3.0,6.823529411764706,48,19,0.21153846153846154,4.884615384615385,0.3269230769230769,Yes
PRV56258,70,26130,373.2857142857143,1.0714285714285714,0.0,70,46,0.05714285714285714,4.485714285714286,0.0,No
PRV56259,196,160020,816.4285714285714,1.7908163265306123,6.125,188,110,0.05612244897959184,4.719387755102041,0.08163265306122448,Yes
PRV56260,59,550510,9330.677966101695,4.11864406779661,4.418181818181818,53,9,0.13559322033898305,6.0,0.9322033898305084,No
PRV56261,69,24690,357.82608695652175,0.5652173913043478,0.0,47,11,0.14492753623188406,3.971014492753623,0.0,No
PRV56262,15,3480,232.0,0.9333333333333333,0.0,15,9,0.13333333333333333,4.2,0.0,No
PRV56263,18,22940,1274.4444444444443,0.8333333333333334,2.5,17,11,0.0,3.7777777777777777,0.1111111111111111,No
PRV56264,51,172050,3373.529411764706,3.607843137254902,7.0,45,27,0.0,4.294117647058823,0.37254901960784315,No
PRV56265,126,211760,1680.6349206349207,1.3650793650793651,5.6,54,17,0.1349206349206349,4.507936507936508,0.15873015873015872,No
PRV56266,30,9640,321.3333333333333,1.4333333333333333,0.0,26,21,0.03333333333333333,4.166666666666667,0.0,No
PRV56268,1113,940670,845.1662174303684,1.669362084456424,6.934426229508197,873,299,0.09074573225516622,4.530098831985624,0.05480682839173405,Yes
PRV56269,17,83230,4895.882352941177,2.176470588235294,4.625,16,13,0.058823529411764705,5.529411764705882,0.47058823529411764,No
PRV56270,1043,289970,278.01534036433367,1.180249280920422,0.0,485,44,0.04985618408437201,4.350910834132311,0.0,No
PRV56271,93,36760,395.26881720430106,1.2903225806451613,1.0,65,17,0.08602150537634409,3.817204301075269,0.010752688172043012,No
PRV56272,22,5450,247.72727272727272,1.6818181818181819,0.0,14,6,0.18181818181818182,4.590909090909091,0.0,No
PRV56274,8,23980,2997.5,2.875,5.25,8,7,0.0,4.375,0.5,No
PRV56275,80,24690,308.625,0.5875,0.0,34,1,0.175,4.3875,0.0,No
PRV56277,19,5470,287.89473684210526,2.3157894736842106,0.0,17,5,0.10526315789473684,4.894736842105263,0.0,No
PRV56278,27,20910,774.4444444444445,2.259259259259259,0.0,18,3,0.2222222222222222,3.925925925925926,0.0,No
PRV56279,53,17770,335.2830188679245,2.056603773584906,0.0,29,2,0.1509433962264151,5.150943396226415,0.0,No
PRV56280,39,8450,216.66666666666666,0.2564102564102564,0.0,32,6,0.1794871794871795,4.384615384615385,0.0,No
PRV56281,54,24130,446.85185185185185,2.259259259259259,0.0,24,2,0.2222222222222222,4.537037037037037,0.0,No
PRV56284,67,23090,344.6268656716418,1.4179104477611941,0.0,37,3,0.26865671641791045,3.716417910447761,0.0,No
PRV56285,13,140000,10769.23076923077,7.230769230769231,7.230769230769231,12,2,0.0,5.846153846153846,1.0,No
PRV56287,107,28680,268.0373831775701,1.1495327102803738,0.0,83,1,0.18691588785046728,4.570093457943925,0.0,No
PRV56290,23,11560,502.60869565217394,2.739130434782609,0.0,16,3,0.21739130434782608,4.434782608695652,0.0,No
PRV56291,36,13150,365.27777777777777,3.1944444444444446,0.0,26,2,0.16666666666666666,4.305555555555555,0.0,No
PRV56297,28,7140,255.0,2.2857142857142856,0.0,23,3,0.17857142857142858,5.107142857142857,0.0,No
PRV56300,8,990,123.75,2.5,0.0,5,1,0.5,4.5,0.0,No
PRV56304,15,12660,844.0,1.5333333333333334,0.0,13,2,0.13333333333333333,5.0,0.0,No
PRV56305,29,4200,144.82758620689654,0.13793103448275862,0.0,12,1,0.1724137931034483,3.206896551724138,0.0,No
PRV56307,12,1330,110.83333333333333,1.6666666666666667,0.0,12,3,0.25,4.5,0.0,No
PRV56308,15,5030,335.3333333333333,1.4666666666666666,0.0,9,3,0.26666666666666666,3.8,0.0,No
PRV56311,19,7670,403.6842105263158,0.631578947368421,0.0,10,2,0.3157894736842105,4.105263157894737,0.0,No
PRV56314,8,3740,467.5,2.5,0.0,8,3,0.25,3.375,0.0,No
PRV56319,13,6480,498.46153846153845,1.5384615384615385,0.0,12,2,0.3076923076923077,4.538461538461538,0.0,No
PRV56322,37,6800,183.78378378378378,0.0,0.0,27,3,0.16216216216216217,4.405405405405405,0.0,No
PRV56328,15,2100,140.0,2.2,0.0,13,3,0.2,4.333333333333333,0.0,No
PRV56329,14,177000,12642.857142857143,5.714285714285714,5.714285714285714,13,2,0.42857142857142855,4.857142857142857,1.0,No
PRV56330,16,3130,195.625,0.0625,0.0,15,3,0.375,3.6875,0.0,No
PRV56333,42,11600,276.1904761904762,1.5952380952380953,0.0,33,2,0.16666666666666666,4.714285714285714,0.0,No
PRV56334,8,670,83.75,0.0,0.0,8,1,0.125,3.5,0.0,No
PRV56335,18,156000,8666.666666666666,5.0,5.0,18,3,0.4444444444444444,4.888888888888889,1.0,No
PRV56336,21,237000,11285.714285714286,4.571428571428571,4.571428571428571,21,1,0.5238095238095238,4.9523809523809526,1.0,No
PRV56338,10,97400,9740.0,5.2,5.2,10,3,0.5,6.2,1.0,No
PRV56344,11,3520,320.0,0.0,0.0,10,5,0.2727272727272727,2.8181818181818183,0.0,No
PRV56345,572,134510,235.15734265734267,1.1451048951048952,0.0,243,10,0.07167832167832168,4.256993006993007,0.0,No
PRV56346,42,16050,382.14285714285717,2.119047619047619,0.0,25,14,0.07142857142857142,4.476190476190476,0.0,No
PRV56347,51,106110,2080.5882352941176,1.6470588235294117,4.444444444444445,43,19,0.27450980392156865,4.784313725490196,0.17647058823529413,No
PRV56348,58,11200,193.10344827586206,0.27586206896551724,0.0,36,28,0.1206896551724138,4.810344827586207,0.0,No
PRV56349,61,288280,4725.901639344263,3.0,3.870967741935484,51,33,0.0,4.836065573770492,0.5081967213114754,No
PRV56350,158,812530,5142.594936708861,3.721518987341772,5.287878787878788,119,80,0.05063291139240506,4.493670886075949,0.4177215189873418,Yes
PRV56351,29,10920,376.55172413793105,2.1379310344827585,0.0,17,13,0.3103448275862069,5.517241379310345,0.0,No
PRV56352,24,37730,1572.0833333333333,1.4583333333333333,8.5,22,14,0.25,3.8333333333333335,0.16666666666666666,No
PRV56353,96,29340,305.625,0.875,0.0,46,25,0.13541666666666666,4.302083333333333,0.0,No
PRV56354,11,70470,6406.363636363636,1.5454545454545454,5.666666666666667,9,7,0.0,3.727272727272727,0.2727272727272727,No
PRV56355,115,76130,662.0,1.391304347826087,4.25,35,16,0.11304347826086956,4.304347826086956,0.034782608695652174,No
PRV56357,16,1690,105.625,2.125,0.0,13,6,0.125,4.3125,0.0,No
PRV56360,78,25060,321.28205128205127,2.6666666666666665,0.0,34,6,0.20512820512820512,5.17948717948718,0.0,No
PRV56361,114,105550,925.8771929824561,2.192982456140351,4.571428571428571,51,19,0.17543859649122806,4.605263157894737,0.06140350877192982,Yes
PRV56362,60,13210,220.16666666666666,0.6333333333333333,0.0,51,18,0.13333333333333333,4.083333333333333,0.0,No
PRV56363,19,10420,548.421052631579,2.5789473684210527,0.0,8,2,0.15789473684210525,5.105263157894737,0.0,No
PRV56364,79,31280,395.9493670886076,1.6962025316455696,0.0,28,1,0.13924050632911392,4.69620253164557,0.0,No
PRV56366,9,1880,208.88888888888889,0.0,0.0,8,2,0.0,3.888888888888889,0.0,No
PRV56367,45,10550,234.44444444444446,1.4444444444444444,0.0,14,4,0.2222222222222222,3.977777777777778,0.0,No
PRV56368,34,9050,266.1764705882353,1.3823529411764706,4.0,12,7,0.058823529411764705,3.5,0.029411764705882353,No
PRV56370,9,1620,180.0,0.5555555555555556,0.0,3,2,0.0,2.111111111111111,0.0,No
PRV56374,25,7570,302.8,3.36,0.0,11,6,0.2,3.84,0.0,No
PRV56375,54,15220,281.85185185185185,1.6111111111111112,0.0,29,4,0.2222222222222222,3.6481481481481484,0.0,No
PRV56376,20,10780,539.0,1.0,0.0,10,6,0.2,2.55,0.0,No
PRV56378,31,4480,144.51612903225808,1.2580645161290323,0.0,19,1,0.1935483870967742,3.774193548387097,0.0,No
PRV56379,53,16520,311.6981132075472,0.7169811320754716,0.0,26,11,0.1509433962264151,4.226415094339623,0.0,No
PRV56380,21,6040,287.6190476190476,1.0476190476190477,0.0,10,3,0.14285714285714285,3.619047619047619,0.0,No
PRV56381,8,4720,590.0,7.5,0.0,1,3,0.0,3.0,0.0,No
PRV56384,49,29790,607.9591836734694,1.489795918367347,8.0,23,8,0.12244897959183673,4.938775510204081,0.04081632653061224,No
PRV56385,22,2770,125.9090909090909,0.9090909090909091,0.0,11,2,0.18181818181818182,3.8181818181818183,0.0,No
PRV56389,15,6520,434.6666666666667,4.0,0.0,13,2,0.0,2.2666666666666666,0.0,No
PRV56392,20,41860,2093.0,3.4,9.5,10,7,0.05,5.95,0.3,Yes
PRV56393,10,2580,258.0,2.1,0.0,8,1,0.0,4.6,0.0,No
PRV56394,32,15920,497.5,2.96875,0.0,14,5,0.15625,5.53125,0.0,No
PRV56396,83,289380,3486.5060240963853,3.5421686746987953,6.625,71,31,0.08433734939759036,5.132530120481928,0.3855421686746988,Yes
PRV56397,47,9600,204.25531914893617,1.3617021276595744,0.0,43,20,0.10638297872340426,4.808510638297872,0.0,No
PRV56398,19,6030,317.36842105263156,0.3157894736842105,6.0,19,12,0.10526315789473684,3.6315789473684212,0.05263157894736842,No
PRV56400,9,49800,5533.333333333333,3.2222222222222223,9.0,9,7,0.0,4.111111111111111,0.3333333333333333,Yes
PRV56401,143,27390,191.53846153846155,0.5034965034965035,0.0,39,1,0.14685314685314685,5.1678321678321675,0.0,No
PRV56403,34,78660,2313.529411764706,1.1176470588235294,3.6,31,8,0.029411764705882353,4.147058823529412,0.29411764705882354,Yes
PRV56404,363,131660,362.69972451790636,1.6253443526170799,0.0,143,39,0.12947658402203857,4.046831955922865,0.0,No
PRV56405,60,24090,401.5,0.9666666666666667,0.0,53,21,0.05,4.366666666666666,0.0,No
PRV56406,201,44770,222.7363184079602,0.8507462686567164,0.0,72,7,0.14427860696517414,4.507462686567164,0.0,No
PRV56407,40,39500,987.5,2.05,6.2,39,18,0.05,4.125,0.125,No
PRV56408,68,79570,1170.1470588235295,1.75,17.0,25,14,0.23529411764705882,2.6176470588235294,0.04411764705882353,No
PRV56410,350,92530,264.37142857142857,1.1914285714285715,0.0,172,19,0.17714285714285713,4.511428571428572,0.0,No
PRV56411,75,110650,1475.3333333333333,1.76,2.25,35,15,0.16,4.253333333333333,0.05333333333333334,No
PRV56412,112,111360,994.2857142857143,1.5357142857142858,5.777777777777778,77,11,0.13392857142857142,4.616071428571429,0.08035714285714286,No
PRV56413,12,8650,720.8333333333334,2.75,0.0,12,4,0.25,5.583333333333333,0.0,No
PRV56414,27,5900,218.5185185185185,0.14814814814814814,0.0,26,24,0.0,4.148148148148148,0.0,No
PRV56415,41,15990,390.0,0.9512195121951219,0.0,41,20,0.12195121951219512,3.951219512195122,0.0,No
PRV56416,1592,2744870,1724.1645728643216,2.141959798994975,6.411214953271028,695,52,0.062185929648241205,4.541457286432161,0.13442211055276382,Yes
PRV56417,119,20230,170.0,0.8319327731092437,0.0,44,13,0.07563025210084033,4.19327731092437,0.0,No
PRV56418,29,9790,337.58620689655174,0.4827586206896552,0.0,27,14,0.06896551724137931,4.689655172413793,0.0,No
PRV56421,133,510750,3840.2255639097743,2.601503759398496,5.913043478260869,100,43,0.21804511278195488,4.902255639097745,0.3458646616541353,Yes
PRV56423,12,15490,1290.8333333333333,0.3333333333333333,1.5,10,9,0.08333333333333333,4.166666666666667,0.16666666666666666,No
PRV56425,381,135450,355.51181102362204,1.4173228346456692,6.0,138,54,0.03412073490813648,4.73753280839895,0.02099737532808399,Yes
PRV56426,436,127230,291.8119266055046,1.385321100917431,0.0,262,51,0.0481651376146789,4.605504587155964,0.0,No
PRV56427,23,10460,454.7826086956522,1.0,0.0,20,13,0.17391304347826086,4.304347826086956,0.0,No
PRV56428,311,172930,556.0450160771704,1.472668810289389,5.375,151,18,0.14790996784565916,4.495176848874598,0.02572347266881029,Yes
PRV56430,38,11130,292.89473684210526,2.736842105263158,0.0,36,13,0.07894736842105263,4.894736842105263,0.0,No
PRV56432,25,54080,2163.2,1.88,4.166666666666667,18,13,0.12,5.76,0.24,No
PRV56433,121,39510,326.5289256198347,1.6694214876033058,0.0,114,71,0.008264462809917356,4.305785123966942,0.0,No
PRV56435,260,100030,384.7307692307692,1.3192307692307692,5.5,115,48,0.019230769230769232,4.657692307692308,0.015384615384615385,Yes
PRV56437,719,469300,652.712100139082,1.7524339360222532,5.564102564102564,329,8,0.1599443671766342,4.605006954102921,0.054242002781641166,Yes
PRV56438,133,827300,6220.300751879699,4.097744360902255,5.890625,126,59,0.16541353383458646,4.7669172932330826,0.48120300751879697,Yes
PRV56439,443,134960,304.65011286681715,1.670428893905192,0.0,237,40,0.03611738148984198,4.367945823927765,0.0,No
PRV56440,89,29150,327.5280898876405,0.7191011235955056,0.0,72,16,0.1348314606741573,4.943820224719101,0.0,No
PRV56441,35,3980,113.71428571428571,1.6,0.0,34,26,0.14285714285714285,4.114285714285714,0.0,No
PRV56442,1330,1234150,927.9323308270676,1.7533834586466166,5.703703703703703,611,81,0.027819548872180452,4.3691729323308275,0.06090225563909774,Yes
PRV56444,1317,383140,290.91875474563403,1.569476082004556,0.0,790,249,0.08580106302201974,4.4889901290812455,0.0,Yes
PRV56445,55,215750,3922.7272727272725,3.290909090909091,4.40625,50,23,0.03636363636363636,3.890909090909091,0.5818181818181818,No
PRV56447,170,50870,299.2352941176471,0.9941176470588236,0.0,101,20,0.09411764705882353,4.129411764705883,0.0,Yes
PRV56448,584,198950,340.6678082191781,1.4349315068493151,0.0,315,1,0.1678082191780822,4.489726027397261,0.0,No
PRV56449,135,211880,1569.4814814814815,2.637037037037037,8.0,109,70,0.05925925925925926,4.614814814814815,0.0962962962962963,No
PRV56451,259,72950,281.66023166023166,1.2046332046332047,0.0,86,25,0.08494208494208494,4.088803088803089,0.0,No
PRV56452,110,63150,574.0909090909091,1.3545454545454545,3.25,82,45,0.045454545454545456,4.372727272727273,0.03636363636363636,No
PRV56453,115,43550,378.69565217391306,1.2434782608695651,0.0,57,18,0.14782608695652175,3.5739130434782607,0.0,No
PRV56454,159,43910,276.1635220125786,0.49056603773584906,0.0,86,37,0.10062893081761007,4.19496855345912,0.0,No
PRV56455,13,4860,373.84615384615387,1.6153846153846154,0.0,12,5,0.15384615384615385,4.230769230769231,0.0,No
PRV56456,46,114710,2493.695652173913,2.9130434782608696,5.428571428571429,37,17,0.08695652173913043,5.260869565217392,0.30434782608695654,No
PRV56458,54,53410,989.074074074074,1.2592592592592593,2.5714285714285716,48,24,0.09259259259259259,4.481481481481482,0.12962962962962962,No
PRV56461,115,135180,1175.4782608695652,1.2869565217391303,5.5,103,73,0.06086956521739131,4.2956521739130435,0.08695652173913043,No
PRV56463,18,1660,92.22222222222223,2.2222222222222223,0.0,17,3,0.05555555555555555,4.333333333333333,0.0,No
PRV56464,84,14920,177.61904761904762,0.5595238095238095,0.0,78,42,0.07142857142857142,4.238095238095238,0.0,No
PRV56466,56,8190,146.25,1.0892857142857142,0.0,45,14,0.14285714285714285,5.053571428571429,0.0,No
PRV56467,349,95720,274.269340974212,1.5530085959885387,0.0,188,28,0.07736389684813753,4.157593123209169,0.0,No
PRV56468,34,47270,1390.2941176470588,2.4411764705882355,7.2,32,18,0.029411764705882353,5.0588235294117645,0.14705882352941177,No
PRV56469,131,430560,3286.7175572519086,2.66412213740458,5.944444444444445,121,74,0.04580152671755725,4.732824427480916,0.2748091603053435,No
PRV56470,37,35610,962.4324324324324,1.2702702702702702,4.6,26,13,0.13513513513513514,4.1891891891891895,0.13513513513513514,No
PRV56471,43,10490,243.95348837209303,2.395348837209302,0.0,21,10,0.18604651162790697,4.837209302325581,0.0,No
PRV56473,55,71310,1296.5454545454545,1.7636363636363637,7.857142857142857,50,38,0.05454545454545454,4.927272727272728,0.12727272727272726,No
PRV56474,31,13970,450.64516129032256,0.9032258064516129,12.0,27,10,0.06451612903225806,4.419354838709677,0.03225806451612903,No
PRV56475,34,11180,328.8235294117647,1.2058823529411764,0.0,18,11,0.08823529411764706,4.029411764705882,0.0,No
PRV56477,9,4460,495.55555555555554,1.4444444444444444,0.0,8,6,0.2222222222222222,4.777777777777778,0.0,No
PRV56478,152,638850,4202.960526315789,3.6973684210526314,6.029850746268656,127,52,0.19736842105263158,5.296052631578948,0.4407894736842105,No
PRV56479,140,38990,278.5,1.5214285714285714,0.0,118,72,0.08571428571428572,5.0,0.0,No
PRV56480,21,3120,148.57142857142858,1.0952380952380953,0.0,19,6,0.09523809523809523,3.9523809523809526,0.0,No
PRV56481,128,668910,5225.859375,3.6953125,5.384615384615385,85,27,0.1328125,5.5234375,0.609375,Yes
PRV56482,28,14780,527.8571428571429,1.5,0.0,21,12,0.21428571428571427,5.25,0.0,No
PRV56483,32,25850,807.8125,1.71875,3.5,29,25,0.125,4.4375,0.0625,No
PRV56484,9,6980,775.5555555555555,2.4444444444444446,0.0,9,7,0.2222222222222222,4.333333333333333,0.0,No
PRV56485,48,26790,558.125,2.3125,0.0,22,5,0.08333333333333333,5.0625,0.020833333333333332,No
PRV56486,77,26220,340.5194805194805,1.8181818181818181,0.0,37,8,0.19480519480519481,4.766233766233766,0.0,No
PRV56487,27,12230,452.962962962963,2.074074074074074,1.0,27,18,0.14814814814814814,3.962962962962963,0.037037037037037035,No
PRV56489,21,9350,445.23809523809524,1.7619047619047619,0.0,20,10,0.14285714285714285,4.523809523809524,0.0,No
PRV56490,14,78170,5583.571428571428,2.2857142857142856,2.909090909090909,14,5,0.2857142857142857,4.857142857142857,0.7857142857142857,No
PRV56494,560,185430,331.125,2.007142857142857,0.0,257,31,0.07321428571428572,4.417857142857143,0.0,No
PRV56495,36,11750,326.3888888888889,0.8055555555555556,0.0,23,3,0.16666666666666666,4.305555555555555,0.0,No
PRV56496,41,13620,332.1951219512195,1.6829268292682926,0.0,28,1,0.17073170731707318,3.8292682926829267,0.0,No
PRV56497,30,12540,418.0,1.4666666666666666,0.0,23,5,0.2,5.2,0.0,No
PRV56500,151,65010,430.5298013245033,1.5695364238410596,3.6666666666666665,74,3,0.11920529801324503,4.47682119205298,0.019867549668874173,No
PRV56501,232,175190,755.1293103448276,1.6896551724137931,10.0,126,14,0.15517241379310345,4.530172413793103,0.02586206896551724,Yes
PRV56504,66,17090,258.93939393939394,1.5606060606060606,0.0,38,7,0.19696969696969696,4.136363636363637,0.0,No
PRV56507,42,260300,6197.619047619048,3.8333333333333335,5.714285714285714,26,10,0.11904761904761904,5.095238095238095,0.16666666666666666,No
PRV56508,177,48580,274.4632768361582,1.5593220338983051,0.0,84,7,0.1977401129943503,4.129943502824859,0.0,No
PRV56509,117,42370,362.13675213675214,1.3333333333333333,0.0,55,7,0.1452991452991453,4.803418803418803,0.0,No
PRV56510,9,800,88.88888888888889,0.0,0.0,7,5,0.2222222222222222,2.5555555555555554,0.0,No
PRV56511,23,6060,263.4782608695652,0.9130434782608695,0.0,19,3,0.08695652173913043,5.565217391304348,0.0,No
PRV56512,27,10050,372.22222222222223,1.0740740740740742,0.0,17,1,0.2222222222222222,4.777777777777778,0.0,No
PRV56517,123,38170,310.3252032520325,1.6504065040650406,0.0,96,3,0.0975609756097561,4.666666666666667,0.0,No
PRV56521,32,11840,370.0,2.46875,0.0,22,4,0.25,5.28125,0.0,No
PRV56523,21,6670,317.6190476190476,0.9523809523809523,0.0,20,2,0.19047619047619047,4.380952380952381,0.0,Yes
PRV56525,66,18830,285.3030303030303,1.4242424242424243,0.0,45,1,0.13636363636363635,3.878787878787879,0.0,No
PRV56526,32,9020,281.875,1.9375,0.0,26,1,0.09375,4.78125,0.0,No
PRV56527,57,19990,350.70175438596493,0.8245614035087719,0.0,30,1,0.12280701754385964,4.771929824561403,0.0,No
PRV56528,21,2400,114.28571428571429,0.0,0.0,13,2,0.14285714285714285,2.857142857142857,0.0,No
PRV56529,34,4970,146.1764705882353,0.35294117647058826,0.0,30,3,0.17647058823529413,3.764705882352941,0.0,No
PRV56533,15,93000,6200.0,4.2,4.2,15,2,0.2,5.6,1.0,No
PRV56535,67,17920,267.46268656716416,0.8656716417910447,0.0,50,1,0.0,4.268656716417911,0.0,No
PRV56536,65,17500,269.2307692307692,2.0615384615384613,0.0,34,1,0.18461538461538463,3.276923076923077,0.0,No
PRV56537,104,22710,218.3653846153846,1.3557692307692308,0.0,74,2,0.19230769230769232,4.596153846153846,0.0,No
PRV56538,23,4480,194.7826086956522,0.8260869565217391,0.0,11,1,0.13043478260869565,4.3478260869565215,0.0,No
PRV56541,54,584000,10814.814814814816,6.0,6.0,53,7,0.2222222222222222,5.685185185185185,1.0,Yes
PRV56544,20,99630,4981.5,3.8,3.111111111111111,20,2,0.35,5.3,0.9,No
PRV56546,9,80000,8888.888888888889,5.555555555555555,5.555555555555555,9,1,0.4444444444444444,5.888888888888889,1.0,No
PRV56548,8,124000,15500.0,6.375,6.375,7,2,0.5,6.625,1.0,No
PRV56550,80,554890,6936.125,4.2875,5.836363636363636,65,20,0.0,5.475,0.6875,Yes
PRV56551,36,14070,390.8333333333333,1.9166666666666667,0.0,30,6,0.16666666666666666,4.666666666666667,0.0,No
PRV56552,24,7390,307.9166666666667,0.875,0.0,16,13,0.125,3.2083333333333335,0.0,No
PRV56553,65,14620,224.92307692307693,2.246153846153846,0.0,38,16,0.09230769230769231,4.615384615384615,0.0,No
PRV56554,48,13810,287.7083333333333,0.5416666666666666,0.0,46,28,0.0625,4.270833333333333,0.0,No
PRV56555,69,494800,7171.014492753623,6.144927536231884,7.169491525423729,67,16,0.043478260869565216,5.3478260869565215,0.855072463768116,No
PRV56556,880,852530,968.7840909090909,1.6875,5.364864864864865,384,12,0.09431818181818181,4.771590909090909,0.08409090909090909,No
PRV56557,65,22690,349.0769230769231,2.923076923076923,0.0,57,42,0.09230769230769231,4.446153846153846,0.0,No
PRV56559,1113,345330,310.26954177897574,1.4788858939802336,0.0,807,21,0.004492362982929021,4.531895777178796,0.0,No
PRV56560,2313,3212000,1388.672719412019,1.9917855598789451,5.810483870967742,919,26,0.06787721573713791,4.58019887591872,0.10722006052745352,Yes
PRV56562,37,48650,1314.8648648648648,1.5675675675675675,1.5,23,23,0.0,5.162162162162162,0.05405405405405406,No
PRV56563,30,96890,3229.6666666666665,1.0,3.5,27,20,0.1,4.766666666666667,0.26666666666666666,No
PRV56566,176,68110,386.9886363636364,0.9829545454545454,8.0,63,7,0.09090909090909091,4.744318181818182,0.005681818181818182,Yes
PRV56568,131,62180,474.6564885496183,2.450381679389313,0.0,55,12,0.183206106870229,4.961832061068702,0.0,No
PRV56570,30,150940,5031.333333333333,2.1,4.615384615384615,27,23,0.0,5.8,0.43333333333333335,No
PRV56571,11,31520,2865.4545454545455,3.8181818181818183,8.333333333333334,8,10,0.0,5.818181818181818,0.2727272727272727,No
PRV56572,20,3890,194.5,0.0,0.0,19,13,0.05,3.85,0.0,No
PRV56574,62,121180,1954.516129032258,2.2096774193548385,4.083333333333333,50,37,0.03225806451612903,3.7580645161290325,0.1935483870967742,No
PRV56575,830,1154530,1391.0,1.9180722891566264,5.460176991150442,510,15,0.1710843373493976,4.51566265060241,0.13614457831325302,Yes
PRV56576,234,67150,286.96581196581195,1.4444444444444444,2.0,107,2,0.0,4.6752136752136755,0.004273504273504274,No
PRV56577,293,112430,383.7201365187713,1.3890784982935154,3.75,247,134,0.10921501706484642,4.552901023890785,0.027303754266211604,No
PRV56578,81,138730,1712.716049382716,1.8888888888888888,6.142857142857143,73,44,0.1111111111111111,4.6419753086419755,0.08641975308641975,No
PRV56579,39,6850,175.64102564102564,0.2564102564102564,0.0,17,9,0.15384615384615385,4.410256410256411,0.0,No
PRV56580,185,62890,339.94594594594594,1.372972972972973,0.0,163,99,0.08648648648648649,4.513513513513513,0.0,No
PRV56583,24,109070,4544.583333333333,3.0416666666666665,4.153846153846154,24,22,0.041666666666666664,4.958333333333333,0.5416666666666666,No
PRV56584,55,36660,666.5454545454545,0.38181818181818183,3.25,37,11,0.14545454545454545,4.054545454545455,0.07272727272727272,No
PRV56587,473,377970,799.0909090909091,2.010570824524313,7.388888888888889,338,103,0.04439746300211417,4.357293868921776,0.03805496828752643,Yes
PRV56588,269,1030600,3831.2267657992566,3.862453531598513,6.15,251,108,0.0,4.635687732342007,0.37174721189591076,Yes
PRV56589,24,42650,1777.0833333333333,2.625,4.5,24,14,0.16666666666666666,4.791666666666667,0.16666666666666666,No
PRV56590,33,10410,315.45454545454544,0.6060606060606061,0.0,31,22,0.09090909090909091,4.363636363636363,0.0,No
PRV56591,143,135460,947.2727272727273,1.979020979020979,4.8125,87,35,0.1258741258741259,4.86013986013986,0.11188811188811189,Yes
PRV56592,118,732240,6205.423728813559,3.016949152542373,5.26984126984127,99,47,0.00847457627118644,5.008474576271187,0.5338983050847458,Yes
PRV56593,46,13490,293.2608695652174,1.565217391304348,0.0,46,15,0.13043478260869565,4.891304347826087,0.0,No
PRV56594,70,29730,424.7142857142857,2.2,0.0,64,29,0.08571428571428572,4.414285714285715,0.0,No
PRV56595,56,15760,281.42857142857144,0.19642857142857142,0.0,46,42,0.0,4.964285714285714,0.0,No
PRV56596,18,4140,230.0,1.5,0.0,18,16,0.0,4.722222222222222,0.0,No
PRV56597,191,52120,272.87958115183244,1.4659685863874345,0.0,110,1,0.16230366492146597,4.994764397905759,0.0,No
PRV56598,280,87080,311.0,1.3178571428571428,0.0,194,42,0.125,4.642857142857143,0.0,No
PRV56601,33,11510,348.7878787878788,3.303030303030303,9.0,31,10,0.12121212121212122,4.212121212121212,0.030303030303030304,No
PRV56602,145,55810,384.8965517241379,1.9586206896551723,0.0,49,22,0.13793103448275862,4.882758620689655,0.0,No
PRV56604,29,9780,337.2413793103448,0.4827586206896552,0.0,27,18,0.06896551724137931,4.0344827586206895,0.0,No
PRV56605,108,51240,474.44444444444446,0.9722222222222222,2.75,33,3,0.1388888888888889,4.212962962962963,0.037037037037037035,Yes
PRV56606,64,94550,1477.34375,1.875,8.777777777777779,26,19,0.078125,4.828125,0.140625,No
PRV56607,72,48820,678.0555555555555,1.7777777777777777,9.25,46,6,0.041666666666666664,4.888888888888889,0.05555555555555555,No
PRV56608,856,235250,274.8247663551402,1.5408878504672898,0.0,421,48,0.054906542056074766,4.531542056074766,0.0,Yes
PRV56610,30,76590,2553.0,3.0,4.166666666666667,28,18,0.23333333333333334,4.433333333333334,0.4,No
PRV56611,123,26970,219.26829268292684,0.926829268292683,0.0,59,19,0.16260162601626016,3.6910569105691056,0.0,No
PRV56613,304,81390,267.73026315789474,1.4210526315789473,0.0,128,12,0.14802631578947367,4.690789473684211,0.0,No
PRV56614,26,126100,4850.0,4.461538461538462,6.8,25,14,0.038461538461538464,5.538461538461538,0.5769230769230769,No
PRV56615,129,64650,501.16279069767444,1.062015503875969,6.666666666666667,98,32,0.09302325581395349,4.612403100775194,0.023255813953488372,No
PRV56616,176,38150,216.76136363636363,1.1818181818181819,0.0,138,4,0.005681818181818182,4.579545454545454,0.0,Yes
PRV56618,135,32210,238.59259259259258,0.9111111111111111,0.0,98,9,0.2,4.348148148148148,0.0,No
PRV56621,91,31940,350.989010989011,1.978021978021978,0.0,81,63,0.01098901098901099,4.857142857142857,0.0,No
PRV56622,26,8930,343.46153846153845,2.3461538461538463,0.0,21,18,0.11538461538461539,4.1923076923076925,0.0,No
PRV56624,22,187460,8520.90909090909,3.590909090909091,11.285714285714286,21,17,0.0,4.909090909090909,0.3181818181818182,Yes
PRV56625,36,10020,278.3333333333333,1.1666666666666667,0.0,32,25,0.16666666666666666,3.6944444444444446,0.0,No
PRV56626,94,65670,698.6170212765958,1.7234042553191489,4.5,67,25,0.09574468085106383,4.872340425531915,0.0425531914893617,No
PRV56628,101,110420,1093.2673267326732,1.5643564356435644,7.0,85,40,0.10891089108910891,4.623762376237623,0.0891089108910891,No
PRV56630,159,597230,3756.1635220125786,2.6163522012578615,4.571428571428571,116,44,0.2830188679245283,4.9245283018867925,0.39622641509433965,Yes
PRV56632,73,64920,889.3150684931506,1.0684931506849316,4.285714285714286,22,2,0.1917808219178082,5.2465753424657535,0.0958904109589041,No
PRV56634,206,55830,271.0194174757282,1.0776699029126213,0.0,123,4,0.18446601941747573,4.747572815533981,0.0,No
PRV56635,10,2270,227.0,2.0,0.0,10,9,0.0,5.5,0.0,No
PRV56637,161,40250,250.0,1.8322981366459627,0.0,137,65,0.07453416149068323,4.527950310559007,0.0,No
PRV56638,26,7230,278.0769230769231,0.7307692307692307,0.0,24,21,0.11538461538461539,5.115384615384615,0.0,No
PRV56639,96,46400,483.3333333333333,2.2916666666666665,0.0,39,2,0.14583333333333334,4.645833333333333,0.0,No
PRV56640,23,7320,318.2608695652174,1.0434782608695652,0.0,23,14,0.0,4.6521739130434785,0.0,No
PRV56642,141,45430,322.1985815602837,1.24822695035461,0.0,103,1,0.19148936170212766,4.50354609929078,0.0,No
PRV56643,24,72690,3028.75,2.8333333333333335,6.0,22,16,0.041666666666666664,4.5,0.3333333333333333,No
PRV56645,64,22720,355.0,1.78125,0.0,52,39,0.046875,4.5625,0.0,No
PRV56647,183,1288910,7043.224043715847,4.344262295081967,6.223140495867769,157,57,0.03825136612021858,5.300546448087432,0.6612021857923497,Yes
PRV56648,49,14940,304.8979591836735,1.7142857142857142,0.0,48,23,0.08163265306122448,4.020408163265306,0.0,No
PRV56649,266,192350,723.1203007518797,1.906015037593985,5.428571428571429,123,9,0.07142857142857142,4.402255639097745,0.02631578947368421,Yes
PRV56651,71,18630,262.3943661971831,0.16901408450704225,0.0,38,13,0.09859154929577464,4.492957746478873,0.0,No
PRV56653,72,21060,292.5,1.4583333333333333,0.0,39,3,0.125,4.888888888888889,0.0,No
PRV56654,49,17620,359.59183673469386,0.6326530612244898,0.0,34,1,0.24489795918367346,4.3061224489795915,0.0,No
PRV56655,251,69380,276.41434262948206,1.6414342629482073,0.0,104,30,0.13545816733067728,4.6892430278884465,0.0,No
PRV56656,42,14060,334.76190476190476,2.0476190476190474,0.0,29,1,0.19047619047619047,4.0476190476190474,0.0,No
PRV56657,20,5200,260.0,1.85,0.0,18,13,0.1,5.3,0.0,No
PRV56658,70,35160,502.2857142857143,1.0285714285714285,16.0,69,38,0.02857142857142857,4.542857142857143,0.014285714285714285,No
PRV56659,141,34550,245.03546099290782,1.7163120567375887,3.5,66,3,0.0,4.056737588652482,0.014184397163120567,No
PRV56662,9,15290,1698.888888888889,2.4444444444444446,1.6666666666666667,7,3,0.0,5.0,0.3333333333333333,No
PRV56663,251,159640,636.01593625498,1.5418326693227091,5.923076923076923,133,29,0.13147410358565736,4.179282868525896,0.05179282868525897,No
PRV56664,15,59600,3973.3333333333335,2.066666666666667,8.0,11,3,0.06666666666666667,4.866666666666666,0.06666666666666667,No
PRV56667,32,6300,196.875,0.4375,0.0,28,12,0.03125,4.25,0.0,No
PRV56668,73,623470,8540.684931506848,4.561643835616438,6.384615384615385,65,18,0.0,5.616438356164384,0.7123287671232876,Yes
PRV56669,40,283610,7090.25,5.4,6.275862068965517,32,9,0.425,4.825,0.725,Yes
PRV56671,43,35340,821.8604651162791,1.5116279069767442,5.666666666666667,30,22,0.09302325581395349,4.72093023255814,0.06976744186046512,No
PRV56672,161,40980,254.53416149068323,1.7577639751552796,0.0,70,20,0.13043478260869565,4.093167701863354,0.0,No
PRV56674,46,15860,344.7826086956522,1.891304347826087,0.0,21,9,0.10869565217391304,4.5,0.0,No
PRV56675,323,98690,305.54179566563465,1.6904024767801857,0.0,172,14,0.10526315789473684,4.585139318885449,0.0,No
PRV56679,25,4170,166.8,0.68,0.0,19,6,0.12,3.64,0.0,No
PRV56680,33,64400,1951.5151515151515,2.0303030303030303,5.625,32,18,0.15151515151515152,4.212121212121212,0.24242424242424243,No
PRV56682,19,16410,863.6842105263158,1.6842105263157894,3.6666666666666665,19,9,0.10526315789473684,4.578947368421052,0.15789473684210525,No
PRV56683,167,54880,328.622754491018,1.215568862275449,0.0,143,13,0.1377245508982036,4.275449101796407,0.0,No
PRV56684,92,172070,1870.3260869565217,1.7173913043478262,4.75,88,60,0.021739130434782608,4.836956521739131,0.17391304347826086,No
PRV56685,405,435290,1074.79012345679,1.874074074074074,5.9714285714285715,121,24,0.09876543209876543,4.930864197530864,0.08641975308641975,Yes
PRV56686,20,143000,7150.0,4.1,5.4,18,10,0.1,5.65,0.75,No
PRV56687,9,4120,457.77777777777777,0.0,0.0,7,5,0.3333333333333333,3.3333333333333335,0.0,No
PRV56688,37,7860,212.43243243243242,2.081081081081081,0.0,19,14,0.16216216216216217,3.7567567567567566,0.0,No
PRV56689,1794,505530,281.7892976588629,1.4319955406911928,0.0,796,16,0.16443701226309923,4.513935340022297,0.0,Yes
PRV56693,373,91230,244.58445040214477,1.0402144772117963,0.0,302,23,0.15281501340482573,4.549597855227882,0.0,No
PRV56694,8,3950,493.75,7.0,0.0,8,8,0.0,5.625,0.0,No
PRV56696,34,69220,2035.8823529411766,1.2058823529411764,5.142857142857143,33,25,0.08823529411764706,4.411764705882353,0.20588235294117646,No
PRV56697,78,21570,276.53846153846155,0.8205128205128205,0.0,36,11,0.11538461538461539,4.6923076923076925,0.0,No
PRV56701,23,36680,1594.7826086956522,1.3043478260869565,7.0,22,16,0.17391304347826086,4.217391304347826,0.17391304347826086,No
PRV56702,224,47350,211.38392857142858,1.4285714285714286,0.0,82,35,0.09821428571428571,5.125,0.0,No
PRV56703,48,186070,3876.4583333333335,3.5416666666666665,6.714285714285714,46,24,0.10416666666666667,4.270833333333333,0.4375,No
PRV56705,16,61120,3820.0,1.9375,7.75,16,13,0.0625,4.0625,0.25,No
PRV56706,347,346360,998.1556195965418,2.1412103746397695,5.161290322580645,144,17,0.069164265129683,4.8645533141210375,0.0893371757925072,Yes
PRV56707,18,2860,158.88888888888889,0.0,0.0,6,2,0.2222222222222222,2.611111111111111,0.0,No
PRV56710,67,64690,965.5223880597015,0.835820895522388,3.1,53,21,0.13432835820895522,4.597014925373134,0.14925373134328357,No
PRV56711,63,107950,1713.4920634920634,2.507936507936508,7.5,39,14,0.19047619047619047,4.825396825396825,0.12698412698412698,Yes
PRV56713,173,499920,2889.7109826589594,2.1502890173410405,4.763636363636364,141,41,0.14450867052023122,4.797687861271676,0.3179190751445087,No
PRV56715,13,18670,1436.1538461538462,2.5384615384615383,11.0,13,9,0.07692307692307693,5.769230769230769,0.23076923076923078,No
PRV56716,124,47360,381.93548387096774,1.75,0.0,65,13,0.1693548387096774,4.669354838709677,0.0,No
PRV56717,8,11400,1425.0,1.25,10.0,7,8,0.0,6.125,0.125,No
PRV56718,142,32620,229.71830985915494,1.119718309859155,0.0,77,11,0.08450704225352113,4.901408450704225,0.0,No
PRV56719,67,123600,1844.7761194029852,2.8507462686567164,6.1,57,51,0.029850746268656716,4.358208955223881,0.14925373134328357,Yes
PRV56720,12,18750,1562.5,2.25,3.5,12,8,0.16666666666666666,4.75,0.16666666666666666,No
PRV56721,202,60120,297.6237623762376,1.0445544554455446,0.0,182,7,0.0594059405940594,4.391089108910891,0.0,No
PRV56722,25,24770,990.8,3.04,7.0,25,16,0.12,4.6,0.08,No
PRV56723,18,2830,157.22222222222223,0.5,0.0,11,4,0.16666666666666666,2.888888888888889,0.0,No
PRV56724,26,85860,3302.3076923076924,1.9230769230769231,8.166666666666666,26,18,0.0,4.769230769230769,0.23076923076923078,No
PRV56725,291,99310,341.27147766323026,1.0756013745704467,0.0,132,14,0.15463917525773196,4.353951890034364,0.0,No
PRV56726,16,72440,4527.5,1.5,2.3333333333333335,16,15,0.0625,4.125,0.1875,No
PRV56728,42,10640,253.33333333333334,1.0952380952380953,0.0,17,11,0.09523809523809523,4.0,0.0,No
PRV56729,219,70080,320.0,1.6757990867579908,0.0,179,44,0.1187214611872146,4.497716894977169,0.0,No
PRV56730,54,303950,5628.7037037037035,3.685185185185185,5.565217391304348,51,34,0.14814814814814814,5.092592592592593,0.42592592592592593,Yes
PRV56731,20,109700,5485.0,3.65,13.25,20,13,0.05,4.15,0.2,Yes
PRV56732,28,172920,6175.714285714285,3.25,6.230769230769231,26,20,0.0,5.321428571428571,0.4642857142857143,Yes
PRV56733,198,123300,622.7272727272727,0.8232323232323232,4.833333333333333,89,9,0.1111111111111111,4.782828282828283,0.06060606060606061,No
PRV56734,22,109700,4986.363636363636,4.045454545454546,6.7,22,18,0.0,4.2272727272727275,0.45454545454545453,No
PRV56735,412,133630,324.34466019417476,1.6140776699029127,0.0,285,3,0.13106796116504854,4.483009708737864,0.0,No
PRV56738,512,268680,524.765625,1.5390625,5.842105263157895,300,9,0.205078125,4.935546875,0.037109375,No
PRV56740,45,8720,193.77777777777777,0.8,0.0,38,25,0.06666666666666667,3.977777777777778,0.0,No
PRV56741,25,5620,224.8,0.04,0.0,25,19,0.04,4.32,0.0,No
PRV56742,35,120750,3450.0,3.8857142857142857,6.111111111111111,32,4,0.08571428571428572,4.942857142857143,0.2571428571428571,No
PRV56743,393,126960,323.0534351145038,1.1450381679389312,0.0,328,24,0.1628498727735369,4.488549618320611,0.0,No
PRV56745,132,27460,208.03030303030303,1.1363636363636365,0.0,53,5,0.12878787878787878,5.5,0.0,No
PRV56746,43,171030,3977.4418604651164,2.6511627906976742,4.466666666666667,42,37,0.0,4.883720930232558,0.3488372093023256,No
PRV56747,16,18530,1158.125,3.0625,6.0,16,11,0.0625,5.125,0.0625,No
PRV56748,463,1415780,3057.840172786177,2.386609071274298,5.435897435897436,361,11,0.0367170626349892,4.8725701943844495,0.2526997840172786,Yes
PRV56749,28,110210,3936.0714285714284,3.1785714285714284,6.636363636363637,26,26,0.07142857142857142,4.214285714285714,0.39285714285714285,No
PRV56750,11,26350,2395.4545454545455,3.3636363636363638,10.0,11,11,0.0,4.636363636363637,0.09090909090909091,No
PRV56751,84,86410,1028.6904761904761,0.9880952380952381,4.4,51,4,0.05952380952380952,3.6904761904761907,0.05952380952380952,No
PRV56752,25,16120,644.8,1.0,2.0,24,14,0.08,3.36,0.04,No
PRV56753,24,100080,4170.0,3.0,6.0,21,15,0.041666666666666664,5.416666666666667,0.375,No
PRV56754,109,74050,679.3577981651376,1.6697247706422018,4.0,70,33,0.06422018348623854,4.73394495412844,0.08256880733944955,No
PRV56755,18,54160,3008.8888888888887,1.8888888888888888,4.666666666666667,17,13,0.0,4.0,0.16666666666666666,No
PRV56758,531,164890,310.52730696798494,1.6497175141242937,0.0,347,9,0.05649717514124294,4.323917137476459,0.0,No
PRV56759,11,28260,2569.090909090909,4.636363636363637,8.5,11,9,0.18181818181818182,5.454545454545454,0.18181818181818182,No
PRV56760,643,188300,292.84603421461895,1.5489891135303266,0.0,403,7,0.017107309486780714,4.615863141524105,0.0,No
PRV56761,117,832220,7112.991452991453,4.478632478632479,5.260869565217392,107,15,0.09401709401709402,5.487179487179487,0.7863247863247863,No
PRV56762,39,10710,274.61538461538464,0.4358974358974359,4.0,35,14,0.1282051282051282,4.435897435897436,0.02564102564102564,No
PRV56763,26,116490,4480.384615384615,4.846153846153846,9.692307692307692,25,23,0.0,5.0,0.5,No
PRV56764,201,95680,476.0199004975124,1.8606965174129353,5.8,139,41,0.04477611940298507,4.532338308457711,0.024875621890547265,No
PRV56765,22,5970,271.3636363636364,1.5454545454545454,0.0,21,18,0.0,4.090909090909091,0.0,No
PRV56766,29,24780,854.4827586206897,1.8275862068965518,3.0,27,21,0.0,3.9655172413793105,0.06896551724137931,No
PRV56767,18,51570,2865.0,2.888888888888889,3.3333333333333335,18,16,0.1111111111111111,4.555555555555555,0.3333333333333333,No
PRV56769,23,35120,1526.9565217391305,1.4782608695652173,6.5,21,21,0.0,4.3478260869565215,0.17391304347826086,No
PRV56772,70,47960,685.1428571428571,1.6285714285714286,8.4,54,34,0.1,4.914285714285715,0.07142857142857142,No
PRV56773,43,64730,1505.3488372093022,1.5813953488372092,6.285714285714286,33,9,0.11627906976744186,4.558139534883721,0.16279069767441862,No
PRV56775,18,34350,1908.3333333333333,2.888888888888889,10.666666666666666,18,14,0.0,4.611111111111111,0.16666666666666666,No
PRV56777,44,113150,2571.590909090909,2.6136363636363638,4.769230769230769,44,37,0.022727272727272728,4.659090909090909,0.29545454545454547,No
PRV56778,38,122180,3215.2631578947367,3.1315789473684212,5.6,38,32,0.07894736842105263,4.552631578947368,0.39473684210526316,No
PRV56782,288,90010,312.53472222222223,1.7534722222222223,0.0,109,18,0.1284722222222222,4.819444444444445,0.0,No
PRV56783,85,25430,299.1764705882353,1.411764705882353,0.0,69,1,0.1411764705882353,4.447058823529412,0.0,No
PRV56784,19,6920,364.2105263157895,0.05263157894736842,0.0,18,11,0.5789473684210527,4.105263157894737,0.0,No
PRV56788,177,50070,282.8813559322034,1.271186440677966,0.0,116,6,0.07344632768361582,4.451977401129944,0.0,No
PRV56789,67,63510,947.9104477611941,1.1343283582089552,4.571428571428571,49,6,0.0,4.388059701492537,0.1044776119402985,No
PRV56790,91,34990,384.5054945054945,1.2527472527472527,0.0,64,13,0.0989010989010989,4.329670329670329,0.0,No
PRV56791,233,67030,287.6824034334764,1.3562231759656653,0.0,162,6,0.11587982832618025,4.351931330472103,0.0,No
PRV56792,8,2460,307.5,0.875,0.0,8,4,0.125,5.375,0.0,No
PRV56793,31,56330,1817.0967741935483,2.3548387096774195,4.0,29,14,0.16129032258064516,4.935483870967742,0.0967741935483871,No
PRV56796,92,71490,777.0652173913044,0.7717391304347826,4.0,87,45,0.05434782608695652,4.804347826086956,0.03260869565217391,No
PRV56798,24,10100,420.8333333333333,2.375,0.0,22,16,0.16666666666666666,5.0,0.0,No
PRV56800,57,100830,1768.9473684210527,2.2280701754385963,8.285714285714286,48,16,0.08771929824561403,4.7894736842105265,0.12280701754385964,No
PRV56801,25,8210,328.4,2.76,0.0,24,11,0.16,4.2,0.0,No
PRV56802,13,185000,14230.76923076923,4.384615384615385,4.384615384615385,11,1,0.6923076923076923,5.153846153846154,1.0,No
PRV56803,795,319420,401.7861635220126,1.6666666666666667,6.625,416,130,0.07169811320754717,4.477987421383648,0.010062893081761006,No
PRV56807,91,22740,249.8901098901099,1.2637362637362637,0.0,85,2,0.12087912087912088,4.3076923076923075,0.0,No
PRV56808,62,433610,6993.709677419355,3.661290322580645,4.404255319148936,62,14,0.3870967741935484,4.483870967741935,0.7580645161290323,Yes
PRV56809,44,45270,1028.8636363636363,1.4545454545454546,4.5,41,13,0.25,4.045454545454546,0.09090909090909091,No
PRV56810,14,7890,563.5714285714286,2.857142857142857,0.0,14,7,0.14285714285714285,3.857142857142857,0.0,No
PRV56811,62,106050,1710.483870967742,1.8225806451612903,5.375,60,41,0.08064516129032258,4.612903225806452,0.12903225806451613,No
PRV56813,106,33940,320.188679245283,1.4245283018867925,0.0,83,14,0.0660377358490566,4.3584905660377355,0.0,No
PRV56816,15,7040,469.3333333333333,1.4,0.0,15,13,0.13333333333333333,3.8666666666666667,0.0,No
PRV56818,20,45540,2277.0,1.15,4.75,17,15,0.3,3.7,0.2,No
PRV56819,25,220900,8836.0,6.44,6.708333333333333,23,3,0.52,5.12,0.96,No
PRV56821,12,3160,263.3333333333333,1.6666666666666667,0.0,11,12,0.0,3.8333333333333335,0.0,No
PRV56823,18,6320,351.1111111111111,2.2222222222222223,0.0,15,8,0.1111111111111111,4.888888888888889,0.0,No
PRV56824,136,47540,349.55882352941177,1.4264705882352942,0.0,125,2,0.14705882352941177,4.669117647058823,0.0,No
PRV56826,24,20870,869.5833333333334,1.7083333333333333,3.75,24,15,0.125,4.666666666666667,0.16666666666666666,No
PRV56828,142,40510,285.28169014084506,1.204225352112676,0.0,131,21,0.15492957746478872,4.345070422535211,0.0,No
PRV56829,193,56270,291.55440414507774,2.0,0.0,95,2,0.22279792746113988,4.419689119170984,0.0,No
PRV56832,11,7520,683.6363636363636,0.0,0.0,11,5,0.09090909090909091,3.6363636363636362,0.0,No
PRV56833,8,710,88.75,0.0,0.0,7,5,0.125,4.5,0.0,No
PRV56834,16,6850,428.125,0.1875,2.0,6,7,0.125,4.6875,0.0625,No
PRV56835,103,24640,239.2233009708738,0.6407766990291263,0.0,52,6,0.11650485436893204,4.631067961165049,0.0,No
PRV56837,42,17170,408.8095238095238,3.238095238095238,0.0,27,3,0.14285714285714285,3.642857142857143,0.0,No
PRV56839,12,17870,1489.1666666666667,2.8333333333333335,3.0,12,10,0.08333333333333333,4.0,0.16666666666666666,No
PRV56840,89,19090,214.4943820224719,1.3595505617977528,0.0,33,10,0.16853932584269662,4.348314606741573,0.0,No
PRV56845,9,600,66.66666666666667,0.0,0.0,9,5,0.1111111111111111,5.666666666666667,0.0,No
PRV56846,21,7020,334.2857142857143,0.047619047619047616,0.0,9,5,0.09523809523809523,2.9523809523809526,0.0,No
PRV56850,17,4650,273.52941176470586,1.1764705882352942,0.0,6,4,0.11764705882352941,4.882352941176471,0.0,No
PRV56851,20,7380,369.0,0.8,0.0,7,5,0.3,6.1,0.0,No
PRV56852,20,1960,98.0,0.0,0.0,9,5,0.35,1.85,0.0,No
PRV56853,27,5340,197.77777777777777,2.3703703703703702,0.0,6,3,0.18518518518518517,4.481481481481482,0.0,No
PRV56856,90,23670,263.0,0.6666666666666666,0.0,31,17,0.1,4.844444444444444,0.0,No
PRV56857,46,16480,358.2608695652174,0.7608695652173914,0.0,20,1,0.0,5.021739130434782,0.0,No
PRV56858,40,7870,196.75,1.5,0.0,23,6,0.175,4.675,0.0,No
PRV56861,31,5560,179.3548387096774,1.1935483870967742,0.0,22,7,0.06451612903225806,4.096774193548387,0.0,No
PRV56862,14,2990,213.57142857142858,0.5,0.0,8,1,0.07142857142857142,5.5,0.0,No
PRV56863,52,14070,270.5769230769231,0.6346153846153846,0.0,29,4,0.1346153846153846,4.038461538461538,0.0,No
PRV56864,24,3800,158.33333333333334,2.5,0.0,12,5,0.08333333333333333,5.166666666666667,0.0,No
PRV56866,68,27180,399.70588235294116,2.9558823529411766,0.0,23,7,0.14705882352941177,4.720588235294118,0.0,No
PRV56867,9,3430,381.1111111111111,2.2222222222222223,0.0,8,1,0.2222222222222222,5.333333333333333,0.0,No
PRV56868,18,7590,421.6666666666667,1.2222222222222223,0.0,7,6,0.2777777777777778,4.222222222222222,0.0,No
PRV56869,36,11220,311.6666666666667,0.9166666666666666,0.0,24,2,0.16666666666666666,5.0,0.0,No
PRV56870,13,119000,9153.846153846154,4.538461538461538,4.538461538461538,13,3,0.07692307692307693,5.0,1.0,No
PRV56871,11,4350,395.45454545454544,1.8181818181818181,0.0,11,3,0.2727272727272727,4.454545454545454,0.0,No
PRV56877,44,170410,3872.9545454545455,2.8636363636363638,5.6,34,17,0.18181818181818182,4.340909090909091,0.3409090909090909,Yes
PRV56878,26,6660,256.15384615384613,0.038461538461538464,0.0,8,1,0.07692307692307693,4.0,0.0,No
PRV56881,78,17200,220.51282051282053,1.8205128205128205,0.0,31,5,0.08974358974358974,4.653846153846154,0.0,No
PRV56882,21,4050,192.85714285714286,1.9047619047619047,0.0,10,4,0.19047619047619047,3.0952380952380953,0.0,No
PRV56884,8,1440,180.0,1.0,0.0,8,5,0.125,5.625,0.0,No
PRV56885,10,66050,6605.0,5.0,5.555555555555555,6,3,0.4,5.9,0.9,No
PRV56886,11,1360,123.63636363636364,2.6363636363636362,0.0,3,5,0.0,6.7272727272727275,0.0,No
PRV56887,36,9120,253.33333333333334,0.6111111111111112,0.0,11,4,0.2222222222222222,3.111111111111111,0.0,No
PRV56888,10,6050,605.0,0.2,0.0,10,7,0.2,4.5,0.0,No
PRV56889,50,126550,2531.0,1.08,9.2,29,12,0.18,4.72,0.1,No
PRV56890,12,4270,355.8333333333333,0.9166666666666666,0.0,5,1,0.0,3.9166666666666665,0.0,No
PRV56892,13,3180,244.6153846153846,0.38461538461538464,0.0,5,1,0.0,3.769230769230769,0.0,No
PRV56894,26,4360,167.69230769230768,1.9615384615384615,0.0,23,6,0.15384615384615385,3.769230769230769,0.0,No
PRV56895,14,145000,10357.142857142857,7.357142857142857,7.846153846153846,14,7,0.21428571428571427,5.5,0.9285714285714286,No
PRV56897,8,62000,7750.0,5.25,5.25,8,5,0.375,5.75,1.0,No
PRV56901,66,10190,154.3939393939394,0.8333333333333334,0.0,48,6,0.24242424242424243,4.393939393939394,0.0,No
PRV56905,15,6080,405.3333333333333,4.666666666666667,0.0,13,9,0.13333333333333333,5.533333333333333,0.0,No
PRV56907,15,5820,388.0,1.3333333333333333,0.0,15,1,0.13333333333333333,3.8,0.0,No
PRV56916,11,113700,10336.363636363636,4.2727272727272725,4.2727272727272725,10,3,0.18181818181818182,6.545454545454546,1.0,No
PRV56917,8,14880,1860.0,0.875,3.5,7,7,0.375,5.25,0.25,No
PRV56923,41,6030,147.0731707317073,0.975609756097561,0.0,27,1,0.17073170731707318,3.8780487804878048,0.0,No
PRV56928,32,6530,204.0625,1.0,0.0,28,2,0.1875,5.09375,0.0,No
PRV56929,45,7670,170.44444444444446,1.8444444444444446,0.0,32,2,0.2,4.844444444444444,0.0,No
PRV56930,24,6680,278.3333333333333,1.6666666666666667,0.0,19,2,0.20833333333333334,3.9166666666666665,0.0,No
PRV56931,21,6610,314.76190476190476,1.0952380952380953,0.0,17,2,0.09523809523809523,3.8095238095238093,0.0,No
PRV56932,9,810,90.0,2.2222222222222223,0.0,8,2,0.1111111111111111,5.0,0.0,No
PRV56933,12,4660,388.3333333333333,3.25,0.0,12,2,0.16666666666666666,4.0,0.0,No
PRV56935,24,13190,549.5833333333334,1.25,0.0,15,1,0.25,4.208333333333333,0.0,No
PRV56938,22,3840,174.54545454545453,2.5,0.0,21,4,0.18181818181818182,4.181818181818182,0.0,No
PRV56939,16,5080,317.5,1.0,0.0,15,4,0.375,4.625,0.0,No
PRV56941,21,4280,203.8095238095238,2.857142857142857,0.0,20,1,0.19047619047619047,4.0,0.0,No
PRV56942,24,6960,290.0,0.9583333333333334,0.0,23,6,0.16666666666666666,5.083333333333333,0.0,No
PRV56945,57,21400,375.43859649122805,2.0,0.0,41,2,0.17543859649122806,4.368421052631579,0.0,No
PRV56949,104,31960,307.3076923076923,1.5673076923076923,0.0,43,2,0.16346153846153846,4.509615384615385,0.0,No
PRV56951,19,5170,272.10526315789474,2.526315789473684,0.0,8,3,0.05263157894736842,5.684210526315789,0.0,No
PRV56953,20,2870,143.5,1.55,0.0,19,3,0.2,4.2,0.0,No
PRV56954,20,2910,145.5,2.05,0.0,19,3,0.3,4.65,0.0,No
PRV56957,138,44400,321.7391304347826,1.1884057971014492,0.0,108,1,0.16666666666666666,4.340579710144928,0.0,No
PRV56958,13,4980,383.0769230769231,3.076923076923077,0.0,12,2,0.3076923076923077,4.461538461538462,0.0,No
PRV56960,8,2540,317.5,0.0,0.0,8,3,0.375,4.75,0.0,No
PRV56967,91,25440,279.56043956043953,1.4945054945054945,0.0,79,4,0.08791208791208792,4.285714285714286,0.0,No
PRV56972,48,23760,495.0,1.5416666666666667,0.0,45,2,0.16666666666666666,4.458333333333333,0.0,No
PRV56973,17,5220,307.05882352941177,0.0,0.0,17,2,0.11764705882352941,3.8823529411764706,0.0,No
PRV56977,8,1040,130.0,0.875,0.0,8,2,0.125,6.125,0.0,No
PRV56978,120,24030,200.25,1.3833333333333333,0.0,97,1,0.13333333333333333,4.291666666666667,0.0,No
PRV56980,17,3070,180.58823529411765,1.1764705882352942,0.0,17,3,0.17647058823529413,4.352941176470588,0.0,No
PRV56982,24,9470,394.5833333333333,1.6666666666666667,0.0,21,2,0.041666666666666664,4.125,0.0,No
PRV56985,17,1940,114.11764705882354,0.058823529411764705,0.0,17,3,0.29411764705882354,4.0588235294117645,0.0,No
PRV56990,55,8320,151.27272727272728,1.8,0.0,11,1,0.12727272727272726,4.672727272727273,0.0,No
PRV56991,15,6640,442.6666666666667,1.2,0.0,15,4,0.26666666666666666,4.866666666666666,0.0,No
PRV56993,24,5400,225.0,2.75,0.0,24,3,0.125,5.041666666666667,0.0,No
PRV56995,10,4330,433.0,2.0,0.0,10,1,0.1,5.5,0.0,No
PRV56996,11,2040,185.45454545454547,3.090909090909091,0.0,11,2,0.18181818181818182,5.363636363636363,0.0,No
PRV56997,25,2180,87.2,0.2,0.0,24,3,0.28,4.12,0.0,No
PRV56999,8,2350,293.75,0.0,0.0,8,2,0.0,4.75,0.0,No
PRV57000,61,18910,310.0,2.180327868852459,0.0,55,2,0.21311475409836064,4.672131147540983,0.0,No
PRV57002,50,10450,209.0,0.84,0.0,49,2,0.12,4.3,0.0,No
PRV57004,123,33440,271.869918699187,1.5772357723577235,0.0,93,5,0.0975609756097561,4.699186991869919,0.0,No
PRV57006,105,40560,386.2857142857143,2.0,0.0,61,2,0.2571428571428571,4.780952380952381,0.0,No
PRV57010,57,24130,423.3333333333333,1.4736842105263157,0.0,56,2,0.22807017543859648,4.4035087719298245,0.0,No
PRV57011,17,3760,221.1764705882353,0.0,0.0,16,2,0.35294117647058826,4.588235294117647,0.0,No
PRV57013,41,15650,381.7073170731707,1.2926829268292683,0.0,31,3,0.24390243902439024,4.804878048780488,0.0,No
PRV57014,76,17170,225.92105263157896,1.6710526315789473,0.0,46,2,0.19736842105263158,4.7631578947368425,0.0,No
PRV57015,44,22930,521.1363636363636,1.1818181818181819,0.0,39,2,0.13636363636363635,4.454545454545454,0.0,No
PRV57016,16,197600,12350.0,7.625,7.625,15,1,0.625,6.1875,1.0,No
PRV57017,23,266100,11569.565217391304,5.3478260869565215,5.3478260869565215,21,2,0.6086956521739131,5.565217391304348,1.0,Yes
PRV57018,33,332690,10081.515151515152,4.151515151515151,5.458333333333333,31,3,0.2727272727272727,5.424242424242424,0.7272727272727273,Yes
PRV57021,14,137000,9785.714285714286,6.428571428571429,6.428571428571429,12,1,0.0,5.928571428571429,1.0,Yes
PRV57023,15,173000,11533.333333333334,5.933333333333334,5.933333333333334,15,1,0.4666666666666667,5.2,1.0,No
PRV57024,9,132700,14744.444444444445,7.0,7.0,9,1,0.7777777777777778,4.0,1.0,No
PRV57025,49,144640,2951.8367346938776,3.183673469387755,5.705882352941177,45,7,0.04081632653061224,4.795918367346939,0.3469387755102041,Yes
PRV57030,57,204810,3593.157894736842,2.473684210526316,5.375,53,3,0.24561403508771928,4.491228070175438,0.2807017543859649,Yes
PRV57031,152,203600,1339.4736842105262,1.986842105263158,3.2666666666666666,145,9,0.14473684210526316,4.565789473684211,0.09868421052631579,No
PRV57033,53,217330,4100.566037735849,2.7358490566037736,7.235294117647059,49,5,0.2641509433962264,4.811320754716981,0.32075471698113206,No
PRV57034,64,196130,3064.53125,1.953125,4.809523809523809,63,5,0.140625,4.8125,0.328125,No
PRV57036,20,8700,435.0,1.75,0.0,20,4,0.0,4.6,0.0,No
PRV57038,33,6310,191.21212121212122,2.0303030303030303,0.0,33,2,0.030303030303030304,4.454545454545454,0.0,No
PRV57041,26,5170,198.84615384615384,1.2307692307692308,0.0,21,2,0.23076923076923078,3.576923076923077,0.0,No
PRV57046,97,28790,296.8041237113402,1.6494845360824741,0.0,56,7,0.20618556701030927,3.9278350515463916,0.0,No
PRV57047,16,4130,258.125,2.5,0.0,16,1,0.125,4.0625,0.0,No
PRV57049,22,266560,12116.363636363636,4.318181818181818,4.888888888888889,22,3,0.09090909090909091,5.136363636363637,0.8181818181818182,Yes
PRV57052,13,7720,593.8461538461538,3.0,0.0,13,2,0.0,5.076923076923077,0.0,No
PRV57053,23,11400,495.6521739130435,3.782608695652174,0.0,16,1,0.34782608695652173,3.260869565217391,0.0,No
PRV57054,27,5190,192.22222222222223,0.48148148148148145,0.0,18,6,0.1111111111111111,5.148148148148148,0.0,No
PRV57056,10,1250,125.0,0.0,0.0,10,1,0.1,4.7,0.0,No
PRV57057,26,10560,406.15384615384613,1.5384615384615385,0.0,10,3,0.15384615384615385,3.3461538461538463,0.0,No
PRV57058,29,10520,362.7586206896552,2.7586206896551726,0.0,8,2,0.3793103448275862,6.0,0.0,No
PRV57059,9,4250,472.22222222222223,0.0,0.0,9,1,0.2222222222222222,5.666666666666667,0.0,No
PRV57062,58,16020,276.2068965517241,0.5,0.0,42,4,0.22413793103448276,4.810344827586207,0.0,No
PRV57067,18,3050,169.44444444444446,1.0,0.0,13,3,0.1111111111111111,4.777777777777778,0.0,No
PRV57073,10,108000,10800.0,5.7,5.7,9,1,0.5,6.2,1.0,No
PRV57078,10,75000,7500.0,6.2,6.2,9,1,0.4,4.4,1.0,No
PRV57081,37,414000,11189.18918918919,7.72972972972973,7.72972972972973,34,4,0.10810810810810811,5.756756756756757,1.0,No
PRV57084,8,62040,7755.0,4.75,5.428571428571429,8,1,0.625,5.0,0.875,No
PRV57088,10,50590,5059.0,6.8,11.333333333333334,10,3,0.4,6.1,0.6,No
PRV57096,11,160000,14545.454545454546,5.909090909090909,5.909090909090909,11,1,0.5454545454545454,4.909090909090909,1.0,Yes
PRV57098,49,490000,10000.0,6.224489795918367,6.224489795918367,47,4,0.16326530612244897,5.142857142857143,1.0,No
PRV57099,14,6440,460.0,2.5714285714285716,0.0,13,9,0.14285714285714285,5.071428571428571,0.0,No
PRV57100,25,7580,303.2,1.36,0.0,18,7,0.04,3.32,0.0,No
PRV57101,263,369680,1405.6273764258556,2.55893536121673,7.5,211,141,0.06463878326996197,4.1216730038022815,0.11406844106463879,No
PRV57102,16,63450,3965.625,2.375,9.0,16,13,0.125,4.9375,0.25,No
PRV57103,2049,892770,435.71010248901905,1.3265007320644218,4.172413793103448,804,167,0.11322596388482187,4.280624694973158,0.014153245485602733,Yes
PRV57104,135,161630,1197.2592592592594,1.0740740740740742,7.9,61,14,0.17777777777777778,4.481481481481482,0.07407407407407407,Yes
PRV57107,13,5410,416.15384615384613,0.0,0.0,12,10,0.07692307692307693,4.153846153846154,0.0,No
PRV57108,49,73170,1493.265306122449,2.63265306122449,4.0,45,22,0.14285714285714285,4.469387755102041,0.10204081632653061,No
PRV57109,86,86790,1009.1860465116279,1.930232558139535,4.333333333333333,78,44,0.08139534883720931,4.046511627906977,0.06976744186046512,No
PRV57110,19,16830,885.7894736842105,1.736842105263158,11.0,19,15,0.10526315789473684,4.7368421052631575,0.05263157894736842,No
PRV57112,160,286220,1788.875,1.88125,6.3,134,8,0.16875,4.21875,0.1875,No
PRV57115,12,14050,1170.8333333333333,5.25,2.0,12,8,0.16666666666666666,4.25,0.08333333333333333,No
PRV57117,190,552370,2907.2105263157896,2.957894736842105,5.835820895522388,140,20,0.11052631578947368,4.463157894736842,0.3526315789473684,Yes
PRV57118,13,2480,190.76923076923077,0.6923076923076923,0.0,10,8,0.0,4.846153846153846,0.0,No
PRV57120,48,187050,3896.875,2.3958333333333335,4.153846153846154,46,39,0.0625,4.416666666666667,0.2708333333333333,No
PRV57121,38,35470,933.421052631579,3.8684210526315788,9.0,16,7,0.07894736842105263,5.526315789473684,0.07894736842105263,No
PRV57122,14,10140,724.2857142857143,0.2857142857142857,3.0,13,9,0.35714285714285715,4.142857142857143,0.07142857142857142,No
PRV57124,58,106940,1843.7931034482758,2.0172413793103448,7.666666666666667,55,37,0.06896551724137931,4.775862068965517,0.15517241379310345,No
PRV57125,370,95950,259.3243243243243,0.9486486486486486,0.0,154,24,0.08378378378378379,4.013513513513513,0.0,No
PRV57126,43,82620,1921.3953488372092,1.4651162790697674,4.3,42,35,0.023255813953488372,3.255813953488372,0.23255813953488372,No
PRV57127,22,81530,3705.909090909091,2.409090909090909,4.125,22,20,0.2727272727272727,5.090909090909091,0.36363636363636365,No
PRV57128,60,20130,335.5,1.7666666666666666,0.0,56,11,0.21666666666666667,3.8833333333333333,0.0,No
PRV57129,282,397490,1409.5390070921985,1.2943262411347518,5.5625,244,104,0.06028368794326241,4.6879432624113475,0.11347517730496454,No
PRV57132,9,3940,437.77777777777777,0.7777777777777778,0.0,4,2,0.2222222222222222,3.888888888888889,0.0,No
PRV57133,14,1650,117.85714285714286,1.2857142857142858,0.0,4,7,0.07142857142857142,3.5714285714285716,0.0,No
PRV57134,16,2870,179.375,1.125,0.0,15,12,0.0625,4.4375,0.0,No
PRV57136,43,8240,191.62790697674419,1.9069767441860466,0.0,26,3,0.16279069767441862,5.441860465116279,0.0,No
PRV57137,43,9990,232.32558139534885,0.4883720930232558,0.0,21,6,0.11627906976744186,4.4186046511627906,0.0,No
PRV57139,16,5750,359.375,0.8125,0.0,13,5,0.25,2.875,0.0,No
PRV57141,17,175530,10325.29411764706,6.235294117647059,7.066666666666666,14,1,0.7058823529411765,5.0,0.8823529411764706,No
PRV57142,12,6770,564.1666666666666,1.75,0.0,7,3,0.25,2.9166666666666665,0.0,No
PRV57144,8,70000,8750.0,6.125,6.125,8,3,0.25,4.0,1.0,No
PRV57146,9,103000,11444.444444444445,5.222222222222222,5.222222222222222,9,3,0.2222222222222222,4.666666666666667,1.0,No
PRV57147,12,4160,346.6666666666667,0.0,0.0,12,3,0.0,5.083333333333333,0.0,No
PRV57148,83,200830,2419.6385542168673,1.4457831325301205,3.466666666666667,66,37,0.0963855421686747,5.192771084337349,0.18072289156626506,No
PRV57149,143,27390,191.53846153846155,1.2307692307692308,0.0,129,46,0.13286713286713286,3.8461538461538463,0.0,No
PRV57150,166,37160,223.85542168674698,1.2951807228915662,0.0,123,73,0.0,4.024096385542169,0.0,No
PRV57151,515,169030,328.2135922330097,1.3436893203883495,0.0,231,53,0.15922330097087378,4.483495145631068,0.0,No
PRV57152,400,102480,256.2,1.13,0.0,383,168,0.0575,4.295,0.0,No
PRV57153,94,29690,315.8510638297872,1.9042553191489362,0.0,92,38,0.0,4.648936170212766,0.0,No
PRV57154,52,14630,281.34615384615387,1.25,0.0,39,28,0.057692307692307696,4.326923076923077,0.0,No
PRV57156,215,70570,328.2325581395349,2.1627906976744184,0.0,105,30,0.11162790697674418,3.911627906976744,0.0,No
PRV57157,156,190460,1220.8974358974358,1.685897435897436,5.75,90,22,0.16666666666666666,4.1923076923076925,0.10256410256410256,No
PRV57158,271,411610,1518.8560885608856,1.96309963099631,6.033333333333333,138,10,0.15498154981549817,3.8265682656826567,0.11070110701107011,Yes
PRV57159,228,62310,273.2894736842105,1.2894736842105263,0.0,118,22,0.12280701754385964,4.162280701754386,0.0,No
PRV57160,101,36750,363.86138613861385,1.0495049504950495,0.0,97,32,0.09900990099009901,4.178217821782178,0.0,No
PRV57162,104,195680,1881.5384615384614,3.298076923076923,9.571428571428571,51,18,0.15384615384615385,3.8461538461538463,0.0673076923076923,Yes
PRV57165,37,39720,1073.5135135135135,2.027027027027027,6.333333333333333,32,25,0.08108108108108109,5.081081081081081,0.08108108108108109,No
PRV57166,151,294700,1951.6556291390727,2.013245033112583,6.344827586206897,128,78,0.10596026490066225,4.47682119205298,0.19205298013245034,Yes
PRV57167,238,65100,273.52941176470586,2.630252100840336,0.0,102,7,0.20168067226890757,4.705882352941177,0.0,Yes
PRV57168,75,37140,495.2,2.4,0.0,67,37,0.08,4.76,0.0,No
PRV57169,31,161880,5221.935483870968,3.5161290322580645,5.0588235294117645,26,12,0.0,5.0,0.5483870967741935,No
PRV57170,579,168360,290.77720207253884,1.4317789291882557,0.0,232,18,0.06044905008635579,4.552677029360967,0.0,Yes
PRV57171,191,54690,286.3350785340314,1.2303664921465969,2.6666666666666665,66,27,0.14136125654450263,5.2513089005235605,0.015706806282722512,No
PRV57172,1760,1386100,787.5568181818181,1.6863636363636363,5.863636363636363,605,104,0.055113636363636365,4.296022727272727,0.05,Yes
PRV57173,1225,1326410,1082.7836734693878,1.8293877551020408,5.770833333333333,938,305,0.10530612244897959,4.588571428571429,0.0783673469387755,Yes
PRV57174,54,95930,1776.4814814814815,1.462962962962963,3.8333333333333335,48,29,0.018518518518518517,4.62962962962963,0.2222222222222222,No
PRV57175,78,32600,417.94871794871796,1.6666666666666667,0.0,76,50,0.05128205128205128,4.4743589743589745,0.0,No
PRV57176,131,61520,469.618320610687,1.549618320610687,2.5,105,70,0.05343511450381679,4.129770992366412,0.030534351145038167,No
PRV57177,564,848370,1504.2021276595744,1.7074468085106382,5.027397260273973,257,31,0.09397163120567376,4.76595744680851,0.12943262411347517,Yes
PRV57179,206,337460,1638.1553398058252,1.529126213592233,5.961538461538462,140,75,0.038834951456310676,4.106796116504855,0.1262135922330097,Yes
PRV57181,121,31910,263.7190082644628,1.0330578512396693,0.0,48,21,0.12396694214876033,5.347107438016529,0.0,No
PRV57182,76,77000,1013.1578947368421,0.881578947368421,5.6,63,17,0.10526315789473684,4.2631578947368425,0.06578947368421052,No
PRV57183,52,13170,253.26923076923077,1.6538461538461537,0.0,45,24,0.11538461538461539,4.0,0.0,No
PRV57184,115,66960,582.2608695652174,1.4434782608695653,7.5,75,32,0.14782608695652175,5.008695652173913,0.017391304347826087,No
PRV57185,186,157400,846.236559139785,1.5483870967741935,7.142857142857143,102,21,0.11290322580645161,4.736559139784946,0.03763440860215054,Yes
PRV57186,42,11860,282.3809523809524,0.8809523809523809,0.0,36,27,0.19047619047619047,4.309523809523809,0.0,No
PRV57187,114,35010,307.10526315789474,1.719298245614035,0.0,98,71,0.14035087719298245,4.824561403508772,0.0,No
PRV57188,21,47780,2275.2380952380954,0.7619047619047619,3.2,18,18,0.09523809523809523,5.428571428571429,0.23809523809523808,No
PRV57189,256,112310,438.7109375,0.984375,11.75,127,70,0.08203125,4.3515625,0.015625,Yes
PRV57190,83,23850,287.34939759036143,1.4819277108433735,0.0,63,46,0.060240963855421686,4.0,0.0,No
PRV57191,1500,2424430,1616.2866666666666,1.9326666666666668,6.091891891891892,784,4,0.072,4.343333333333334,0.12333333333333334,Yes
PRV57192,407,138900,341.2776412776413,1.7911547911547911,0.0,185,6,0.15724815724815724,4.958230958230958,0.0,No
PRV57193,393,103520,263.40966921119593,0.8193384223918575,0.0,171,63,0.035623409669211195,4.338422391857506,0.0,No
PRV57194,30,24260,808.6666666666666,0.26666666666666666,4.0,26,19,0.06666666666666667,4.066666666666666,0.06666666666666667,No
PRV57196,68,94830,1394.5588235294117,1.8088235294117647,5.0,42,18,0.1323529411764706,4.132352941176471,0.14705882352941177,No
PRV57197,100,115540,1155.4,1.66,8.75,50,13,0.15,4.91,0.08,No
PRV57198,54,29200,540.7407407407408,0.8333333333333334,5.0,43,18,0.09259259259259259,4.407407407407407,0.05555555555555555,No
PRV57200,25,12150,486.0,1.6,0.0,24,7,0.04,3.88,0.0,No
PRV57202,165,40810,247.33333333333334,1.5818181818181818,0.0,85,31,0.048484848484848485,5.042424242424242,0.0,No
PRV57203,47,45610,970.4255319148937,0.44680851063829785,3.0,47,22,0.06382978723404255,4.531914893617022,0.0425531914893617,No
PRV57204,133,221970,1668.9473684210527,1.8721804511278195,5.0,81,26,0.13533834586466165,5.203007518796992,0.15789473684210525,Yes
PRV57205,93,135680,1458.9247311827958,1.2795698924731183,5.166666666666667,87,47,0.11827956989247312,4.483870967741935,0.12903225806451613,No
PRV57206,490,235300,480.2040816326531,1.1979591836734693,3.4285714285714284,228,70,0.11632653061224489,4.3040816326530615,0.014285714285714285,Yes
PRV57207,73,18710,256.3013698630137,0.9726027397260274,0.0,49,13,0.1506849315068493,4.36986301369863,0.0,No
PRV57208,113,224580,1987.4336283185842,2.106194690265487,5.6,109,80,0.08849557522123894,4.247787610619469,0.08849557522123894,No
PRV57209,1108,485040,437.7617328519856,1.8402527075812274,5.4,564,157,0.08212996389891697,4.4702166064981945,0.013537906137184115,Yes
PRV57210,43,137020,3186.5116279069766,2.953488372093023,10.7,35,22,0.046511627906976744,5.6976744186046515,0.23255813953488372,Yes
PRV57211,111,81930,738.1081081081081,1.4864864864864864,2.625,104,52,0.12612612612612611,4.486486486486487,0.07207207207207207,No
PRV57212,101,34670,343.26732673267327,1.693069306930693,0.0,60,18,0.1188118811881188,4.346534653465347,0.0,No
PRV57213,82,34040,415.1219512195122,1.1219512195121952,0.0,76,51,0.036585365853658534,4.121951219512195,0.0,No
PRV57215,11,48970,4451.818181818182,4.2727272727272725,5.75,9,5,0.2727272727272727,6.363636363636363,0.7272727272727273,No
PRV57216,82,106260,1295.8536585365853,2.3048780487804876,7.4,62,33,0.04878048780487805,4.817073170731708,0.12195121951219512,No
PRV57217,62,119060,1920.3225806451612,1.8064516129032258,5.333333333333333,59,41,0.1774193548387097,5.064516129032258,0.14516129032258066,No
PRV57218,413,123230,298.3777239709443,0.9878934624697336,0.0,285,3,0.13075060532687652,4.230024213075061,0.0,No
PRV57219,46,11830,257.17391304347825,0.8260869565217391,0.0,36,14,0.1956521739130435,4.173913043478261,0.0,No
PRV57223,54,280530,5195.0,3.537037037037037,4.794117647058823,49,19,0.037037037037037035,5.481481481481482,0.6296296296296297,Yes
PRV57224,214,78960,368.97196261682245,1.574766355140187,4.5,144,51,0.06542056074766354,4.47196261682243,0.009345794392523364,No
PRV57225,178,437520,2457.9775280898875,1.8258426966292134,5.574468085106383,145,86,0.06179775280898876,4.870786516853933,0.2640449438202247,No
PRV57227,52,191800,3688.4615384615386,3.8846153846153846,7.380952380952381,50,41,0.11538461538461539,4.6923076923076925,0.40384615384615385,No
PRV57228,529,379370,717.1455576559546,1.281663516068053,3.3823529411764706,337,3,0.19281663516068054,4.20226843100189,0.06427221172022685,No
PRV57230,181,299570,1655.0828729281768,2.1712707182320443,5.407407407407407,160,91,0.03867403314917127,4.486187845303867,0.14917127071823205,Yes
PRV57231,48,179300,3735.4166666666665,3.6875,7.5,42,31,0.041666666666666664,4.895833333333333,0.375,No
PRV57233,140,41920,299.42857142857144,0.9071428571428571,0.0,58,2,0.15714285714285714,5.121428571428571,0.0,No
PRV57234,24,89100,3712.5,3.2916666666666665,5.777777777777778,23,12,0.08333333333333333,5.375,0.375,No
PRV57235,15,27410,1827.3333333333333,2.2666666666666666,3.6666666666666665,13,8,0.06666666666666667,4.2,0.2,No
PRV57236,87,19170,220.3448275862069,1.0919540229885059,0.0,39,5,0.05747126436781609,4.160919540229885,0.0,No
PRV57238,45,16940,376.44444444444446,1.4,10.0,29,11,0.1111111111111111,4.133333333333334,0.022222222222222223,No
PRV57239,28,6180,220.71428571428572,0.25,0.0,19,8,0.14285714285714285,4.392857142857143,0.0,No
PRV57240,72,24790,344.30555555555554,0.7916666666666666,0.0,31,16,0.16666666666666666,3.861111111111111,0.0,No
PRV57241,59,26180,443.728813559322,3.9152542372881354,0.0,44,28,0.1694915254237288,5.033898305084746,0.0,No
PRV57242,103,31900,309.70873786407765,1.6699029126213591,0.0,44,2,0.17475728155339806,5.456310679611651,0.0,No
PRV57245,92,32790,356.4130434782609,1.9456521739130435,0.0,27,2,0.17391304347826086,4.195652173913044,0.0,No
PRV57247,11,960,87.27272727272727,0.0,0.0,9,1,0.2727272727272727,4.363636363636363,0.0,No
PRV57250,23,12760,554.7826086956521,1.3043478260869565,0.0,16,1,0.08695652173913043,5.260869565217392,0.0,No
PRV57251,15,156000,10400.0,5.066666666666666,5.066666666666666,14,1,0.4666666666666667,5.466666666666667,1.0,No
PRV57253,44,10910,247.95454545454547,0.6818181818181818,0.0,36,4,0.13636363636363635,4.340909090909091,0.0,No
PRV57255,34,6890,202.64705882352942,0.6176470588235294,0.0,23,4,0.058823529411764705,4.205882352941177,0.0,No
PRV57256,8,1890,236.25,0.0,0.0,8,1,0.0,3.125,0.0,No
PRV57257,17,4920,289.4117647058824,0.11764705882352941,0.0,11,3,0.35294117647058826,4.764705882352941,0.0,No
PRV57259,48,16450,342.7083333333333,0.4583333333333333,0.0,38,1,0.14583333333333334,4.520833333333333,0.0,No
PRV57261,10,1600,160.0,1.6,0.0,9,1,0.3,5.7,0.0,No
PRV57262,24,4160,173.33333333333334,1.5833333333333333,0.0,16,1,0.125,3.625,0.0,No
PRV57263,52,30130,579.4230769230769,3.2115384615384617,0.0,22,1,0.09615384615384616,3.5961538461538463,0.0,No
PRV57264,8,2760,345.0,0.625,0.0,6,2,0.125,4.75,0.0,No
PRV57266,34,9860,290.0,2.5294117647058822,0.0,32,2,0.23529411764705882,3.8529411764705883,0.0,No
PRV57269,37,5320,143.78378378378378,1.027027027027027,0.0,17,3,0.21621621621621623,4.027027027027027,0.0,No
PRV57270,9,1000,111.11111111111111,0.4444444444444444,0.0,9,2,0.1111111111111111,5.111111111111111,0.0,No
PRV57272,25,8770,350.8,0.44,0.0,18,2,0.2,3.96,0.0,No
PRV57273,9,1090,121.11111111111111,0.2222222222222222,0.0,6,1,0.3333333333333333,5.888888888888889,0.0,No
PRV57275,61,11330,185.7377049180328,0.39344262295081966,0.0,41,2,0.18032786885245902,4.19672131147541,0.0,No
PRV57276,13,4500,346.15384615384613,0.0,0.0,9,1,0.07692307692307693,4.153846153846154,0.0,No
PRV57282,41,8350,203.65853658536585,0.5365853658536586,0.0,25,2,0.1951219512195122,4.585365853658536,0.0,Yes
PRV57284,23,161570,7024.782608695652,4.043478260869565,4.7368421052631575,22,5,0.391304347826087,5.391304347826087,0.8260869565217391,Yes
PRV57285,8,83000,10375.0,5.125,5.125,8,1,0.75,4.625,1.0,No
PRV57287,289,80390,278.16608996539793,1.7301038062283738,0.0,107,1,0.14878892733564014,4.764705882352941,0.0,No
PRV57288,93,27650,297.31182795698925,1.8709677419354838,0.0,47,1,0.20430107526881722,5.053763440860215,0.0,No
PRV57289,10,5830,583.0,4.0,0.0,7,1,0.2,4.6,0.0,No
PRV57293,12,100000,8333.333333333334,8.75,8.75,10,1,0.4166666666666667,4.75,1.0,No
PRV57295,14,173000,12357.142857142857,5.214285714285714,5.214285714285714,13,1,0.5,5.357142857142857,1.0,Yes
PRV57297,8,53000,6625.0,5.5,5.5,8,1,0.5,5.375,1.0,Yes
PRV57301,32,42090,1315.3125,1.09375,3.75,32,16,0.15625,4.71875,0.125,No
PRV57303,105,116860,1112.952380952381,2.057142857142857,5.363636363636363,92,54,0.13333333333333333,4.038095238095238,0.10476190476190476,No
PRV57304,93,68540,736.989247311828,1.3655913978494623,10.0,32,20,0.053763440860215055,4.903225806451613,0.03225806451612903,No
PRV57305,675,175750,260.3703703703704,1.1851851851851851,0.0,343,1,0.18074074074074073,4.1466666666666665,0.0,No
PRV57306,2315,629460,271.9049676025918,1.320086393088553,0.0,1407,23,0.08250539956803456,4.170626349892008,0.0,Yes
PRV57307,38,141740,3730.0,3.6052631578947367,7.416666666666667,35,28,0.18421052631578946,4.684210526315789,0.3157894736842105,No
PRV57309,35,108260,3093.1428571428573,2.8,4.333333333333333,35,25,0.11428571428571428,4.571428571428571,0.34285714285714286,No
PRV57310,122,673420,5519.836065573771,3.0,5.2,99,51,0.08196721311475409,4.663934426229508,0.5327868852459017,Yes
PRV57311,338,85340,252.4852071005917,1.1390532544378698,0.0,158,28,0.1390532544378698,4.038461538461538,0.0,No
PRV57312,334,91320,273.41317365269464,1.9850299401197604,0.0,137,18,0.0748502994011976,4.425149700598802,0.0,Yes
PRV57313,402,101970,253.65671641791045,1.4427860696517414,0.0,328,1,0.16417910447761194,4.223880597014926,0.0,No
PRV57314,48,15270,318.125,1.25,0.0,46,30,0.16666666666666666,4.020833333333333,0.0,No
PRV57315,22,5960,270.90909090909093,1.0454545454545454,0.0,22,13,0.13636363636363635,4.454545454545454,0.0,No
PRV57316,85,384920,4528.470588235294,2.835294117647059,4.923076923076923,78,27,0.023529411764705882,5.0588235294117645,0.4588235294117647,No
PRV57317,458,926330,2022.5545851528384,1.8711790393013101,4.4523809523809526,352,28,0.043668122270742356,4.168122270742358,0.18340611353711792,Yes
PRV57318,150,44180,294.53333333333336,0.86,0.0,131,48,0.14666666666666667,4.44,0.0,No
PRV57319,279,177460,636.0573476702509,1.6129032258064515,6.0,254,97,0.12186379928315412,4.422939068100359,0.05734767025089606,No
PRV57320,38,104310,2745.0,2.9210526315789473,4.9,38,27,0.02631578947368421,4.7631578947368425,0.2631578947368421,No
PRV57321,84,181460,2160.2380952380954,1.630952380952381,4.733333333333333,60,32,0.0,4.321428571428571,0.17857142857142858,No
PRV57322,33,60790,1842.121212121212,2.9696969696969697,4.285714285714286,31,28,0.18181818181818182,4.0606060606060606,0.21212121212121213,No
PRV57324,117,213550,1825.2136752136753,2.324786324786325,5.954545454545454,112,75,0.017094017094017096,4.247863247863248,0.18803418803418803,No
PRV57325,41,11580,282.4390243902439,0.975609756097561,0.0,39,21,0.0975609756097561,3.902439024390244,0.0,No
PRV57328,38,5360,141.05263157894737,0.02631578947368421,0.0,38,29,0.0,3.6052631578947367,0.0,No
PRV57329,36,11470,318.6111111111111,1.1111111111111112,0.0,35,27,0.05555555555555555,4.666666666666667,0.0,No
PRV57330,34,75570,2222.6470588235293,4.970588235294118,4.833333333333333,28,12,0.17647058823529413,5.264705882352941,0.35294117647058826,No
PRV57331,141,217200,1540.4255319148936,2.425531914893617,4.75,128,92,0.0425531914893617,4.397163120567376,0.11347517730496454,No
PRV57332,98,22560,230.20408163265307,1.4183673469387754,0.0,89,32,0.11224489795918367,3.9183673469387754,0.0,No
PRV57333,1004,291020,289.8605577689243,1.346613545816733,0.0,723,9,0.07768924302788845,4.145418326693227,0.0,No
PRV57334,68,450080,6618.823529411765,4.720588235294118,7.487179487179487,60,32,0.11764705882352941,3.9705882352941178,0.5735294117647058,No
PRV57335,807,284670,352.75092936802974,1.5724907063197027,10.0,306,46,0.04708798017348203,4.223048327137547,0.0037174721189591076,Yes
PRV57336,135,28220,209.03703703703704,1.451851851851852,0.0,117,81,0.014814814814814815,4.237037037037037,0.0,No
PRV57339,458,105130,229.5414847161572,1.1244541484716157,0.0,187,16,0.03275109170305677,4.277292576419214,0.0,No
PRV57340,41,204360,4984.390243902439,2.1219512195121952,5.0588235294117645,39,25,0.14634146341463414,4.536585365853658,0.4146341463414634,No
PRV57341,177,816350,4612.146892655367,3.361581920903955,5.909090909090909,158,69,0.07344632768361582,4.796610169491525,0.4350282485875706,Yes
PRV57343,75,37090,494.53333333333336,3.2133333333333334,0.0,55,34,0.06666666666666667,4.226666666666667,0.0,No
PRV57344,480,428700,893.125,2.4270833333333335,5.44,189,37,0.10625,4.402083333333334,0.052083333333333336,Yes
PRV57345,88,465320,5287.727272727273,3.7954545454545454,5.395348837209302,82,34,0.045454545454545456,4.613636363636363,0.48863636363636365,Yes
PRV57346,532,150430,282.7631578947368,1.593984962406015,0.0,447,32,0.16917293233082706,4.137218045112782,0.0,No
PRV57347,145,145560,1003.8620689655172,1.5034482758620689,4.176470588235294,141,91,0.08275862068965517,4.172413793103448,0.11724137931034483,No
PRV57348,920,255770,278.0108695652174,1.367391304347826,0.0,638,6,0.14456521739130435,4.190217391304348,0.0,No
PRV57350,46,71390,1551.9565217391305,0.5434782608695652,2.7777777777777777,41,11,0.06521739130434782,4.456521739130435,0.1956521739130435,No
PRV57351,34,20180,593.5294117647059,0.8235294117647058,0.0,32,13,0.058823529411764705,4.088235294117647,0.0,No
PRV57352,44,25050,569.3181818181819,1.2272727272727273,3.0,41,18,0.1590909090909091,4.045454545454546,0.06818181818181818,No
PRV57354,22,8510,386.8181818181818,1.6818181818181819,0.0,21,11,0.18181818181818182,3.3181818181818183,0.0,No
PRV57355,34,16240,477.6470588235294,0.14705882352941177,0.0,21,5,0.14705882352941177,4.735294117647059,0.0,No
PRV57356,67,23570,351.7910447761194,3.2686567164179103,0.0,25,23,0.11940298507462686,4.08955223880597,0.0,No
PRV57357,16,114700,7168.75,4.0625,4.333333333333333,13,2,0.4375,6.125,0.9375,No
PRV57358,77,12200,158.44155844155844,0.974025974025974,0.0,32,1,0.2077922077922078,4.5064935064935066,0.0,No
PRV57359,102,34390,337.15686274509807,1.7647058823529411,0.0,67,1,0.20588235294117646,4.352941176470588,0.0,No
PRV57361,60,18790,313.1666666666667,2.5166666666666666,0.0,32,6,0.1,4.316666666666666,0.0,No
PRV57364,10,42650,4265.0,1.4,4.666666666666667,9,6,0.0,5.0,0.3,No
PRV57365,183,57260,312.89617486338796,2.1311475409836067,0.0,84,10,0.16393442622950818,4.103825136612022,0.0,No
PRV57366,12,4960,413.3333333333333,0.0,0.0,7,6,0.0,5.083333333333333,0.0,No
PRV57367,11,8070,733.6363636363636,1.9090909090909092,0.0,8,4,0.09090909090909091,4.363636363636363,0.0,No
PRV57368,22,3500,159.0909090909091,0.0,0.0,22,4,0.09090909090909091,3.5,0.0,No
PRV57369,28,119350,4262.5,1.9285714285714286,4.7272727272727275,27,18,0.10714285714285714,4.285714285714286,0.39285714285714285,No
PRV57372,32,123750,3867.1875,3.96875,6.266666666666667,28,7,0.375,5.09375,0.46875,No
PRV57375,81,72220,891.604938271605,1.4074074074074074,3.6666666666666665,35,10,0.04938271604938271,4.91358024691358,0.07407407407407407,No
PRV57376,20,5060,253.0,0.6,0.0,18,7,0.2,4.45,0.0,No
PRV57378,35,6780,193.71428571428572,1.0571428571428572,0.0,29,11,0.0,4.571428571428571,0.0,No
PRV57379,28,56380,2013.5714285714287,3.5357142857142856,7.666666666666667,26,11,0.17857142857142858,4.428571428571429,0.10714285714285714,No
PRV57380,87,22880,262.98850574712645,1.3333333333333333,0.0,64,7,0.12643678160919541,4.540229885057471,0.0,No
PRV57381,49,18640,380.40816326530614,3.0816326530612246,0.0,12,2,0.22448979591836735,4.387755102040816,0.0,No
PRV57382,79,99810,1263.4177215189873,1.0759493670886076,7.6,45,17,0.06329113924050633,3.9746835443037973,0.06329113924050633,No
PRV57385,90,21930,243.66666666666666,0.6222222222222222,0.0,41,2,0.16666666666666666,4.188888888888889,0.0,No
PRV57388,9,1660,184.44444444444446,2.3333333333333335,0.0,7,3,0.1111111111111111,3.888888888888889,0.0,No
PRV57390,55,10840,197.0909090909091,0.16363636363636364,0.0,42,1,0.21818181818181817,4.2,0.0,No
PRV57391,19,4780,251.57894736842104,1.3157894736842106,0.0,13,1,0.2631578947368421,4.631578947368421,0.0,No
PRV57394,16,6630,414.375,3.8125,0.0,15,5,0.0625,3.625,0.0,No
PRV57400,8,67000,8375.0,4.125,4.125,6,3,0.125,6.125,1.0,No
PRV57401,8,65000,8125.0,6.0,6.0,8,1,0.875,5.125,1.0,No
PRV57403,15,172000,11466.666666666666,7.466666666666667,7.466666666666667,13,5,0.4,5.4,1.0,No
PRV57404,46,74250,1614.1304347826087,1.673913043478261,8.11111111111111,43,28,0.08695652173913043,4.391304347826087,0.1956521739130435,No
PRV57405,32,5690,177.8125,0.9375,0.0,27,23,0.15625,4.09375,0.0,No
PRV57406,68,505460,7433.235294117647,3.6323529411764706,4.6521739130434785,58,18,0.014705882352941176,5.3088235294117645,0.6764705882352942,No
PRV57407,217,62860,289.6774193548387,1.8709677419354838,0.0,103,18,0.09216589861751152,4.350230414746544,0.0,No
PRV57408,55,8650,157.27272727272728,0.6363636363636364,0.0,50,42,0.09090909090909091,4.6,0.0,No
PRV57409,71,218620,3079.154929577465,3.140845070422535,5.958333333333333,64,40,0.1267605633802817,4.267605633802817,0.3380281690140845,Yes
PRV57410,241,57710,239.46058091286307,1.1369294605809128,0.0,125,20,0.12863070539419086,4.452282157676349,0.0,No
PRV57411,29,8560,295.17241379310343,2.103448275862069,0.0,27,22,0.06896551724137931,4.068965517241379,0.0,No
PRV57412,298,150380,504.6308724832215,1.74496644295302,4.888888888888889,107,34,0.12416107382550336,4.295302013422819,0.030201342281879196,No
PRV57413,52,18030,346.7307692307692,0.5384615384615384,0.0,31,4,0.17307692307692307,4.596153846153846,0.0,No
PRV57414,28,215460,7695.0,4.571428571428571,6.0,25,19,0.0,5.428571428571429,0.6428571428571429,No
PRV57415,86,39090,454.5348837209302,2.4069767441860463,0.0,41,9,0.19767441860465115,4.651162790697675,0.0,No
PRV57417,9,2620,291.1111111111111,0.0,0.0,9,6,0.2222222222222222,3.6666666666666665,0.0,No
PRV57419,17,4900,288.2352941176471,1.1764705882352942,0.0,17,8,0.17647058823529413,4.176470588235294,0.0,No
PRV57421,35,8080,230.85714285714286,0.9714285714285714,0.0,33,22,0.05714285714285714,5.228571428571429,0.0,No
PRV57422,104,33620,323.2692307692308,1.2596153846153846,0.0,60,10,0.08653846153846154,4.240384615384615,0.0,No
PRV57423,47,21380,454.8936170212766,3.5106382978723403,0.0,41,21,0.0851063829787234,4.0638297872340425,0.0,No
PRV57424,38,11890,312.89473684210526,3.210526315789474,0.0,28,15,0.18421052631578946,4.657894736842105,0.0,No
PRV57425,124,345720,2788.064516129032,2.75,5.46875,101,40,0.12903225806451613,4.879032258064516,0.25806451612903225,Yes
PRV57426,60,16240,270.6666666666667,0.36666666666666664,0.0,33,19,0.06666666666666667,4.666666666666667,0.0,No
PRV57427,30,113590,3786.3333333333335,3.1,5.214285714285714,27,18,0.13333333333333333,5.3,0.4666666666666667,No
PRV57429,154,41490,269.4155844155844,1.7792207792207793,0.0,80,44,0.11038961038961038,4.896103896103896,0.0,No
PRV57431,24,13600,566.6666666666666,1.7083333333333333,0.0,19,8,0.125,4.291666666666667,0.0,No
PRV57432,48,13420,279.5833333333333,1.7708333333333333,0.0,41,30,0.0625,4.25,0.0,No
PRV57433,70,141500,2021.4285714285713,1.4714285714285715,4.9375,63,46,0.02857142857142857,4.142857142857143,0.22857142857142856,No
PRV57434,316,83990,265.7911392405063,1.3227848101265822,0.0,151,10,0.0981012658227848,4.379746835443038,0.0,No
PRV57435,25,4860,194.4,1.84,0.0,21,16,0.04,4.12,0.0,No
PRV57436,41,10950,267.0731707317073,1.0,0.0,32,23,0.14634146341463414,3.6341463414634148,0.0,No
PRV57437,27,63170,2339.6296296296296,1.4074074074074074,6.333333333333333,27,18,0.037037037037037035,4.888888888888889,0.2222222222222222,No
PRV57438,14,24180,1727.142857142857,2.7857142857142856,4.5,11,5,0.35714285714285715,4.714285714285714,0.2857142857142857,No
PRV57441,74,26660,360.27027027027026,1.6756756756756757,0.0,39,7,0.1891891891891892,5.054054054054054,0.0,No
PRV57443,52,33790,649.8076923076923,1.0,0.0,22,8,0.21153846153846154,4.230769230769231,0.0,No
PRV57444,13,7550,580.7692307692307,2.3846153846153846,0.0,13,8,0.0,3.6923076923076925,0.0,No
PRV57445,30,22150,738.3333333333334,0.9,0.5,20,8,0.1,3.7333333333333334,0.06666666666666667,No
PRV57446,8,5600,700.0,5.0,0.0,7,3,0.125,5.75,0.0,No
PRV57447,9,4240,471.1111111111111,5.222222222222222,0.0,9,6,0.1111111111111111,4.555555555555555,0.0,No
PRV57448,205,51920,253.26829268292684,1.424390243902439,0.0,113,23,0.18536585365853658,4.321951219512195,0.0,No
PRV57449,103,28380,275.5339805825243,1.5533980582524272,0.0,57,17,0.1262135922330097,3.8446601941747574,0.0,No
PRV57450,11,4750,431.8181818181818,2.0,0.0,11,5,0.2727272727272727,4.454545454545454,0.0,No
PRV57453,17,2850,167.64705882352942,0.058823529411764705,0.0,15,5,0.17647058823529413,4.235294117647059,0.0,No
PRV57454,42,5610,133.57142857142858,0.8095238095238095,0.0,29,2,0.11904761904761904,3.3333333333333335,0.0,No
PRV57456,16,2350,146.875,0.5625,0.0,15,5,0.1875,3.8125,0.0,No
PRV57459,11,4600,418.1818181818182,0.09090909090909091,0.0,9,1,0.18181818181818182,5.545454545454546,0.0,No
PRV57460,36,7840,217.77777777777777,0.5555555555555556,0.0,28,3,0.1388888888888889,4.666666666666667,0.0,No
PRV57462,10,1560,156.0,4.0,0.0,10,3,0.2,4.1,0.0,No
PRV57463,28,7410,264.64285714285717,0.10714285714285714,0.0,26,3,0.32142857142857145,4.357142857142857,0.0,No
PRV57465,22,2730,124.0909090909091,0.9545454545454546,0.0,19,2,0.09090909090909091,3.6818181818181817,0.0,No
PRV57468,12,2300,191.66666666666666,0.16666666666666666,0.0,8,2,0.3333333333333333,5.5,0.0,No
PRV57469,58,22050,380.17241379310343,1.0517241379310345,0.0,37,1,0.13793103448275862,4.327586206896552,0.0,No
PRV57470,12,1610,134.16666666666666,2.0,0.0,11,4,0.16666666666666666,3.0833333333333335,0.0,No
PRV57475,23,9340,406.0869565217391,2.6956521739130435,0.0,16,1,0.17391304347826086,5.956521739130435,0.0,No
PRV57476,145,47070,324.62068965517244,1.2,0.0,56,3,0.1310344827586207,4.124137931034483,0.0,No
PRV57477,85,22740,267.52941176470586,1.6705882352941177,0.0,42,1,0.17647058823529413,4.270588235294118,0.0,No
PRV57479,19,7220,380.0,1.4210526315789473,0.0,17,2,0.15789473684210525,4.526315789473684,0.0,No
PRV57481,62,776000,12516.129032258064,6.435483870967742,6.435483870967742,52,5,0.12903225806451613,5.596774193548387,1.0,Yes
PRV57484,9,1090,121.11111111111111,2.2222222222222223,0.0,6,1,0.2222222222222222,5.888888888888889,0.0,No
PRV57485,10,1670,167.0,2.0,0.0,10,1,0.0,3.9,0.0,No
PRV57486,35,4430,126.57142857142857,1.1714285714285715,0.0,19,1,0.14285714285714285,3.6857142857142855,0.0,No
PRV57487,15,140000,9333.333333333334,7.933333333333334,7.933333333333334,14,1,0.6666666666666666,4.933333333333334,1.0,No
PRV57489,17,182000,10705.882352941177,6.176470588235294,6.176470588235294,17,6,0.29411764705882354,4.588235294117647,1.0,No
PRV57490,21,201200,9580.952380952382,4.761904761904762,4.761904761904762,19,1,0.6190476190476191,5.761904761904762,1.0,No
PRV57491,116,30830,265.7758620689655,1.456896551724138,0.0,62,28,0.0603448275862069,4.474137931034483,0.0,No
PRV57492,117,348030,2974.6153846153848,2.3675213675213675,4.638888888888889,95,62,0.05128205128205128,4.547008547008547,0.3076923076923077,No
PRV57495,113,400530,3544.5132743362833,2.3008849557522124,6.0,99,65,0.035398230088495575,4.495575221238938,0.3274336283185841,Yes
PRV57496,38,7750,203.94736842105263,0.5526315789473685,0.0,36,21,0.18421052631578946,4.131578947368421,0.0,No
PRV57499,18,8940,496.6666666666667,0.05555555555555555,0.0,18,13,0.0,4.722222222222222,0.0,No
PRV57500,79,26090,330.253164556962,0.7848101265822784,0.0,78,44,0.02531645569620253,4.3164556962025316,0.0,No
PRV57501,64,11740,183.4375,0.265625,0.0,63,29,0.09375,3.984375,0.0,No
PRV57502,260,1197550,4605.961538461538,2.9307692307692306,5.157894736842105,235,75,0.08461538461538462,4.819230769230769,0.43846153846153846,Yes
PRV57504,28,5910,211.07142857142858,1.25,0.0,28,12,0.07142857142857142,4.75,0.0,No
PRV57507,112,26740,238.75,1.0982142857142858,0.0,96,45,0.08928571428571429,4.5625,0.0,No
PRV57509,58,11690,201.55172413793105,0.9827586206896551,0.0,53,26,0.034482758620689655,4.206896551724138,0.0,No
PRV57510,247,486990,1971.6194331983806,2.3643724696356276,5.4186046511627906,214,96,0.004048582995951417,4.218623481781377,0.17408906882591094,No
PRV57512,108,24330,225.27777777777777,1.3425925925925926,0.0,84,28,0.07407407407407407,4.194444444444445,0.0,No
PRV57514,51,15030,294.70588235294116,1.8235294117647058,0.0,44,28,0.0196078431372549,4.0,0.0,No
PRV57515,88,167970,1908.75,2.272727272727273,5.157894736842105,80,58,0.022727272727272728,4.829545454545454,0.2159090909090909,No
PRV57516,10,2290,229.0,0.8,0.0,10,9,0.0,4.3,0.0,No
PRV57517,60,20230,337.1666666666667,1.2166666666666666,0.0,56,33,0.1,4.45,0.0,No
PRV57518,97,68130,702.3711340206186,1.0515463917525774,3.5,47,21,0.08247422680412371,4.690721649484536,0.020618556701030927,No
PRV57519,157,143280,912.6114649681529,1.9681528662420382,4.833333333333333,142,79,0.08280254777070063,4.1528662420382165,0.07643312101910828,No
PRV57520,23,5740,249.56521739130434,0.6521739130434783,0.0,23,16,0.0,4.826086956521739,0.0,No
PRV57521,111,121150,1091.4414414414414,2.135135135135135,9.083333333333334,105,59,0.12612612612612611,4.1891891891891895,0.10810810810810811,No
PRV57522,40,8310,207.75,0.9,0.0,40,21,0.025,4.225,0.0,No
PRV57523,151,169960,1125.5629139072848,2.172185430463576,7.066666666666666,129,56,0.08609271523178808,4.231788079470198,0.09933774834437085,No
PRV57525,107,213820,1998.3177570093458,2.1401869158878504,5.428571428571429,78,52,0.08411214953271028,4.925233644859813,0.19626168224299065,Yes
PRV57526,202,109310,541.1386138613861,1.7326732673267327,1.0,154,45,0.13861386138613863,4.396039603960396,0.009900990099009901,No
PRV57527,165,665500,4033.3333333333335,3.187878787878788,6.490196078431373,135,33,0.08484848484848485,4.648484848484848,0.3090909090909091,Yes
PRV57528,401,201020,501.29675810473816,1.7556109725685785,4.615384615384615,345,157,0.09226932668329177,4.531172069825437,0.032418952618453865,Yes
PRV57529,295,75340,255.38983050847457,1.7152542372881356,0.0,188,50,0.0576271186440678,3.922033898305085,0.0,No
PRV57530,478,505590,1057.7196652719665,1.5564853556485356,5.653846153846154,391,194,0.09832635983263599,4.447698744769874,0.1087866108786611,No
PRV57531,68,16630,244.55882352941177,0.8382352941176471,0.0,43,18,0.08823529411764706,4.794117647058823,0.0,No
PRV57532,351,111560,317.83475783475785,2.111111111111111,0.0,157,3,0.15384615384615385,4.262108262108262,0.0,No
PRV57533,108,299560,2773.703703703704,2.1574074074074074,6.590909090909091,83,30,0.046296296296296294,4.944444444444445,0.2037037037037037,No
PRV57534,152,38820,255.39473684210526,1.9078947368421053,0.0,117,37,0.09868421052631579,4.4868421052631575,0.0,No
PRV57536,79,18560,234.9367088607595,1.5443037974683544,0.0,71,33,0.02531645569620253,4.89873417721519,0.0,No
PRV57539,33,10630,322.1212121212121,0.9393939393939394,0.0,32,12,0.24242424242424243,4.303030303030303,0.0,No
PRV57540,39,7460,191.28205128205127,1.6666666666666667,0.0,32,20,0.1282051282051282,3.6923076923076925,0.0,No
PRV57541,31,9750,314.51612903225805,0.3225806451612903,0.0,24,23,0.0,4.451612903225806,0.0,No
PRV57542,37,5330,144.05405405405406,1.7297297297297298,0.0,35,18,0.13513513513513514,4.72972972972973,0.0,No
PRV57543,354,516360,1458.6440677966102,1.689265536723164,5.021739130434782,327,170,0.14124293785310735,4.361581920903955,0.12994350282485875,Yes
PRV57544,52,10340,198.84615384615384,0.6923076923076923,0.0,47,28,0.07692307692307693,4.038461538461538,0.0,No
PRV57545,61,40430,662.7868852459017,0.8688524590163934,4.0,54,26,0.13114754098360656,4.508196721311475,0.01639344262295082,No
PRV57546,18,5310,295.0,1.2777777777777777,0.0,18,14,0.16666666666666666,4.833333333333333,0.0,No
PRV57547,86,234080,2721.860465116279,3.441860465116279,7.611111111111111,79,46,0.10465116279069768,4.372093023255814,0.20930232558139536,Yes
PRV57548,210,1069050,5090.714285714285,3.3190476190476192,5.710280373831775,180,50,0.14285714285714285,5.214285714285714,0.5095238095238095,Yes
PRV57549,518,161160,311.11969111969114,1.223938223938224,0.0,324,4,0.10424710424710425,4.223938223938224,0.0,No
PRV57550,29,6070,209.31034482758622,1.0344827586206897,0.0,22,13,0.10344827586206896,4.103448275862069,0.0,No
PRV57551,132,42330,320.6818181818182,2.257575757575758,0.0,100,54,0.07575757575757576,4.71969696969697,0.0,No
PRV57552,11,2340,212.72727272727272,1.8181818181818181,0.0,11,4,0.09090909090909091,4.909090909090909,0.0,No
PRV57553,21,8460,402.85714285714283,3.0952380952380953,0.0,20,13,0.0,4.9523809523809526,0.0,No
PRV57555,42,330780,7875.714285714285,2.880952380952381,4.222222222222222,39,21,0.11904761904761904,5.166666666666667,0.6428571428571429,No
PRV57557,97,20700,213.4020618556701,1.2164948453608246,0.0,39,11,0.09278350515463918,4.484536082474227,0.0,No
PRV57558,57,91590,1606.842105263158,2.508771929824561,4.125,40,15,0.07017543859649122,4.649122807017544,0.14035087719298245,No
PRV57561,17,16810,988.8235294117648,3.3529411764705883,6.0,17,7,0.17647058823529413,5.0,0.058823529411764705,No
PRV57567,12,112290,9357.5,4.75,8.142857142857142,11,7,0.0,5.083333333333333,0.5833333333333334,No
PRV57568,47,120350,2560.6382978723404,2.297872340425532,3.2222222222222223,46,19,0.1276595744680851,4.723404255319149,0.3829787234042553,No
PRV57569,73,57940,793.6986301369863,3.0273972602739727,8.2,62,30,0.0410958904109589,4.698630136986301,0.0684931506849315,Yes
PRV57572,265,80050,302.07547169811323,1.2226415094339622,0.0,207,50,0.07924528301886792,4.464150943396226,0.0,No
PRV57573,33,6180,187.27272727272728,2.272727272727273,0.0,16,13,0.06060606060606061,3.787878787878788,0.0,No
PRV57574,58,19640,338.62068965517244,1.4655172413793103,0.0,48,15,0.2413793103448276,3.8620689655172415,0.0,No
PRV57575,24,5970,248.75,0.8333333333333334,0.0,13,9,0.041666666666666664,3.5416666666666665,0.0,No
PRV57576,22,4320,196.36363636363637,0.045454545454545456,0.0,21,10,0.045454545454545456,4.318181818181818,0.0,No
PRV57577,73,29810,408.35616438356163,2.684931506849315,0.0,36,2,0.1506849315068493,4.821917808219178,0.0,No
PRV57580,134,24650,183.955223880597,1.126865671641791,0.0,83,3,0.1044776119402985,4.029850746268656,0.0,No
PRV57581,15,2370,158.0,1.3333333333333333,0.0,15,9,0.2,4.0,0.0,No
PRV57583,14,3080,220.0,1.4285714285714286,0.0,12,6,0.07142857142857142,3.857142857142857,0.0,No
PRV57584,43,28760,668.8372093023256,0.6511627906976745,2.6666666666666665,25,8,0.0,2.9069767441860463,0.06976744186046512,No
PRV57585,140,44220,315.85714285714283,1.5857142857142856,0.0,71,6,0.16428571428571428,4.785714285714286,0.0,No
PRV57586,144,49710,345.2083333333333,3.1805555555555554,0.0,51,5,0.1736111111111111,4.215277777777778,0.0,No
PRV57590,76,33520,441.05263157894734,1.8421052631578947,4.666666666666667,60,21,0.13157894736842105,4.2631578947368425,0.039473684210526314,No
PRV57592,79,16880,213.67088607594937,1.1898734177215189,0.0,64,11,0.08860759493670886,4.6075949367088604,0.0,No
PRV57593,26,84910,3265.769230769231,3.1538461538461537,5.166666666666667,21,16,0.19230769230769232,4.423076923076923,0.23076923076923078,No
PRV57594,14,6300,450.0,0.8571428571428571,5.0,14,7,0.14285714285714285,4.071428571428571,0.07142857142857142,No
PRV57595,56,10250,183.03571428571428,1.2857142857142858,0.0,24,14,0.07142857142857142,4.428571428571429,0.0,No
PRV57596,160,38040,237.75,1.075,0.0,75,13,0.1125,4.925,0.0,No
PRV57597,227,47000,207.04845814977975,1.1762114537444934,0.0,107,13,0.11894273127753303,4.8766519823788546,0.0,No
PRV57598,23,2890,125.65217391304348,0.6521739130434783,0.0,23,15,0.043478260869565216,3.5652173913043477,0.0,No
PRV57600,51,75000,1470.5882352941176,1.5098039215686274,4.333333333333333,46,15,0.13725490196078433,4.176470588235294,0.17647058823529413,No
PRV57601,62,21020,339.03225806451616,1.6774193548387097,0.0,48,10,0.08064516129032258,4.080645161290323,0.0,No
PRV57602,38,8970,236.05263157894737,1.368421052631579,0.0,30,7,0.0,4.657894736842105,0.0,No
PRV57603,169,49340,291.9526627218935,0.6331360946745562,0.0,76,12,0.1301775147928994,3.591715976331361,0.0,No
PRV57605,134,35590,265.5970149253731,1.462686567164179,0.0,91,25,0.06716417910447761,4.7164179104477615,0.0,No
PRV57610,32,7500,234.375,0.71875,0.0,16,7,0.09375,4.28125,0.0,No
PRV57611,134,38520,287.46268656716416,0.746268656716418,0.0,74,13,0.09701492537313433,4.186567164179104,0.0,No
PRV57618,220,55280,251.27272727272728,1.0818181818181818,0.0,95,2,0.1590909090909091,3.9318181818181817,0.0,No
PRV57619,21,2520,120.0,2.0,0.0,18,2,0.047619047619047616,5.571428571428571,0.0,No
PRV57624,41,6930,169.02439024390245,0.975609756097561,0.0,26,2,0.17073170731707318,5.0,0.0,No
PRV57625,44,7340,166.8181818181818,2.6363636363636362,0.0,21,1,0.13636363636363635,4.818181818181818,0.0,No
PRV57627,28,10360,370.0,0.14285714285714285,0.0,28,1,0.10714285714285714,3.5,0.0,No
PRV57629,10,122300,12230.0,5.9,5.9,9,1,0.0,5.7,1.0,No
PRV57630,8,52000,6500.0,6.875,6.875,8,1,0.375,4.625,1.0,No
PRV57631,18,227000,12611.111111111111,5.388888888888889,5.388888888888889,17,1,0.16666666666666666,5.555555555555555,1.0,Yes
PRV57634,8,58000,7250.0,4.25,4.25,8,3,0.25,5.625,1.0,No
PRV57635,18,275000,15277.777777777777,4.388888888888889,4.388888888888889,16,2,0.0,6.166666666666667,1.0,No
PRV57638,9,72400,8044.444444444444,4.444444444444445,4.444444444444445,8,3,0.4444444444444444,6.0,1.0,No
PRV57639,17,4890,287.6470588235294,2.235294117647059,0.0,14,3,0.058823529411764705,4.823529411764706,0.0,No
PRV57640,15,48130,3208.6666666666665,4.533333333333333,9.6,14,11,0.06666666666666667,4.466666666666667,0.3333333333333333,No
PRV57641,61,29470,483.11475409836066,2.5081967213114753,4.0,25,17,0.06557377049180328,3.540983606557377,0.04918032786885246,No
PRV57642,220,321470,1461.2272727272727,1.5136363636363637,6.3478260869565215,108,47,0.06818181818181818,4.159090909090909,0.10454545454545454,Yes
PRV57643,109,78870,723.5779816513761,1.724770642201835,3.7142857142857144,31,11,0.10091743119266056,4.4036697247706424,0.06422018348623854,No
PRV57646,25,8570,342.8,0.68,0.0,11,7,0.04,2.12,0.0,No
PRV57647,46,8530,185.43478260869566,0.43478260869565216,0.0,16,19,0.043478260869565216,4.021739130434782,0.0,No
PRV57650,36,14210,394.72222222222223,1.1666666666666667,5.0,10,3,0.1388888888888889,4.694444444444445,0.027777777777777776,No
PRV57651,22,3180,144.54545454545453,0.22727272727272727,0.0,14,7,0.045454545454545456,3.6363636363636362,0.0,No
PRV57652,15,4900,326.6666666666667,2.1333333333333333,0.0,6,4,0.06666666666666667,5.133333333333334,0.0,No
PRV57653,82,15920,194.14634146341464,1.5609756097560976,0.0,46,13,0.04878048780487805,3.2560975609756095,0.0,No
PRV57654,72,16670,231.52777777777777,1.2222222222222223,0.0,24,9,0.1388888888888889,3.1805555555555554,0.0,No
PRV57657,54,15930,295.0,1.1666666666666667,0.0,20,9,0.1111111111111111,4.296296296296297,0.0,No
PRV57658,51,16170,317.05882352941177,1.7647058823529411,0.0,37,5,0.1568627450980392,3.7254901960784315,0.0,No
PRV57668,23,6570,285.6521739130435,0.8695652173913043,0.0,19,2,0.08695652173913043,5.3478260869565215,0.0,No
PRV57672,425,118190,278.09411764705885,1.2423529411764707,0.0,342,1,0.1811764705882353,4.178823529411765,0.0,Yes
PRV57673,217,51690,238.20276497695852,0.8986175115207373,0.0,125,1,0.11059907834101383,4.341013824884793,0.0,No
PRV57674,413,133220,322.5665859564165,1.4043583535108959,0.0,158,3,0.14285714285714285,4.762711864406779,0.0,No
PRV57676,15,3180,212.0,3.066666666666667,0.0,15,5,0.0,4.666666666666667,0.0,No
PRV57677,226,73900,326.9911504424779,1.1150442477876106,0.0,206,1,0.17699115044247787,4.438053097345133,0.0,No
PRV57678,9,3970,441.1111111111111,0.1111111111111111,0.0,9,2,0.2222222222222222,4.555555555555555,0.0,No
PRV57680,19,9360,492.63157894736844,2.263157894736842,0.0,18,2,0.3684210526315789,4.052631578947368,0.0,No
PRV57683,15,7150,476.6666666666667,1.4666666666666666,0.0,14,2,0.0,4.866666666666666,0.0,No
PRV57684,65,21110,324.7692307692308,0.47692307692307695,0.0,58,1,0.2,4.076923076923077,0.0,No
PRV57686,23,9110,396.0869565217391,0.8695652173913043,0.0,22,1,0.17391304347826086,3.869565217391304,0.0,No
PRV57688,12,4230,352.5,2.6666666666666665,0.0,12,1,0.3333333333333333,4.333333333333333,0.0,No
PRV57689,53,15380,290.188679245283,1.5660377358490567,0.0,41,5,0.09433962264150944,4.264150943396227,0.0,No
PRV57691,51,11990,235.09803921568627,0.49019607843137253,0.0,20,3,0.13725490196078433,4.254901960784314,0.0,No
PRV57693,133,41250,310.1503759398496,1.6466165413533835,0.0,117,1,0.17293233082706766,4.2330827067669174,0.0,No
PRV57694,18,3150,175.0,1.3333333333333333,0.0,18,2,0.1111111111111111,3.4444444444444446,0.0,No
PRV57697,66,507650,7691.666666666667,4.03030303030303,5.104166666666667,60,17,0.09090909090909091,4.893939393939394,0.7272727272727273,Yes
PRV57702,15,80830,5388.666666666667,6.133333333333334,10.857142857142858,13,9,0.0,4.666666666666667,0.4666666666666667,No
PRV57709,217,441530,2034.700460829493,2.6451612903225805,7.866666666666666,170,27,0.07834101382488479,4.534562211981567,0.1382488479262673,Yes
PRV57710,409,111150,271.76039119804403,1.6772616136919316,0.0,336,11,0.12224938875305623,4.484107579462103,0.0,No
PRV57711,23,156000,6782.608695652174,6.086956521739131,7.368421052631579,23,8,0.13043478260869565,5.869565217391305,0.8260869565217391,No
PRV57712,9,11770,1307.7777777777778,0.8888888888888888,2.0,9,6,0.1111111111111111,4.888888888888889,0.2222222222222222,No
PRV57715,860,688200,800.2325581395348,1.486046511627907,5.333333333333333,387,70,0.1372093023255814,4.398837209302326,0.04883720930232558,No
PRV57716,11,3540,321.8181818181818,5.7272727272727275,0.0,11,7,0.09090909090909091,5.363636363636363,0.0,No
PRV57717,114,197830,1735.3508771929824,2.263157894736842,4.933333333333334,86,13,0.12280701754385964,4.280701754385965,0.13157894736842105,No
PRV57718,161,58290,362.0496894409938,1.8012422360248448,0.0,61,17,0.18012422360248448,4.428571428571429,0.0,No
PRV57719,23,78830,3427.391304347826,2.8260869565217392,13.75,23,19,0.13043478260869565,5.0,0.17391304347826086,No
PRV57720,14,4670,333.57142857142856,1.0,0.0,14,11,0.21428571428571427,5.571428571428571,0.0,No
PRV57722,34,7490,220.2941176470588,0.6176470588235294,0.0,32,20,0.029411764705882353,4.5,0.0,No
PRV57723,20,2590,129.5,0.0,0.0,19,13,0.15,4.35,0.0,No
PRV57727,16,2670,166.875,0.0,0.0,16,13,0.0,4.75,0.0,No
PRV57729,23,114300,4969.565217391304,2.739130434782609,5.545454545454546,22,19,0.08695652173913043,5.826086956521739,0.4782608695652174,No
PRV57730,40,8720,218.0,0.675,0.0,23,10,0.125,4.275,0.0,No
PRV57732,50,88140,1762.8,1.6,5.2727272727272725,46,18,0.14,4.56,0.22,No
PRV57733,45,12480,277.3333333333333,1.2,0.0,25,3,0.13333333333333333,4.688888888888889,0.0,No
PRV57734,19,11010,579.4736842105264,3.1578947368421053,0.0,19,1,0.42105263157894735,4.315789473684211,0.0,No
PRV57736,12,2990,249.16666666666666,1.6666666666666667,0.0,12,1,0.3333333333333333,4.25,0.0,No
PRV57739,11,7020,638.1818181818181,3.272727272727273,0.0,10,1,0.18181818181818182,4.181818181818182,0.0,No
PRV57740,12,5500,458.3333333333333,7.25,0.0,12,3,0.08333333333333333,4.0,0.0,No
PRV57741,15,2290,152.66666666666666,1.0666666666666667,0.0,14,2,0.13333333333333333,3.6666666666666665,0.0,No
PRV57742,8,340,42.5,0.375,0.0,8,5,0.0,4.75,0.0,No
PRV57743,8,4350,543.75,1.625,0.0,8,1,0.0,4.875,0.0,No
PRV57744,19,8510,447.89473684210526,2.3157894736842106,0.0,17,2,0.21052631578947367,4.894736842105263,0.0,No
PRV57746,42,6100,145.23809523809524,1.5714285714285714,0.0,41,1,0.21428571428571427,4.4523809523809526,0.0,No
PRV57748,45,16000,355.55555555555554,1.7555555555555555,0.0,44,2,0.17777777777777778,4.4222222222222225,0.0,No
PRV57756,27,3790,140.37037037037038,0.7777777777777778,0.0,27,3,0.14814814814814814,5.037037037037037,0.0,No
PRV57757,11,109000,9909.09090909091,6.2727272727272725,6.2727272727272725,11,1,0.2727272727272727,6.454545454545454,1.0,No
PRV57759,28,10640,380.0,2.142857142857143,0.0,24,1,0.03571428571428571,5.25,0.0,No
PRV57760,22,4770,216.8181818181818,0.3181818181818182,0.0,9,3,0.2727272727272727,3.5,0.0,No
PRV57761,82,18470,225.2439024390244,1.3902439024390243,0.0,67,2,0.0,4.841463414634147,0.0,No
PRV57763,118,43610,369.5762711864407,1.7203389830508475,0.0,70,1,0.16101694915254236,4.593220338983051,0.0,No
